{
	"credit": "Made with Blockbench",
	"textures": {
		"0": "block/texture",
		"2": "block/texture",
		"particle": "block/texture"
	},
	"elements": [
		{
			"from": [5, 9, -8.5],
			"to": [7.5, 9.75, -0.5],
			"faces": {
				"north": {"uv": [8, 16, 10, 16], "texture": "#0"},
				"east": {"uv": [0, 16, 8, 16], "texture": "#0"},
				"south": {"uv": [18, 16, 20, 16], "texture": "#0"},
				"west": {"uv": [10, 16, 18, 16], "texture": "#0"},
				"up": {"uv": [10, 16, 8, 8], "texture": "#0"},
				"down": {"uv": [12, 8, 10, 16], "texture": "#0"}
			}
		},
		{
			"from": [5.25, 5.5, -8.25],
			"to": [7.25, 9, 4],
			"faces": {
				"north": {"uv": [12, 12, 14, 15], "texture": "#2"},
				"east": {"uv": [0, 12, 12, 15], "texture": "#2"},
				"south": {"uv": [26, 12, 28, 15], "texture": "#2"},
				"west": {"uv": [14, 12, 26, 15], "texture": "#2"},
				"up": {"uv": [14, 12, 12, 0], "texture": "#2"},
				"down": {"uv": [16, 0, 14, 12], "texture": "#2"}
			}
		},
		{
			"from": [5.5, 6.5, -8.45],
			"to": [7, 9.05, -8.2],
			"faces": {
				"north": {"uv": [0, 0.25, 1, 2.25], "texture": "#0"},
				"east": {"uv": [0, 0.25, 0, 2.25], "texture": "#0"},
				"south": {"uv": [1, 0.25, 2, 2.25], "texture": "#0"},
				"west": {"uv": [1, 0.25, 1, 2.25], "texture": "#0"},
				"up": {"uv": [1, 0.25, 0, 0.25], "texture": "#0"},
				"down": {"uv": [2, 0.25, 1, 0.25], "texture": "#0"}
			}
		},
		{
			"from": [5.25, 5.5, -8.5],
			"to": [7.25, 6.5, -8.25],
			"rotation": {"angle": 0, "axis": "y", "origin": [0, 0, 18]},
			"faces": {
				"north": {"uv": [0, 0, 2, 1], "texture": "#0"},
				"east": {"uv": [0, 0, 0, 1], "texture": "#0"},
				"south": {"uv": [2, 0, 4, 1], "texture": "#0"},
				"west": {"uv": [2, 0, 2, 1], "texture": "#0"},
				"up": {"uv": [2, 0, 0, 0], "texture": "#0"},
				"down": {"uv": [4, 0, 2, 0], "texture": "#0"}
			}
		},
		{
			"from": [5.5, 5, -5],
			"to": [7, 6, -3.75],
			"faces": {
				"north": {"uv": [1, 2.25, 2, 3.25], "texture": "#0"},
				"east": {"uv": [0, 2.25, 1, 3.25], "texture": "#0"},
				"south": {"uv": [3, 2.25, 4, 3.25], "texture": "#0"},
				"west": {"uv": [2, 2.25, 3, 3.25], "texture": "#0"},
				"up": {"uv": [2, 2.25, 1, 1.25], "texture": "#0"},
				"down": {"uv": [3, 1.25, 2, 2.25], "texture": "#0"}
			}
		},
		{
			"from": [5, 6.25, -7.5],
			"to": [7.5, 8.25, -6.5],
			"faces": {
				"north": {"uv": [1, 2, 3, 4], "texture": "#0"},
				"east": {"uv": [0, 2, 1, 4], "texture": "#0"},
				"south": {"uv": [4, 2, 6, 4], "texture": "#0"},
				"west": {"uv": [3, 2, 4, 4], "texture": "#0"},
				"up": {"uv": [3, 2, 1, 1], "texture": "#0"},
				"down": {"uv": [5, 1, 3, 2], "texture": "#0"}
			}
		},
		{
			"from": [5, 5, -0.75],
			"to": [7.5, 7, 0.5],
			"faces": {
				"north": {"uv": [1, 2.25, 3, 4.25], "texture": "#0"},
				"east": {"uv": [0, 2.25, 1, 4.25], "texture": "#0"},
				"south": {"uv": [4, 2.25, 6, 4.25], "texture": "#0"},
				"west": {"uv": [3, 2.25, 4, 4.25], "texture": "#0"},
				"up": {"uv": [3, 2.25, 1, 1.25], "texture": "#0"},
				"down": {"uv": [5, 1.25, 3, 2.25], "texture": "#0"}
			}
		},
		{
			"from": [5.25, 9, -0.5],
			"to": [7.25, 9.75, 4],
			"faces": {
				"north": {"uv": [4, 4, 6, 4], "texture": "#0"},
				"east": {"uv": [0, 4, 4, 4], "texture": "#0"},
				"south": {"uv": [10, 4, 12, 4], "texture": "#0"},
				"west": {"uv": [6, 4, 10, 4], "texture": "#0"},
				"up": {"uv": [6, 4, 4, 0], "texture": "#0"},
				"down": {"uv": [8, 0, 6, 4], "texture": "#0"}
			}
		},
		{
			"from": [5.8, 9.6, -0.75],
			"to": [6.55, 10.35, 0],
			"faces": {
				"north": {"uv": [0, 1, 0, 1], "texture": "#0"},
				"east": {"uv": [0, 1, 0, 1], "texture": "#0"},
				"south": {"uv": [0, 1, 0, 1], "texture": "#0"},
				"west": {"uv": [0, 1, 0, 1], "texture": "#0"},
				"up": {"uv": [0, 1, 0, 1], "texture": "#0"},
				"down": {"uv": [0, 1, 0, 1], "texture": "#0"}
			}
		},
		{
			"from": [5.9, 12.2, 5.5],
			"to": [6.65, 12.35, 6.5],
			"faces": {
				"north": {"uv": [1, 2, 1, 2], "texture": "#0"},
				"east": {"uv": [0, 2, 1, 2], "texture": "#0"},
				"south": {"uv": [2, 2, 2, 2], "texture": "#0"},
				"west": {"uv": [1, 2, 2, 2], "texture": "#0"},
				"up": {"uv": [1, 2, 1, 1], "texture": "#0"},
				"down": {"uv": [1, 1, 1, 2], "texture": "#0"}
			}
		},
		{
			"from": [5.1, 5.5, 4],
			"to": [7.4, 9.75, 4.25],
			"rotation": {"angle": 0, "axis": "y", "origin": [0, 0, 19]},
			"faces": {
				"north": {"uv": [0, 0.25, 2, 4.25], "texture": "#0"},
				"east": {"uv": [0, 0.25, 0, 4.25], "texture": "#0"},
				"south": {"uv": [2, 0.25, 4, 4.25], "texture": "#0"},
				"west": {"uv": [2, 0.25, 2, 4.25], "texture": "#0"},
				"up": {"uv": [2, 0.25, 0, 0.25], "texture": "#0"},
				"down": {"uv": [4, 0.25, 2, 0.25], "texture": "#0"}
			}
		},
		{
			"from": [5.1, 7.25, 4.25],
			"to": [7.35, 9.75, 9.5],
			"faces": {
				"north": {"uv": [5, 10.25, 7, 12.25], "texture": "#0"},
				"east": {"uv": [0, 10.25, 5, 12.25], "texture": "#0"},
				"south": {"uv": [12, 10.25, 14, 12.25], "texture": "#0"},
				"west": {"uv": [7, 10.25, 12, 12.25], "texture": "#0"},
				"up": {"uv": [7, 10.25, 5, 5.25], "texture": "#0"},
				"down": {"uv": [9, 5.25, 7, 10.25], "texture": "#0"}
			}
		},
		{
			"from": [5.1, 5.5, 9.5],
			"to": [7.4, 9.25, 10],
			"faces": {
				"north": {"uv": [0, 0.5, 2, 3.5], "texture": "#0"},
				"east": {"uv": [0, 0.5, 0, 3.5], "texture": "#0"},
				"south": {"uv": [2, 0.5, 4, 3.5], "texture": "#0"},
				"west": {"uv": [2, 0.5, 2, 3.5], "texture": "#0"},
				"up": {"uv": [2, 0.5, 0, 0.5], "texture": "#0"},
				"down": {"uv": [4, 0.5, 2, 0.5], "texture": "#0"}
			}
		},
		{
			"from": [5.5, 5.25, 4.25],
			"to": [7, 8.25, 9.5],
			"faces": {
				"north": {"uv": [5, 10.25, 6, 13.25], "texture": "#2"},
				"east": {"uv": [0, 10.25, 5, 13.25], "texture": "#2"},
				"south": {"uv": [11, 10.25, 12, 13.25], "texture": "#2"},
				"west": {"uv": [6, 10.25, 11, 13.25], "texture": "#2"},
				"up": {"uv": [6, 10.25, 5, 5.25], "texture": "#2"},
				"down": {"uv": [7, 5.25, 6, 10.25], "texture": "#2"}
			}
		},
		{
			"from": [5.25, 6, 4.5],
			"to": [7.25, 6.5, 5],
			"faces": {
				"north": {"uv": [0, 0.5, 2, 0.5], "texture": "#0"},
				"east": {"uv": [0, 0.5, 0, 0.5], "texture": "#0"},
				"south": {"uv": [2, 0.5, 4, 0.5], "texture": "#0"},
				"west": {"uv": [2, 0.5, 2, 0.5], "texture": "#0"},
				"up": {"uv": [2, 0.5, 0, 0.5], "texture": "#0"},
				"down": {"uv": [4, 0.5, 2, 0.5], "texture": "#0"}
			}
		},
		{
			"from": [5.25, 2, 5.5],
			"to": [7.2, 2.75, 5.75],
			"rotation": {"angle": -45, "axis": "x", "origin": [10, 3, 0]},
			"faces": {
				"north": {"uv": [0, 0.25, 1, 0.25], "texture": "#2"},
				"east": {"uv": [0, 0.25, 0, 0.25], "texture": "#2"},
				"south": {"uv": [1, 0.25, 2, 0.25], "texture": "#2"},
				"west": {"uv": [1, 0.25, 1, 0.25], "texture": "#2"},
				"up": {"uv": [1, 0.25, 0, 0.25], "texture": "#2"},
				"down": {"uv": [2, 0.25, 1, 0.25], "texture": "#2"}
			}
		},
		{
			"from": [5.75, 4.15, 7.75],
			"to": [6.75, 6.9, 8.25],
			"faces": {
				"north": {"uv": [0, 0.5, 1, 2.5], "texture": "#0"},
				"east": {"uv": [0, 0.5, 0, 2.5], "texture": "#0"},
				"south": {"uv": [1, 0.5, 2, 2.5], "texture": "#0"},
				"west": {"uv": [1, 0.5, 1, 2.5], "texture": "#0"},
				"up": {"uv": [1, 0.5, 0, 0.5], "texture": "#0"},
				"down": {"uv": [2, 0.5, 1, 0.5], "texture": "#0"}
			}
		},
		{
			"from": [5.75, 3, 7.5],
			"to": [6.75, 4.25, 8],
			"rotation": {"angle": 45, "axis": "x", "origin": [6, 4, 8]},
			"faces": {
				"north": {"uv": [0, 0.5, 1, 1.5], "texture": "#0"},
				"east": {"uv": [0, 0.5, 0, 1.5], "texture": "#0"},
				"south": {"uv": [1, 0.5, 2, 1.5], "texture": "#0"},
				"west": {"uv": [1, 0.5, 1, 1.5], "texture": "#0"},
				"up": {"uv": [1, 0.5, 0, 0.5], "texture": "#0"},
				"down": {"uv": [2, 0.5, 1, 0.5], "texture": "#0"}
			}
		},
		{
			"from": [5.75, 4.75, 3.5],
			"to": [6.9, 6, 4.5],
			"rotation": {"angle": 22.5, "axis": "x", "origin": [6, 3, 3]},
			"faces": {
				"north": {"uv": [1, 2, 2, 3], "texture": "#0"},
				"east": {"uv": [0, 2, 1, 3], "texture": "#0"},
				"south": {"uv": [3, 2, 4, 3], "texture": "#0"},
				"west": {"uv": [2, 2, 3, 3], "texture": "#0"},
				"up": {"uv": [2, 2, 1, 1], "texture": "#0"},
				"down": {"uv": [3, 1, 2, 2], "texture": "#0"}
			}
		},
		{
			"from": [5.75, 3.25, 4.75],
			"to": [6.75, 3.75, 7.25],
			"rotation": {"angle": 0, "axis": "x", "origin": [7.5, 3, 8]},
			"faces": {
				"north": {"uv": [2, 4.5, 3, 4.5], "rotation": 180, "texture": "#0"},
				"east": {"uv": [0, 4.5, 2, 4.5], "rotation": 270, "texture": "#0"},
				"south": {"uv": [5, 4.5, 6, 4.5], "texture": "#0"},
				"west": {"uv": [3, 4.5, 5, 4.5], "rotation": 90, "texture": "#0"},
				"up": {"uv": [3, 4.5, 2, 2.5], "rotation": 180, "texture": "#0"},
				"down": {"uv": [4, 2.5, 3, 4.5], "texture": "#0"}
			}
		},
		{
			"from": [5.675, 4, 2],
			"to": [6.975, 6, 3.25],
			"rotation": {"angle": 22.5, "axis": "x", "origin": [6, 0, 0]},
			"faces": {
				"north": {"uv": [1, 2.25, 2, 4.25], "rotation": 180, "texture": "#0"},
				"east": {"uv": [0, 2.25, 1, 4.25], "rotation": 180, "texture": "#0"},
				"south": {"uv": [3, 2.25, 4, 4.25], "rotation": 180, "texture": "#0"},
				"west": {"uv": [2, 2.25, 3, 4.25], "rotation": 180, "texture": "#0"},
				"up": {"uv": [2, 2.25, 1, 1.25], "texture": "#0"},
				"down": {"uv": [3, 1.25, 2, 2.25], "texture": "#0"}
			}
		},
		{
			"from": [5.45, 2, 3.25],
			"to": [7.25, 3, 5],
			"faces": {
				"north": {"uv": [1, 2.75, 2, 3.75], "texture": "#0"},
				"east": {"uv": [0, 2.75, 1, 3.75], "texture": "#0"},
				"south": {"uv": [3, 2.75, 4, 3.75], "texture": "#0"},
				"west": {"uv": [2, 2.75, 3, 3.75], "texture": "#0"},
				"up": {"uv": [2, 2.75, 1, 1.75], "texture": "#0"},
				"down": {"uv": [3, 1.75, 2, 2.75], "texture": "#0"}
			}
		},
		{
			"from": [5.1, 9.25, 9.5],
			"to": [7.35, 9.75, 9.75],
			"faces": {
				"north": {"uv": [0, 0.25, 2, 0.25], "texture": "#0"},
				"east": {"uv": [0, 0.25, 0, 0.25], "texture": "#0"},
				"south": {"uv": [2, 0.25, 4, 0.25], "texture": "#0"},
				"west": {"uv": [2, 0.25, 2, 0.25], "texture": "#0"},
				"up": {"uv": [2, 0.25, 0, 0.25], "texture": "#0"},
				"down": {"uv": [4, 0.25, 2, 0.25], "texture": "#0"}
			}
		},
		{
			"from": [5.1, 5.5, 10],
			"to": [7.4, 8.5, 23.25],
			"rotation": {"angle": 0, "axis": "x", "origin": [1, 6, 19]},
			"faces": {
				"north": {"uv": [13, 26.25, 15, 29.25], "texture": "#2"},
				"east": {"uv": [0, 26.25, 13, 29.25], "texture": "#2"},
				"south": {"uv": [28, 26.25, 30, 29.25], "texture": "#2"},
				"west": {"uv": [15, 26.25, 28, 29.25], "texture": "#2"},
				"up": {"uv": [15, 26.25, 13, 13.25], "texture": "#2"},
				"down": {"uv": [17, 13.25, 15, 26.25], "texture": "#2"}
			}
		},
		{
			"from": [7, 8.5, 9.25],
			"to": [7.5, 9.25, 9.75],
			"faces": {
				"north": {"uv": [0, 0.5, 0, 0.5], "texture": "#0"},
				"east": {"uv": [0, 0.5, 0, 0.5], "texture": "#0"},
				"south": {"uv": [0, 0.5, 0, 0.5], "texture": "#0"},
				"west": {"uv": [0, 0.5, 0, 0.5], "texture": "#0"},
				"up": {"uv": [0, 0.5, 0, 0.5], "texture": "#0"},
				"down": {"uv": [0, 0.5, 0, 0.5], "texture": "#0"}
			}
		},
		{
			"from": [5, 6, 10.75],
			"to": [7.5, 7, 11.75],
			"faces": {
				"north": {"uv": [1, 2, 3, 3], "texture": "#0"},
				"east": {"uv": [0, 2, 1, 3], "texture": "#0"},
				"south": {"uv": [4, 2, 6, 3], "texture": "#0"},
				"west": {"uv": [3, 2, 4, 3], "texture": "#0"},
				"up": {"uv": [3, 2, 1, 1], "texture": "#0"},
				"down": {"uv": [5, 1, 3, 2], "texture": "#0"}
			}
		},
		{
			"from": [6.6, 7, 8.5],
			"to": [7.1, 9, 22.45],
			"faces": {
				"north": {"uv": [13, 26.95, 13, 28.95], "texture": "#2"},
				"east": {"uv": [0, 26.95, 13, 28.95], "texture": "#2"},
				"south": {"uv": [26, 26.95, 26, 28.95], "texture": "#2"},
				"west": {"uv": [13, 26.95, 26, 28.95], "texture": "#2"},
				"up": {"uv": [13, 26.95, 13, 13.95], "texture": "#2"},
				"down": {"uv": [13, 13.95, 13, 26.95], "texture": "#2"}
			}
		},
		{
			"from": [5.35, 8, 9],
			"to": [5.85, 9, 22.45],
			"faces": {
				"north": {"uv": [13, 26.45, 13, 27.45], "texture": "#2"},
				"east": {"uv": [0, 26.45, 13, 27.45], "texture": "#2"},
				"south": {"uv": [26, 26.45, 26, 27.45], "texture": "#2"},
				"west": {"uv": [13, 26.45, 26, 27.45], "texture": "#2"},
				"up": {"uv": [13, 26.45, 13, 13.45], "texture": "#2"},
				"down": {"uv": [13, 13.45, 13, 26.45], "texture": "#2"}
			}
		},
		{
			"from": [6, 7.5, 10],
			"to": [6.4, 9.5, 21.45],
			"faces": {
				"north": {"uv": [11, 22.45, 11, 24.45], "texture": "#0"},
				"east": {"uv": [0, 22.45, 11, 24.45], "texture": "#0"},
				"south": {"uv": [22, 22.45, 22, 24.45], "texture": "#0"},
				"west": {"uv": [11, 22.45, 22, 24.45], "texture": "#0"},
				"up": {"uv": [11, 22.45, 11, 11.45], "texture": "#0"},
				"down": {"uv": [11, 11.45, 11, 22.45], "texture": "#0"}
			}
		},
		{
			"from": [5.6, 6.75, 23.25],
			"to": [6.85, 8, 24.5],
			"faces": {
				"north": {"uv": [1, 1.25, 2, 2.25], "texture": "#0"},
				"east": {"uv": [0, 1.25, 1, 2.25], "texture": "#0"},
				"south": {"uv": [3, 1.25, 4, 2.25], "texture": "#0"},
				"west": {"uv": [2, 1.25, 3, 2.25], "texture": "#0"},
				"up": {"uv": [2, 1.25, 1, 0.25], "texture": "#0"},
				"down": {"uv": [3, 0.25, 2, 1.25], "texture": "#0"}
			}
		},
		{
			"from": [5.6, 6.25, 23.25],
			"to": [6.85, 6.5, 23.75],
			"faces": {
				"north": {"uv": [0, 0.25, 1, 0.25], "texture": "#0"},
				"east": {"uv": [0, 0.25, 0, 0.25], "texture": "#0"},
				"south": {"uv": [1, 0.25, 2, 0.25], "texture": "#0"},
				"west": {"uv": [1, 0.25, 1, 0.25], "texture": "#0"},
				"up": {"uv": [1, 0.25, 0, 0.25], "texture": "#0"},
				"down": {"uv": [2, 0.25, 1, 0.25], "texture": "#0"}
			}
		},
		{
			"from": [4.9, 6, 22],
			"to": [7.5, 8, 22.6],
			"faces": {
				"north": {"uv": [0, 0.6, 2, 2.6], "texture": "#0"},
				"east": {"uv": [0, 0.6, 0, 2.6], "texture": "#0"},
				"south": {"uv": [2, 0.6, 4, 2.6], "texture": "#0"},
				"west": {"uv": [2, 0.6, 2, 2.6], "texture": "#0"},
				"up": {"uv": [2, 0.6, 0, 0.6], "texture": "#0"},
				"down": {"uv": [4, 0.6, 2, 0.6], "texture": "#0"}
			}
		},
		{
			"from": [4.9, 6, 21],
			"to": [7.5, 8, 21.6],
			"faces": {
				"north": {"uv": [0, 0.6, 2, 2.6], "texture": "#0"},
				"east": {"uv": [0, 0.6, 0, 2.6], "texture": "#0"},
				"south": {"uv": [2, 0.6, 4, 2.6], "texture": "#0"},
				"west": {"uv": [2, 0.6, 2, 2.6], "texture": "#0"},
				"up": {"uv": [2, 0.6, 0, 0.6], "texture": "#0"},
				"down": {"uv": [4, 0.6, 2, 0.6], "texture": "#0"}
			}
		},
		{
			"from": [6.7, 9.5, 21],
			"to": [7, 10, 21.75],
			"rotation": {"angle": 22.5, "axis": "x", "origin": [1, 6, 19]},
			"faces": {
				"north": {"uv": [0, 0.75, 0, 0.75], "texture": "#0"},
				"east": {"uv": [0, 0.75, 0, 0.75], "texture": "#0"},
				"south": {"uv": [0, 0.75, 0, 0.75], "texture": "#0"},
				"west": {"uv": [0, 0.75, 0, 0.75], "texture": "#0"},
				"up": {"uv": [0, 0.75, 0, 0.75], "texture": "#0"},
				"down": {"uv": [0, 0.75, 0, 0.75], "texture": "#0"}
			}
		},
		{
			"from": [6.025, 8.25, 21],
			"to": [6.355, 9, 21.75],
			"rotation": {"angle": 0, "axis": "x", "origin": [1, 6, 19]},
			"faces": {
				"north": {"uv": [0, 0.75, 0, 0.75], "texture": "#0"},
				"east": {"uv": [0, 0.75, 0, 0.75], "texture": "#0"},
				"south": {"uv": [0, 0.75, 0, 0.75], "texture": "#0"},
				"west": {"uv": [0, 0.75, 0, 0.75], "texture": "#0"},
				"up": {"uv": [0, 0.75, 0, 0.75], "texture": "#0"},
				"down": {"uv": [0, 0.75, 0, 0.75], "texture": "#0"}
			}
		},
		{
			"from": [5.45, 9.5, 21],
			"to": [5.75, 10, 21.75],
			"rotation": {"angle": 22.5, "axis": "x", "origin": [1, 6, 19]},
			"faces": {
				"north": {"uv": [0, 0.75, 0, 0.75], "texture": "#0"},
				"east": {"uv": [0, 0.75, 0, 0.75], "texture": "#0"},
				"south": {"uv": [0, 0.75, 0, 0.75], "texture": "#0"},
				"west": {"uv": [0, 0.75, 0, 0.75], "texture": "#0"},
				"up": {"uv": [0, 0.75, 0, 0.75], "texture": "#0"},
				"down": {"uv": [0, 0.75, 0, 0.75], "texture": "#0"}
			}
		},
		{
			"from": [5.25, 6.75, 6],
			"to": [7.15, 6.9, 8],
			"faces": {
				"north": {"uv": [2, 4, 3, 4], "texture": "#0"},
				"east": {"uv": [0, 4, 2, 4], "texture": "#0"},
				"south": {"uv": [5, 4, 6, 4], "texture": "#0"},
				"west": {"uv": [3, 4, 5, 4], "texture": "#0"},
				"up": {"uv": [3, 4, 2, 2], "texture": "#0"},
				"down": {"uv": [4, 2, 3, 4], "texture": "#0"}
			}
		},
		{
			"from": [5.25, 6.25, 6],
			"to": [7.15, 6.4, 8],
			"faces": {
				"north": {"uv": [2, 4, 3, 4], "texture": "#0"},
				"east": {"uv": [0, 4, 2, 4], "texture": "#0"},
				"south": {"uv": [5, 4, 6, 4], "texture": "#0"},
				"west": {"uv": [3, 4, 5, 4], "texture": "#0"},
				"up": {"uv": [3, 4, 2, 2], "texture": "#0"},
				"down": {"uv": [4, 2, 3, 4], "texture": "#0"}
			}
		},
		{
			"from": [5.5, 9, 4.5],
			"to": [7, 9.85, 9],
			"faces": {
				"north": {"uv": [4, 8.5, 5, 8.5], "texture": "#0"},
				"east": {"uv": [0, 8.5, 4, 8.5], "texture": "#0"},
				"south": {"uv": [9, 8.5, 10, 8.5], "texture": "#0"},
				"west": {"uv": [5, 8.5, 9, 8.5], "texture": "#0"},
				"up": {"uv": [5, 8.5, 4, 4.5], "texture": "#0"},
				"down": {"uv": [6, 4.5, 5, 8.5], "texture": "#0"}
			}
		},
		{
			"from": [5.5, 9.75, 9],
			"to": [7, 11, 9.15],
			"faces": {
				"north": {"uv": [0, 0.15, 1, 1.15], "texture": "#0"},
				"east": {"uv": [0, 0.15, 0, 1.15], "texture": "#0"},
				"south": {"uv": [1, 0.15, 2, 1.15], "texture": "#0"},
				"west": {"uv": [1, 0.15, 1, 1.15], "texture": "#0"},
				"up": {"uv": [1, 0.15, 0, 0.15], "texture": "#0"},
				"down": {"uv": [2, 0.15, 1, 0.15], "texture": "#0"}
			}
		},
		{
			"from": [5.5, 9.25, 4.5],
			"to": [7, 11, 4.65],
			"faces": {
				"north": {"uv": [0, 0.15, 1, 1.15], "texture": "#0"},
				"east": {"uv": [0, 0.15, 0, 1.15], "texture": "#0"},
				"south": {"uv": [1, 0.15, 2, 1.15], "texture": "#0"},
				"west": {"uv": [1, 0.15, 1, 1.15], "texture": "#0"},
				"up": {"uv": [1, 0.15, 0, 0.15], "texture": "#0"},
				"down": {"uv": [2, 0.15, 1, 0.15], "texture": "#0"}
			}
		},
		{
			"from": [5.5, 11, 2.75],
			"to": [7, 12.25, 11],
			"faces": {
				"north": {"uv": [8, 16.25, 9, 17.25], "texture": "#0"},
				"east": {"uv": [0, 16.25, 8, 17.25], "texture": "#0"},
				"south": {"uv": [17, 16.25, 18, 17.25], "texture": "#0"},
				"west": {"uv": [9, 16.25, 17, 17.25], "texture": "#0"},
				"up": {"uv": [9, 16.25, 8, 8.25], "texture": "#0"},
				"down": {"uv": [10, 8.25, 9, 16.25], "texture": "#0"}
			}
		},
		{
			"from": [5.25, 10.75, 3.5],
			"to": [7.25, 12.5, 3.75],
			"faces": {
				"north": {"uv": [0, 0.25, 2, 1.25], "texture": "#0"},
				"east": {"uv": [0, 0.25, 0, 1.25], "texture": "#0"},
				"south": {"uv": [2, 0.25, 4, 1.25], "texture": "#0"},
				"west": {"uv": [2, 0.25, 2, 1.25], "texture": "#0"},
				"up": {"uv": [2, 0.25, 0, 0.25], "texture": "#0"},
				"down": {"uv": [4, 0.25, 2, 0.25], "texture": "#0"}
			}
		},
		{
			"from": [5.25, 10.75, 4],
			"to": [7.25, 12.5, 4.5],
			"faces": {
				"north": {"uv": [0, 0.5, 2, 1.5], "texture": "#0"},
				"east": {"uv": [0, 0.5, 0, 1.5], "texture": "#0"},
				"south": {"uv": [2, 0.5, 4, 1.5], "texture": "#0"},
				"west": {"uv": [2, 0.5, 2, 1.5], "texture": "#0"},
				"up": {"uv": [2, 0.5, 0, 0.5], "texture": "#0"},
				"down": {"uv": [4, 0.5, 2, 0.5], "texture": "#0"}
			}
		},
		{
			"from": [5.25, 10.75, 10.5],
			"to": [7.25, 12.5, 10.75],
			"faces": {
				"north": {"uv": [0, 0.25, 2, 1.25], "texture": "#0"},
				"east": {"uv": [0, 0.25, 0, 1.25], "texture": "#0"},
				"south": {"uv": [2, 0.25, 4, 1.25], "texture": "#0"},
				"west": {"uv": [2, 0.25, 2, 1.25], "texture": "#0"},
				"up": {"uv": [2, 0.25, 0, 0.25], "texture": "#0"},
				"down": {"uv": [4, 0.25, 2, 0.25], "texture": "#0"}
			}
		},
		{
			"from": [5, 10.5, 3],
			"to": [7.5, 12.75, 3.25],
			"faces": {
				"north": {"uv": [0, 0.25, 2, 2.25], "texture": "#0"},
				"east": {"uv": [0, 0.25, 0, 2.25], "texture": "#0"},
				"south": {"uv": [2, 0.25, 4, 2.25], "texture": "#0"},
				"west": {"uv": [2, 0.25, 2, 2.25], "texture": "#0"},
				"up": {"uv": [2, 0.25, 0, 0.25], "texture": "#0"},
				"down": {"uv": [4, 0.25, 2, 0.25], "texture": "#0"}
			}
		}
	],
	"display": {
		"thirdperson_righthand": {
			"rotation": [-175.94, -0.36, 178.1],
			"translation": [-0.75, 1.5, 1],
			"scale": [0.46438, 0.48, 0.49]
		},
		"thirdperson_lefthand": {
			"rotation": [-175, -0.36, 178.1],
			"translation": [-0.75, 1.5, 1],
			"scale": [0.46438, 0.48, 0.49]
		},
		"firstperson_righthand": {
			"translation": [1.75, 2, 0.25]
		},
		"firstperson_lefthand": {
			"translation": [1.75, 2, 0.25]
		},
		"gui": {
			"rotation": [-100.07, 49.61, 97.89],
			"scale": [0.56055, 0.56055, 0.56055]
		},
		"fixed": {
			"rotation": [-85.92, 52.44, 86.73],
			"translation": [0.75, 0, -2.5],
			"scale": [0.91016, 0.91016, 0.91016]
		}
	}
}