{
	"credit": "Made with Blockbench",
	"textures": {
		"0": "nubx/nulls_light_black",
		"1": "nubx/nulls_light_gray",
		"3": "nubx/nulls_black",
		"particle": "nubx/nulls_light_black"
	},
	"elements": [
		{
			"from": [20, 9, -10.5],
			"to": [20.75, 12, -9.75],
			"rotation": {"angle": -45, "axis": "y", "origin": [0, 0, 0]},
			"faces": {
				"north": {"uv": [0, 0, 0.75, 3], "texture": "#1"},
				"east": {"uv": [0, 0, 0.75, 3], "texture": "#1"},
				"south": {"uv": [0, 0, 0.75, 3], "texture": "#1"},
				"west": {"uv": [0, 0, 0.75, 3], "texture": "#1"},
				"up": {"uv": [0, 0, 0.75, 0.75], "texture": "#1"},
				"down": {"uv": [0, 0, 0.75, 0.75], "texture": "#1"}
			}
		},
		{
			"from": [19.75, 12, -10.75],
			"to": [21, 15, -9.5],
			"rotation": {"angle": -45, "axis": "y", "origin": [0, 0, 0]},
			"faces": {
				"north": {"uv": [0, 0, 1.25, 3], "texture": "#1"},
				"east": {"uv": [0, 0, 1.25, 3], "texture": "#1"},
				"south": {"uv": [0, 0, 1.25, 3], "texture": "#1"},
				"west": {"uv": [0, 0, 1.25, 3], "texture": "#1"},
				"up": {"uv": [0, 0, 1.25, 1.25], "texture": "#1"},
				"down": {"uv": [0, 0, 1.25, 1.25], "texture": "#1"}
			}
		},
		{
			"name": "Barrel",
			"from": [18, 15, -7],
			"to": [24, 17, -5],
			"rotation": {"angle": 45, "axis": "x", "origin": [0, 0, 0]},
			"faces": {
				"north": {"uv": [0, 0, 6, 2], "texture": "#1"},
				"east": {"uv": [0, 0, 2, 2], "texture": "#3"},
				"south": {"uv": [0, 0, 6, 2], "texture": "#1"},
				"west": {"uv": [0, 0, 2, 2], "texture": "#3"},
				"up": {"uv": [0, 0, 6, 2], "texture": "#1"},
				"down": {"uv": [0, 0, 6, 2], "texture": "#1"}
			}
		},
		{
			"from": [18.75, 16.5, 6],
			"to": [19, 19, 8],
			"faces": {
				"north": {"uv": [0, 0, 0.25, 2.5], "texture": "#1"},
				"east": {"uv": [0, 0, 2, 2.5], "texture": "#1"},
				"south": {"uv": [0, 0, 0.25, 2.5], "texture": "#1"},
				"west": {"uv": [0, 0, 2, 2.5], "texture": "#1"},
				"up": {"uv": [0, 0, 0.25, 2], "texture": "#1"},
				"down": {"uv": [0, 0, 0.25, 2], "texture": "#1"}
			}
		},
		{
			"from": [5, 16.5, 6],
			"to": [5.25, 19, 8],
			"faces": {
				"north": {"uv": [0, 0, 0.25, 2.5], "texture": "#1"},
				"east": {"uv": [0, 0, 2, 2.5], "texture": "#1"},
				"south": {"uv": [0, 0, 0.25, 2.5], "texture": "#1"},
				"west": {"uv": [0, 0, 2, 2.5], "texture": "#1"},
				"up": {"uv": [0, 0, 0.25, 2], "texture": "#1"},
				"down": {"uv": [0, 0, 0.25, 2], "texture": "#1"}
			}
		},
		{
			"from": [5, 18.75, 6],
			"to": [19, 19.25, 8],
			"faces": {
				"north": {"uv": [0, 0, 14, 0.5], "texture": "#1"},
				"east": {"uv": [0, 0, 2, 0.5], "texture": "#1"},
				"south": {"uv": [0, 0, 14, 0.5], "texture": "#1"},
				"west": {"uv": [0, 0, 2, 0.5], "texture": "#1"},
				"up": {"uv": [0, 0, 14, 2], "texture": "#1"},
				"down": {"uv": [0, 0, 14, 2], "texture": "#1"}
			}
		},
		{
			"name": "Ammo1",
			"from": [6, 15, -7],
			"to": [18, 17, -5],
			"rotation": {"angle": 45, "axis": "x", "origin": [0, 0, 0]},
			"faces": {
				"north": {"uv": [0, 0, 12, 2], "texture": "#0"},
				"east": {"uv": [0, 0, 2, 2], "texture": "#0"},
				"south": {"uv": [0, 0, 12, 2], "texture": "#0"},
				"west": {"uv": [0, 0, 2, 2], "texture": "#3"},
				"up": {"uv": [0, 0, 12, 2], "texture": "#3"},
				"down": {"uv": [0, 0, 12, 2], "texture": "#0"}
			}
		},
		{
			"name": "Ammo2",
			"from": [6, 11, -3],
			"to": [18, 13, -1],
			"rotation": {"angle": 45, "axis": "x", "origin": [0, 0, 0]},
			"faces": {
				"north": {"uv": [0, 0, 12, 2], "texture": "#0"},
				"east": {"uv": [0, 0, 2, 2], "texture": "#3"},
				"south": {"uv": [0, 0, 12, 2], "texture": "#0"},
				"west": {"uv": [0, 0, 2, 2], "texture": "#3"},
				"up": {"uv": [0, 0, 12, 2], "texture": "#0"},
				"down": {"uv": [0, 0, 12, 2], "texture": "#0"}
			}
		},
		{
			"name": "Ammo3",
			"from": [6, 15, -3],
			"to": [18, 17, -1],
			"rotation": {"angle": 45, "axis": "x", "origin": [0, 0, 0]},
			"faces": {
				"north": {"uv": [0, 0, 12, 2], "texture": "#0"},
				"east": {"uv": [0, 0, 2, 2], "texture": "#3"},
				"south": {"uv": [0, 0, 12, 2], "texture": "#0"},
				"west": {"uv": [0, 0, 2, 2], "texture": "#3"},
				"up": {"uv": [0, 0, 12, 2], "texture": "#0"},
				"down": {"uv": [0, 0, 12, 2], "texture": "#0"}
			}
		},
		{
			"name": "Ammo4",
			"from": [6, 11, -7],
			"to": [18, 13, -5],
			"rotation": {"angle": 45, "axis": "x", "origin": [0, 0, 0]},
			"faces": {
				"north": {"uv": [0, 0, 12, 2], "texture": "#0"},
				"east": {"uv": [0, 0, 2, 2], "texture": "#3"},
				"south": {"uv": [0, 0, 12, 2], "texture": "#0"},
				"west": {"uv": [0, 0, 2, 2], "texture": "#3"},
				"up": {"uv": [0, 0, 12, 2], "texture": "#0"},
				"down": {"uv": [0, 0, 12, 2], "texture": "#0"}
			}
		},
		{
			"name": "Drum",
			"from": [6.25, 10, -8],
			"to": [17.75, 18, 0],
			"rotation": {"angle": 45, "axis": "x", "origin": [0, 0, 0]},
			"faces": {
				"north": {"uv": [0, 0, 11.75, 8], "texture": "#1"},
				"east": {"uv": [7, 7, 15, 15], "texture": "#1"},
				"south": {"uv": [0, 0, 11.75, 8], "texture": "#1"},
				"west": {"uv": [0, 0, 8, 8], "texture": "#1"},
				"up": {"uv": [4, 2, 15.75, 10], "texture": "#1"},
				"down": {"uv": [0, 6, 11.75, 14], "texture": "#1"}
			}
		},
		{
			"from": [-9, 12.75, 6],
			"to": [-2, 14.75, 8.25],
			"rotation": {"angle": 0, "axis": "y", "origin": [0, -0.5, -0.5]},
			"faces": {
				"north": {"uv": [0, 0, 7, 2], "texture": "#1"},
				"east": {"uv": [0, 0, 2.25, 2], "texture": "#1"},
				"south": {"uv": [0, 0, 7, 2], "texture": "#1"},
				"west": {"uv": [0, 0, 2.25, 2], "texture": "#1"},
				"up": {"uv": [0, 0, 7, 2.25], "texture": "#1"},
				"down": {"uv": [0, 0, 7, 2.25], "texture": "#1"}
			}
		},
		{
			"from": [-9, 14.75, -8],
			"to": [1, 17.75, -5],
			"rotation": {"angle": 45, "axis": "x", "origin": [0, -0.5, -0.5]},
			"faces": {
				"north": {"uv": [0, 0, 10, 3], "texture": "#1"},
				"east": {"uv": [0, 0, 3, 3], "texture": "#1"},
				"south": {"uv": [0, 0, 10, 3], "texture": "#1"},
				"west": {"uv": [0, 0, 3, 3], "texture": "#1"},
				"up": {"uv": [0, 0, 10, 3], "texture": "#1"},
				"down": {"uv": [0, 0, 10, 3], "texture": "#1"}
			}
		},
		{
			"from": [-9, 11.5, 6],
			"to": [-6, 13.5, 8],
			"rotation": {"angle": 0, "axis": "y", "origin": [0, -0.5, -0.5]},
			"faces": {
				"north": {"uv": [0, 0, 3, 2], "texture": "#1"},
				"east": {"uv": [0, 0, 2, 2], "texture": "#1"},
				"south": {"uv": [0, 0, 3, 2], "texture": "#1"},
				"west": {"uv": [0, 0, 2, 2], "texture": "#1"},
				"up": {"uv": [0, 0, 3, 2], "texture": "#1"},
				"down": {"uv": [0, 0, 3, 2], "texture": "#1"}
			}
		},
		{
			"name": "stockpart",
			"from": [1, 14.75, -7.25],
			"to": [6, 17.25, -4.75],
			"rotation": {"angle": 45, "axis": "x", "origin": [0, 0, 0]},
			"faces": {
				"north": {"uv": [0, 0, 5, 2.5], "rotation": 180, "texture": "#1"},
				"east": {"uv": [0, 0, 2.5, 2.5], "rotation": 270, "texture": "#1"},
				"south": {"uv": [0, 0, 5, 2.5], "texture": "#1"},
				"west": {"uv": [0, 0, 2.5, 2.5], "rotation": 90, "texture": "#1"},
				"up": {"uv": [0, 0, 5, 2.5], "rotation": 180, "texture": "#1"},
				"down": {"uv": [0, 0, 5, 2.5], "texture": "#1"}
			}
		},
		{
			"name": "hinge",
			"from": [5.75, 10, -8],
			"to": [6.15, 18, 0],
			"rotation": {"angle": 45, "axis": "x", "origin": [0, 0, 0]},
			"faces": {
				"north": {"uv": [8, 16, 8, 24], "texture": "#1"},
				"east": {"uv": [0, 9.75, 6.125, 16], "texture": "#1"},
				"south": {"uv": [16, 16, 16, 24], "texture": "#1"},
				"west": {"uv": [8.375, 6.875, 16, 24], "texture": "#1"},
				"up": {"uv": [13.5, 8, 11.625, 0], "texture": "#1"},
				"down": {"uv": [6.5, 0.125, 4, 8.125], "texture": "#1"}
			}
		},
		{
			"from": [4, 12.25, 6.5],
			"to": [5.75, 13.75, 7.5],
			"rotation": {"angle": 0, "axis": "y", "origin": [2.75, 1.25, -18.25]},
			"faces": {
				"north": {"uv": [0, 0, 1.75, 1.5], "texture": "#1"},
				"east": {"uv": [0, 0, 1, 1.5], "texture": "#1"},
				"south": {"uv": [0, 0, 1.75, 1.5], "texture": "#1"},
				"west": {"uv": [0, 0, 1, 1.5], "texture": "#1"},
				"up": {"uv": [0, 0, 1.75, 1], "texture": "#1"},
				"down": {"uv": [0, 0, 1.75, 1], "texture": "#1"}
			}
		},
		{
			"from": [4.75, 10.25, 6.5],
			"to": [8.75, 12.25, 7.5],
			"rotation": {"angle": 22.5, "axis": "z", "origin": [2.75, 1.25, -18.25]},
			"faces": {
				"north": {"uv": [0, 0, 4, 2], "texture": "#1"},
				"east": {"uv": [0, 0, 1, 2], "texture": "#1"},
				"south": {"uv": [0, 0, 4, 2], "texture": "#1"},
				"west": {"uv": [0, 0, 1, 2], "texture": "#1"},
				"up": {"uv": [0, 0, 4, 1], "texture": "#1"},
				"down": {"uv": [0, 0, 4, 1], "texture": "#1"}
			}
		},
		{
			"from": [0.75, 9.5, 6.75],
			"to": [3.75, 9.75, 7.25],
			"rotation": {"angle": 0, "axis": "y", "origin": [2.75, 1.25, -18.25]},
			"faces": {
				"north": {"uv": [0, 0, 3, 0.25], "texture": "#0"},
				"east": {"uv": [0, 0, 0.5, 0.25], "texture": "#0"},
				"south": {"uv": [0, 0, 3, 0.25], "texture": "#0"},
				"west": {"uv": [0, 0, 0.5, 0.25], "texture": "#0"},
				"up": {"uv": [0, 0, 3, 0.5], "texture": "#0"},
				"down": {"uv": [0, 0, 3, 0.5], "texture": "#0"}
			}
		},
		{
			"from": [-3, 6.5, 6.5],
			"to": [-1.5, 10, 7.5],
			"rotation": {"angle": -22.5, "axis": "z", "origin": [2.75, 1.25, -18.25]},
			"faces": {
				"north": {"uv": [0, 0, 3.5, 1.5], "rotation": 90, "texture": "#1"},
				"east": {"uv": [0, 0, 3.5, 1], "rotation": 270, "texture": "#1"},
				"south": {"uv": [0, 0, 3.5, 1.5], "rotation": 270, "texture": "#1"},
				"west": {"uv": [0, 0, 3.5, 1], "rotation": 270, "texture": "#1"},
				"up": {"uv": [0, 0, 1, 1.5], "rotation": 270, "texture": "#1"},
				"down": {"uv": [0, 0, 1, 1.5], "rotation": 270, "texture": "#1"}
			}
		},
		{
			"from": [6.25, 9.5, 6.75],
			"to": [6.75, 10.25, 7.25],
			"rotation": {"angle": 22.5, "axis": "z", "origin": [2.75, 1.25, -18.25]},
			"faces": {
				"north": {"uv": [0, 0, 0.5, 0.75], "texture": "#0"},
				"east": {"uv": [0, 0, 0.5, 0.75], "texture": "#0"},
				"south": {"uv": [0, 0, 0.5, 0.75], "texture": "#0"},
				"west": {"uv": [0, 0, 0.5, 0.75], "texture": "#0"},
				"up": {"uv": [0, 0, 0.5, 0.5], "texture": "#0"},
				"down": {"uv": [0, 0, 0.5, 0.5], "texture": "#0"}
			}
		},
		{
			"from": [0.25, 9.25, 6.75],
			"to": [0.5, 11.75, 7.25],
			"rotation": {"angle": -22.5, "axis": "z", "origin": [2.75, 1.25, -18.25]},
			"faces": {
				"north": {"uv": [0, 0, 2.5, 0.25], "rotation": 90, "texture": "#0"},
				"east": {"uv": [0, 0, 2.5, 0.5], "rotation": 270, "texture": "#0"},
				"south": {"uv": [0, 0, 2.5, 0.25], "rotation": 270, "texture": "#0"},
				"west": {"uv": [0, 0, 2.5, 0.5], "rotation": 270, "texture": "#0"},
				"up": {"uv": [0, 0, 0.5, 0.25], "rotation": 270, "texture": "#0"},
				"down": {"uv": [0, 0, 0.5, 0.25], "rotation": 270, "texture": "#missing"}
			}
		}
	],
	"display": {
		"thirdperson_righthand": {
			"rotation": [-76.97, 87.05, 78.84],
			"translation": [1.25, -2.75, -1.5],
			"scale": [0.5, 0.5, 0.5]
		},
		"thirdperson_lefthand": {
			"rotation": [-92.95, -83.29, -94.83],
			"translation": [0, -1.75, -1.5],
			"scale": [0.5, 0.5, 0.5]
		},
		"firstperson_righthand": {
			"rotation": [-58.5, 83.13, 61.36],
			"translation": [-1.75, 1.25, 3.75],
			"scale": [0.5, 0.5, 0.5]
		},
		"firstperson_lefthand": {
			"rotation": [164.83, -71.67, 162.34],
			"translation": [-1, 1.25, 3],
			"scale": [0.5, 0.5, 0.5]
		},
		"gui": {
			"rotation": [-167.81, -36.68, -137.34],
			"translation": [-1.75, -2.5, 0],
			"scale": [0.5, 0.5, 0.5]
		},
		"head": {
			"rotation": [0, 90, 0],
			"translation": [1.25, -1, 0]
		},
		"fixed": {
			"rotation": [0, 0, 38.25],
			"translation": [4, -5.5, 0]
		}
	},
	"groups": [
		{
			"name": "Barrel",
			"origin": [0, 0, 0],
			"color": 0,
			"children": [0, 1, 2]
		},
		{
			"name": "group",
			"origin": [0, 0, 0],
			"color": 0,
			"children": [3, 4, 5]
		},
		{
			"name": "AmmoDrum",
			"origin": [0, 0, 0],
			"color": 0,
			"children": [6, 7, 8, 9, 10]
		},
		{
			"name": "Stock",
			"origin": [8, 8, 8],
			"color": 0,
			"children": [11, 12, 13, 14, 15]
		},
		{
			"name": "Trigger",
			"origin": [2.75, 1.25, -18.25],
			"color": 0,
			"children": [16, 17, 18, 19, 20, 21]
		}
	]
}