{
	"parent": "item/handheld",
	"textures": {
		"layer0": "item/stone_sword"
	},
	"overrides": [
		{ "predicate": {"damaged": 0, "damage": 0}, "model": "item/stone_sword"},
		{ "_cmd_": "give @p minecraft:stone_sword 1 1 {Unbreakable:1}","predicate": {"damaged": 0, "damage": 0.007575757575757576}, "model": "item/nubx/weapons/cocopops"},
		{ "_cmd_": "give @p minecraft:stone_sword 1 2 {Unbreakable:1}","predicate": {"damaged": 0, "damage": 0.015151515151515152}, "model": "item/nubx/weapons/cocopops_blue"},
		{ "_cmd_": "give @p minecraft:stone_sword 1 3 {Unbreakable:1}","predicate": {"damaged": 0, "damage": 0.022727272727272728}, "model": "item/nubx/weapons/cocopops_pink"},
		{ "_cmd_": "give @p minecraft:stone_sword 1 4 {Unbreakable:1}","predicate": {"damaged": 0, "damage": 0.030303030303030304}, "model": "item/nubx/weapons/cocopops_red"},
		{ "_cmd_": "give @p minecraft:stone_sword 1 5 {Unbreakable:1}","predicate": {"damaged": 0, "damage": 0.03787878787878788}, "model": "item/nubx/weapons/flashbang"},
		{ "_cmd_": "give @p minecraft:stone_sword 1 6 {Unbreakable:1}","predicate": {"damaged": 0, "damage": 0.045454545454545456}, "model": "item/nubx/weapons/flashbang_blue"},
		{ "_cmd_": "give @p minecraft:stone_sword 1 7 {Unbreakable:1}","predicate": {"damaged": 0, "damage": 0.05303030303030303}, "model": "item/nubx/weapons/flashbang_pink"},
		{ "_cmd_": "give @p minecraft:stone_sword 1 8 {Unbreakable:1}","predicate": {"damaged": 0, "damage": 0.06060606060606061}, "model": "item/nubx/weapons/flashbang_red"},
		{ "_cmd_": "give @p minecraft:stone_sword 1 9 {Unbreakable:1}","predicate": {"damaged": 0, "damage": 0.06818181818181818}, "model": "item/nubx/weapons/grenade"},
		{ "_cmd_": "give @p minecraft:stone_sword 1 10 {Unbreakable:1}","predicate": {"damaged": 0, "damage": 0.07575757575757576}, "model": "item/nubx/weapons/grenade_blue"},
		{ "_cmd_": "give @p minecraft:stone_sword 1 11 {Unbreakable:1}","predicate": {"damaged": 0, "damage": 0.08333333333333334}, "model": "item/nubx/weapons/grenade_pink"},
		{ "_cmd_": "give @p minecraft:stone_sword 1 12 {Unbreakable:1}","predicate": {"damaged": 0, "damage": 0.09090909090909091}, "model": "item/nubx/weapons/grenade_red"},
		{ "_cmd_": "give @p minecraft:stone_sword 1 13 {Unbreakable:1}","predicate": {"damaged": 0, "damage": 0.09848484848484848}, "model": "item/nubx/weapons/putty"},
		{ "_cmd_": "give @p minecraft:stone_sword 1 14 {Unbreakable:1}","predicate": {"damaged": 0, "damage": 0.10606060606060606}, "model": "item/nubx/weapons/putty_blue"},
		{ "_cmd_": "give @p minecraft:stone_sword 1 15 {Unbreakable:1}","predicate": {"damaged": 0, "damage": 0.11363636363636365}, "model": "item/nubx/weapons/putty_pink"},
		{ "_cmd_": "give @p minecraft:stone_sword 1 16 {Unbreakable:1}","predicate": {"damaged": 0, "damage": 0.12121212121212122}, "model": "item/nubx/weapons/putty_red"},
		{ "_cmd_": "give @p minecraft:stone_sword 1 17 {Unbreakable:1}","predicate": {"damaged": 0, "damage": 0.12878787878787878}, "model": "item/nubx/weapons/monkey_bomb"},
		{ "_cmd_": "give @p minecraft:stone_sword 1 18 {Unbreakable:1}","predicate": {"damaged": 0, "damage": 0.13636363636363635}, "model": "item/nubx/weapons/monkey_bomb_blue"},
		{ "_cmd_": "give @p minecraft:stone_sword 1 19 {Unbreakable:1}","predicate": {"damaged": 0, "damage": 0.14393939393939395}, "model": "item/nubx/weapons/monkey_bomb_pink"},
		{ "_cmd_": "give @p minecraft:stone_sword 1 20 {Unbreakable:1}","predicate": {"damaged": 0, "damage": 0.15151515151515152}, "model": "item/nubx/weapons/monkey_bomb_red"},
		{ "_cmd_": "give @p minecraft:stone_sword 1 21 {Unbreakable:1}","predicate": {"damaged": 0, "damage": 0.1590909090909091}, "model": "item/nubx/csp_gui/green_x"},
		{ "_cmd_": "give @p minecraft:stone_sword 1 22 {Unbreakable:1}","predicate": {"damaged": 0, "damage": 0.16666666666666669}, "model": "item/nubx/csp_gui/red_x"},
		
		{ "predicate": {"damaged": 1, "damage": 0}, "model": "item/stone_sword"}
	]
}