{
	"credit": "Made with Blockbench",
	"textures": {
		"main": "nubx/guns/ak-47_reload"
	},
	"elements": [
		{
			"from": [12, -1.5, 8],
			"to": [14, 3, 10],
			"rotation": {"angle": 22.5, "axis": "z", "origin": [0, 0, 0]},
			"faces": {
				"north": {"uv": [0, 0, 0.0625, 0.14063], "texture": "#main"},
				"east": {"uv": [0, 0, 0.0625, 0.14063], "texture": "#main"},
				"south": {"uv": [0, 0, 0.0625, 0.14063], "texture": "#main"},
				"west": {"uv": [0, 0, 0.0625, 0.14063], "texture": "#main"},
				"up": {"uv": [0, 0, 0.0625, 0.0625], "texture": "#main"},
				"down": {"uv": [0, 0, 0.0625, 0.0625], "texture": "#main"}
			}
		},
		{
			"from": [-0.95142, 6.17892, 8.25],
			"to": [1.54858, 8.67892, 9.75],
			"rotation": {"angle": -45, "axis": "z", "origin": [-2.75142, 2.17892, 0]},
			"faces": {
				"north": {"uv": [0, 4, 0.5, 4.625], "texture": "#main"},
				"east": {"uv": [0, 4, 0.5, 4.625], "texture": "#main"},
				"south": {"uv": [0, 4, 0.5, 4.625], "texture": "#main"},
				"west": {"uv": [0, 4, 0.5, 4.625], "texture": "#main"},
				"up": {"uv": [0, 4, 0.5, 4.5], "texture": "#main"},
				"down": {"uv": [0, 4, 0.5, 4.5], "texture": "#main"}
			}
		},
		{
			"from": [0.06625, -0.21156, 8.25],
			"to": [2.56625, 2.28844, 9.75],
			"rotation": {"angle": 22.5, "axis": "z", "origin": [-2.63375, 2.26344, 0]},
			"faces": {
				"north": {"uv": [0, 4, 0.5, 4.625], "rotation": 270, "texture": "#main"},
				"east": {"uv": [0, 4, 0.5, 4.5], "rotation": 90, "texture": "#main"},
				"south": {"uv": [0, 4, 0.5, 4.625], "rotation": 90, "texture": "#main"},
				"west": {"uv": [0, 4, 0.5, 4.5], "rotation": 90, "texture": "#main"},
				"up": {"uv": [0, 4, 0.5, 4.625], "rotation": 90, "texture": "#main"},
				"down": {"uv": [0, 4, 0.5, 4.625], "rotation": 90, "texture": "#main"}
			}
		},
		{
			"from": [1.25, 6.5, 8.25],
			"to": [3.75, 9, 9.75],
			"rotation": {"angle": -22.5, "axis": "z", "origin": [-2.63375, 2.26344, 0]},
			"faces": {
				"north": {"uv": [0, 4, 0.5, 4.625], "texture": "#main"},
				"east": {"uv": [0, 4, 0.5, 4.625], "texture": "#main"},
				"south": {"uv": [0, 4, 0.5, 4.625], "texture": "#main"},
				"west": {"uv": [0, 4, 0.5, 4.625], "texture": "#main"},
				"up": {"uv": [0, 4, 0.5, 4.5], "texture": "#main"},
				"down": {"uv": [0, 4, 0.5, 4.5], "texture": "#main"}
			}
		},
		{
			"from": [2, 7, 7.6],
			"to": [12, 9, 10.4],
			"faces": {
				"north": {"uv": [4, 0, 4.3125, 0.0625], "texture": "#main"},
				"east": {"uv": [4, 0, 4.09375, 0.0625], "texture": "#main"},
				"south": {"uv": [4, 0, 4.3125, 0.0625], "texture": "#main"},
				"west": {"uv": [4, 0, 4.09375, 0.0625], "texture": "#main"},
				"up": {"uv": [4, 0, 4.3125, 0.09375], "texture": "#main"},
				"down": {"uv": [4, 0, 4.3125, 0.09375], "texture": "#main"}
			}
		},
		{
			"from": [-2, 7, 7.5],
			"to": [2, 9.5, 10.5],
			"faces": {
				"north": {"uv": [0, 0, 0.125, 0.07813], "texture": "#main"},
				"east": {"uv": [0, 0, 0.10938, 0.07813], "texture": "#main"},
				"south": {"uv": [0, 0, 0.125, 0.07813], "texture": "#main"},
				"west": {"uv": [0, 0, 0.10938, 0.07813], "texture": "#main"},
				"up": {"uv": [0, 0, 0.125, 0.10938], "texture": "#main"},
				"down": {"uv": [0, 0, 0.125, 0.10938], "texture": "#main"}
			}
		},
		{
			"from": [-5, 7.5, 7.75],
			"to": [-2, 9.5, 10.25],
			"faces": {
				"north": {"uv": [0, 0, 0.09375, 0.0625], "texture": "#main"},
				"east": {"uv": [0, 0, 0.07813, 0.0625], "texture": "#main"},
				"south": {"uv": [0, 0, 0.09375, 0.0625], "texture": "#main"},
				"west": {"uv": [0, 0, 0.07813, 0.0625], "texture": "#main"},
				"up": {"uv": [0, 0, 0.09375, 0.07813], "texture": "#main"},
				"down": {"uv": [0, 0, 0.09375, 0.07813], "texture": "#main"}
			}
		},
		{
			"from": [-7, 7.5, 7.75],
			"to": [-5, 9.5, 10.25],
			"faces": {
				"north": {"uv": [0, 0, 0.0625, 0.0625], "texture": "#main"},
				"east": {"uv": [0, 0, 0.07813, 0.0625], "texture": "#main"},
				"south": {"uv": [0, 0, 0.0625, 0.0625], "texture": "#main"},
				"west": {"uv": [0, 0, 0.07813, 0.0625], "texture": "#main"},
				"up": {"uv": [0, 0, 0.0625, 0.07813], "texture": "#main"},
				"down": {"uv": [0, 0, 0.0625, 0.07813], "texture": "#main"}
			}
		},
		{
			"from": [2, 9, 8],
			"to": [12, 9.5, 10],
			"faces": {
				"north": {"uv": [4, 0, 4.3125, 0.01563], "texture": "#main"},
				"east": {"uv": [4, 0, 4.0625, 0.01563], "texture": "#main"},
				"south": {"uv": [4, 0, 4.3125, 0.01563], "texture": "#main"},
				"west": {"uv": [4, 0, 4.0625, 0.01563], "texture": "#main"},
				"up": {"uv": [4, 0, 4.3125, 0.0625], "texture": "#main"},
				"down": {"uv": [4, 0, 4.3125, 0.0625], "texture": "#main"}
			}
		},
		{
			"from": [-4, 9.5, 8],
			"to": [2, 10, 10],
			"faces": {
				"north": {"uv": [0, 0, 0.28125, 0.01563], "texture": "#main"},
				"east": {"uv": [0, 0, 0.0625, 0.01563], "texture": "#main"},
				"south": {"uv": [0, 0, 0.28125, 0.01563], "texture": "#main"},
				"west": {"uv": [0, 0, 0.0625, 0.01563], "texture": "#main"},
				"up": {"uv": [0, 0, 0.28125, 0.0625], "texture": "#main"},
				"down": {"uv": [0, 0, 0.28125, 0.0625], "texture": "#main"}
			}
		},
		{
			"from": [-12.3, 9, 8.5],
			"to": [-6.3, 9.5, 9.5],
			"faces": {
				"north": {"uv": [4, 0, 4.1875, 0.01563], "texture": "#main"},
				"east": {"uv": [4, 0, 4.03125, 0.01563], "texture": "#main"},
				"south": {"uv": [4, 0, 4.1875, 0.01563], "texture": "#main"},
				"west": {"uv": [4, 0, 4.03125, 0.01563], "texture": "#main"},
				"up": {"uv": [4, 0, 4.1875, 0.03125], "texture": "#main"},
				"down": {"uv": [4, 0, 4.1875, 0.03125], "texture": "#main"}
			}
		},
		{
			"from": [8.5, 5.65, 8.5],
			"to": [10.75, 6.15, 9.5],
			"faces": {
				"north": {"uv": [4, 0, 4.07031, 0.01563], "texture": "#main"},
				"east": {"uv": [4, 0, 4.03125, 0.01563], "texture": "#main"},
				"south": {"uv": [4, 0, 4.07031, 0.01563], "texture": "#main"},
				"west": {"uv": [4, 0, 4.03125, 0.01563], "texture": "#main"},
				"up": {"uv": [4, 0, 4.07031, 0.03125], "texture": "#main"},
				"down": {"uv": [4, 0, 4.07031, 0.03125], "texture": "#main"}
			}
		},
		{
			"from": [11, 2.5, 8.5],
			"to": [12.25, 2.75, 9.5],
			"rotation": {"angle": 22.5, "axis": "z", "origin": [0, 0, 0]},
			"faces": {
				"north": {"uv": [4, 0, 4.03906, 0.00781], "texture": "#main"},
				"east": {"uv": [4, 0, 4.03125, 0.00781], "texture": "#main"},
				"south": {"uv": [4, 0, 4.03906, 0.00781], "texture": "#main"},
				"west": {"uv": [4, 0, 4.03125, 0.00781], "texture": "#main"},
				"up": {"uv": [4, 0, 4.03906, 0.03125], "texture": "#main"},
				"down": {"uv": [4, 0, 4.03906, 0.03125], "texture": "#main"}
			}
		},
		{
			"from": [0, 10, 8.5],
			"to": [2, 10.5, 9.5],
			"rotation": {"angle": -45, "axis": "z", "origin": [0, 0, 0]},
			"faces": {
				"north": {"uv": [4, 0, 4.0625, 0.01563], "texture": "#main"},
				"east": {"uv": [4, 0, 4.03125, 0.01563], "texture": "#main"},
				"south": {"uv": [4, 0, 4.0625, 0.01563], "texture": "#main"},
				"west": {"uv": [4, 0, 4.03125, 0.01563], "texture": "#main"},
				"up": {"uv": [4, 0, 4.0625, 0.03125], "texture": "#main"},
				"down": {"uv": [4, 0, 4.0625, 0.03125], "texture": "#main"}
			}
		},
		{
			"from": [-12, 8, 8.5],
			"to": [-11, 9.05, 9.5],
			"faces": {
				"north": {"uv": [4, 0, 4.03125, 0.03281], "texture": "#main"},
				"east": {"uv": [4, 0, 4.03125, 0.03281], "texture": "#main"},
				"south": {"uv": [4, 0, 4.03125, 0.03281], "texture": "#main"},
				"west": {"uv": [4, 0, 4.03125, 0.03281], "texture": "#main"},
				"up": {"uv": [4, 0, 4.03125, 0.03125], "texture": "#main"},
				"down": {"uv": [4, 0, 4.03125, 0.03125], "texture": "#main"}
			}
		},
		{
			"from": [-14.75, 8, 8.5],
			"to": [-13.75, 9.5, 9.5],
			"faces": {
				"north": {"uv": [4, 0, 4.03125, 0.04688], "texture": "#main"},
				"east": {"uv": [4, 0, 4.03125, 0.04688], "texture": "#main"},
				"south": {"uv": [4, 0, 4.03125, 0.04688], "texture": "#main"},
				"west": {"uv": [4, 0, 4.03125, 0.04688], "texture": "#main"},
				"up": {"uv": [4, 0, 4.03125, 0.03125], "texture": "#main"},
				"down": {"uv": [4, 0, 4.03125, 0.03125], "texture": "#main"}
			}
		},
		{
			"from": [-14.75, 9.355, 8.75],
			"to": [-13.825, 10.355, 9.25],
			"faces": {
				"north": {"uv": [4, 0, 4.02891, 0.01563], "texture": "#main"},
				"east": {"uv": [4, 0, 4.03125, 0.01563], "texture": "#main"},
				"south": {"uv": [4, 0, 4.02891, 0.01563], "texture": "#main"},
				"west": {"uv": [4, 0, 4.03125, 0.01563], "texture": "#main"},
				"up": {"uv": [4, 0, 4.02891, 0.03125], "texture": "#main"},
				"down": {"uv": [4, 0, 4.02891, 0.03125], "texture": "#main"}
			}
		},
		{
			"from": [-10, 12.9, 8.5],
			"to": [-9, 14.4, 9.5],
			"rotation": {"angle": 22.5, "axis": "z", "origin": [0, 0, 0]},
			"faces": {
				"north": {"uv": [4, 0, 4.03125, 0.04688], "texture": "#main"},
				"east": {"uv": [4, 0, 4.03125, 0.04688], "texture": "#main"},
				"south": {"uv": [4, 0, 4.03125, 0.04688], "texture": "#main"},
				"west": {"uv": [4, 0, 4.03125, 0.04688], "texture": "#main"},
				"up": {"uv": [4, 0, 4.03125, 0.03125], "texture": "#main"},
				"down": {"uv": [4, 0, 4.03125, 0.03125], "texture": "#main"}
			}
		},
		{
			"from": [-15, 7.5, 8.5],
			"to": [-7, 8.5, 9.5],
			"faces": {
				"north": {"uv": [4, 0, 4.25, 0.03125], "texture": "#main"},
				"east": {"uv": [4, 0, 4.03125, 0.03125], "texture": "#main"},
				"south": {"uv": [4, 0, 4.25, 0.03125], "texture": "#main"},
				"west": {"uv": [4, 0, 4.03125, 0.03125], "texture": "#main"},
				"up": {"uv": [4, 0, 4.25, 0.03125], "texture": "#main"},
				"down": {"uv": [4, 0, 4.25, 0.03125], "texture": "#main"}
			}
		},
		{
			"from": [-15.5, 8, 8.75],
			"to": [-15, 8.5, 9.25],
			"faces": {
				"north": {"uv": [4, 0, 4.01563, 0.01563], "texture": "#main"},
				"east": {"uv": [4, 0, 4.03125, 0.01563], "texture": "#main"},
				"south": {"uv": [4, 0, 4.01563, 0.01563], "texture": "#main"},
				"west": {"uv": [4, 0, 4.03125, 0.01563], "texture": "#main"},
				"up": {"uv": [4, 0, 4.01563, 0.03125], "texture": "#main"},
				"down": {"uv": [4, 0, 4.01563, 0.03125], "texture": "#main"}
			}
		},
		{
			"from": [-2, 6.5, 8],
			"to": [2, 7, 10],
			"faces": {
				"north": {"uv": [0, 0, 0.125, 0.01563], "texture": "#main"},
				"east": {"uv": [0, 0, 0.0625, 0.01563], "texture": "#main"},
				"south": {"uv": [0, 0, 0.125, 0.01563], "texture": "#main"},
				"west": {"uv": [0, 0, 0.0625, 0.01563], "texture": "#main"},
				"up": {"uv": [0, 0, 0.125, 0.0625], "texture": "#main"},
				"down": {"uv": [0, 0, 0.125, 0.0625], "texture": "#main"}
			}
		},
		{
			"from": [-5, 6.5, 8.5],
			"to": [-2, 7, 9.5],
			"faces": {
				"north": {"uv": [0, 0, 0.09375, 0.01563], "texture": "#main"},
				"east": {"uv": [0, 0, 0.03125, 0.01563], "texture": "#main"},
				"south": {"uv": [0, 0, 0.09375, 0.01563], "texture": "#main"},
				"west": {"uv": [0, 0, 0.03125, 0.01563], "texture": "#main"},
				"up": {"uv": [0, 0, 0.09375, 0.03125], "texture": "#main"},
				"down": {"uv": [0, 0, 0.09375, 0.03125], "texture": "#main"}
			}
		},
		{
			"from": [-7, 7, 8.5],
			"to": [-5, 7.5, 9.5],
			"faces": {
				"north": {"uv": [0, 0, 0.0625, 0.01563], "texture": "#main"},
				"east": {"uv": [0, 0, 0.03125, 0.01563], "texture": "#main"},
				"south": {"uv": [0, 0, 0.0625, 0.01563], "texture": "#main"},
				"west": {"uv": [0, 0, 0.03125, 0.01563], "texture": "#main"},
				"up": {"uv": [0, 0, 0.0625, 0.03125], "texture": "#main"},
				"down": {"uv": [0, 0, 0.0625, 0.03125], "texture": "#main"}
			}
		},
		{
			"from": [-5, 7, 8],
			"to": [-2, 7.5, 10],
			"faces": {
				"north": {"uv": [0, 0, 0.09375, 0.01563], "texture": "#main"},
				"east": {"uv": [0, 0, 0.0625, 0.01563], "texture": "#main"},
				"south": {"uv": [0, 0, 0.09375, 0.01563], "texture": "#main"},
				"west": {"uv": [0, 0, 0.0625, 0.01563], "texture": "#main"},
				"up": {"uv": [0, 0, 0.09375, 0.0625], "texture": "#main"},
				"down": {"uv": [0, 0, 0.09375, 0.0625], "texture": "#main"}
			}
		},
		{
			"from": [13.95, 6, 8],
			"to": [20.95, 8.2, 10],
			"faces": {
				"north": {"uv": [0, 0, 0.21875, 0.06875], "texture": "#main"},
				"east": {"uv": [0, 0, 0.09375, 0.06875], "texture": "#main"},
				"south": {"uv": [0, 0, 0.21875, 0.06875], "texture": "#main"},
				"west": {"uv": [0, 0, 0.09375, 0.06875], "texture": "#main"},
				"up": {"uv": [0, 0, 0.21875, 0.09375], "texture": "#main"},
				"down": {"uv": [0, 0, 0.21875, 0.09375], "texture": "#main"}
			}
		},
		{
			"from": [16.95, 5.5, 8],
			"to": [20.95, 8, 10],
			"faces": {
				"north": {"uv": [0, 0, 0.125, 0.07813], "texture": "#main"},
				"east": {"uv": [0, 0, 0.09375, 0.07813], "texture": "#main"},
				"south": {"uv": [0, 0, 0.125, 0.07813], "texture": "#main"},
				"west": {"uv": [0, 0, 0.09375, 0.07813], "texture": "#main"},
				"up": {"uv": [0, 0, 0.125, 0.09375], "texture": "#main"},
				"down": {"uv": [0, 0, 0.125, 0.09375], "texture": "#main"}
			}
		},
		{
			"from": [11, 11.35, 8],
			"to": [17.25, 13.1, 10],
			"rotation": {"angle": -22.5, "axis": "z", "origin": [0, 0, 0]},
			"faces": {
				"north": {"uv": [0, 0, 0.19531, 0.05469], "texture": "#main"},
				"east": {"uv": [0, 0, 0.09375, 0.05469], "texture": "#main"},
				"south": {"uv": [0, 0, 0.19531, 0.05469], "texture": "#main"},
				"west": {"uv": [0, 0, 0.09375, 0.05469], "texture": "#main"},
				"up": {"uv": [0, 0, 0.19531, 0.09375], "texture": "#main"},
				"down": {"uv": [0, 0, 0.19531, 0.09375], "texture": "#main"}
			}
		},
		{
			"from": [7.6, 10.9, 8],
			"to": [10.6, 12.9, 10],
			"rotation": {"angle": -22.5, "axis": "z", "origin": [0, 0, 0]},
			"faces": {
				"north": {"uv": [0, 0, 0.09375, 0.0625], "texture": "#main"},
				"east": {"uv": [0, 0, 0.09375, 0.0625], "texture": "#main"},
				"south": {"uv": [0, 0, 0.09375, 0.0625], "texture": "#main"},
				"west": {"uv": [0, 0, 0.09375, 0.0625], "texture": "#main"},
				"up": {"uv": [0, 0, 0.09375, 0.09375], "texture": "#main"},
				"down": {"uv": [0, 0, 0.09375, 0.09375], "texture": "#main"}
			}
		},
		{
			"from": [-15, 3, 8.5],
			"to": [-14, 4.05, 9.5],
			"rotation": {"angle": -22.5, "axis": "z", "origin": [0, 0, 0]},
			"faces": {
				"north": {"uv": [4, 0, 4.03125, 0.03281], "texture": "#main"},
				"east": {"uv": [4, 0, 4.03125, 0.03281], "texture": "#main"},
				"south": {"uv": [4, 0, 4.03125, 0.03281], "texture": "#main"},
				"west": {"uv": [4, 0, 4.03125, 0.03281], "texture": "#main"},
				"up": {"uv": [4, 0, 4.03125, 0.03125], "texture": "#main"},
				"down": {"uv": [4, 0, 4.03125, 0.03125], "texture": "#main"}
			}
		},
		{
			"from": [12, -1.5, 8],
			"to": [14, 3, 10],
			"rotation": {"angle": 22.5, "axis": "z", "origin": [0, 0, 0]},
			"faces": {
				"north": {"uv": [8, 0, 8.0625, 0.14063], "texture": "#main"},
				"east": {"uv": [8, 0, 8.0625, 0.14063], "texture": "#main"},
				"south": {"uv": [8, 0, 8.0625, 0.14063], "texture": "#main"},
				"west": {"uv": [8, 0, 8.0625, 0.14063], "texture": "#main"},
				"up": {"uv": [8, 0, 8.0625, 0.0625], "texture": "#main"},
				"down": {"uv": [8, 0, 8.0625, 0.0625], "texture": "#main"}
			}
		},
		{
			"from": [-0.20142, 4.17892, 8.25],
			"to": [2.29858, 6.67892, 9.75],
			"rotation": {"angle": -45, "axis": "z", "origin": [-2.00142, 0.17892, 0]},
			"faces": {
				"north": {"uv": [8, 4, 8.5, 4.625], "texture": "#main"},
				"east": {"uv": [8, 4, 8.5, 4.625], "texture": "#main"},
				"south": {"uv": [8, 4, 8.5, 4.625], "texture": "#main"},
				"west": {"uv": [8, 4, 8.5, 4.625], "texture": "#main"},
				"up": {"uv": [8, 4, 8.5, 4.5], "texture": "#main"},
				"down": {"uv": [8, 4, 8.5, 4.5], "texture": "#main"}
			}
		},
		{
			"from": [0.81625, -2.21156, 8.25],
			"to": [3.31625, 0.28844, 9.75],
			"rotation": {"angle": 22.5, "axis": "z", "origin": [-1.88375, 0.26344, 0]},
			"faces": {
				"north": {"uv": [8, 4, 8.5, 4.625], "rotation": 270, "texture": "#main"},
				"east": {"uv": [8, 4, 8.5, 4.5], "rotation": 90, "texture": "#main"},
				"south": {"uv": [8, 4, 8.5, 4.625], "rotation": 90, "texture": "#main"},
				"west": {"uv": [8, 4, 8.5, 4.5], "rotation": 90, "texture": "#main"},
				"up": {"uv": [8, 4, 8.5, 4.625], "rotation": 90, "texture": "#main"},
				"down": {"uv": [8, 4, 8.5, 4.625], "rotation": 90, "texture": "#main"}
			}
		},
		{
			"from": [2, 4.5, 8.25],
			"to": [4.5, 7, 9.75],
			"rotation": {"angle": -22.5, "axis": "z", "origin": [-1.88375, 0.26344, 0]},
			"faces": {
				"north": {"uv": [8, 4, 8.5, 4.625], "texture": "#main"},
				"east": {"uv": [8, 4, 8.5, 4.625], "texture": "#main"},
				"south": {"uv": [8, 4, 8.5, 4.625], "texture": "#main"},
				"west": {"uv": [8, 4, 8.5, 4.625], "texture": "#main"},
				"up": {"uv": [8, 4, 8.5, 4.5], "texture": "#main"},
				"down": {"uv": [8, 4, 8.5, 4.5], "texture": "#main"}
			}
		},
		{
			"from": [2, 7, 7.6],
			"to": [12, 9, 10.4],
			"faces": {
				"north": {"uv": [12, 0, 12.3125, 0.0625], "texture": "#main"},
				"east": {"uv": [12, 0, 12.09375, 0.0625], "texture": "#main"},
				"south": {"uv": [12, 0, 12.3125, 0.0625], "texture": "#main"},
				"west": {"uv": [12, 0, 12.09375, 0.0625], "texture": "#main"},
				"up": {"uv": [12, 0, 12.3125, 0.09375], "texture": "#main"},
				"down": {"uv": [12, 0, 12.3125, 0.09375], "texture": "#main"}
			}
		},
		{
			"from": [-2, 7, 7.5],
			"to": [2, 9.5, 10.5],
			"faces": {
				"north": {"uv": [8, 0, 8.125, 0.07813], "texture": "#main"},
				"east": {"uv": [8, 0, 8.10938, 0.07813], "texture": "#main"},
				"south": {"uv": [8, 0, 8.125, 0.07813], "texture": "#main"},
				"west": {"uv": [8, 0, 8.10938, 0.07813], "texture": "#main"},
				"up": {"uv": [8, 0, 8.125, 0.10938], "texture": "#main"},
				"down": {"uv": [8, 0, 8.125, 0.10938], "texture": "#main"}
			}
		},
		{
			"from": [-5, 7.5, 7.75],
			"to": [-2, 9.5, 10.25],
			"faces": {
				"north": {"uv": [8, 0, 8.09375, 0.0625], "texture": "#main"},
				"east": {"uv": [8, 0, 8.07813, 0.0625], "texture": "#main"},
				"south": {"uv": [8, 0, 8.09375, 0.0625], "texture": "#main"},
				"west": {"uv": [8, 0, 8.07813, 0.0625], "texture": "#main"},
				"up": {"uv": [8, 0, 8.09375, 0.07813], "texture": "#main"},
				"down": {"uv": [8, 0, 8.09375, 0.07813], "texture": "#main"}
			}
		},
		{
			"from": [-7, 7.5, 7.75],
			"to": [-5, 9.5, 10.25],
			"faces": {
				"north": {"uv": [8, 0, 8.0625, 0.0625], "texture": "#main"},
				"east": {"uv": [8, 0, 8.07813, 0.0625], "texture": "#main"},
				"south": {"uv": [8, 0, 8.0625, 0.0625], "texture": "#main"},
				"west": {"uv": [8, 0, 8.07813, 0.0625], "texture": "#main"},
				"up": {"uv": [8, 0, 8.0625, 0.07813], "texture": "#main"},
				"down": {"uv": [8, 0, 8.0625, 0.07813], "texture": "#main"}
			}
		},
		{
			"from": [2, 9, 8],
			"to": [12, 9.5, 10],
			"faces": {
				"north": {"uv": [12, 0, 12.3125, 0.01563], "texture": "#main"},
				"east": {"uv": [12, 0, 12.0625, 0.01563], "texture": "#main"},
				"south": {"uv": [12, 0, 12.3125, 0.01563], "texture": "#main"},
				"west": {"uv": [12, 0, 12.0625, 0.01563], "texture": "#main"},
				"up": {"uv": [12, 0, 12.3125, 0.0625], "texture": "#main"},
				"down": {"uv": [12, 0, 12.3125, 0.0625], "texture": "#main"}
			}
		},
		{
			"from": [-4, 9.5, 8],
			"to": [2, 10, 10],
			"faces": {
				"north": {"uv": [8, 0, 8.28125, 0.01563], "texture": "#main"},
				"east": {"uv": [8, 0, 8.0625, 0.01563], "texture": "#main"},
				"south": {"uv": [8, 0, 8.28125, 0.01563], "texture": "#main"},
				"west": {"uv": [8, 0, 8.0625, 0.01563], "texture": "#main"},
				"up": {"uv": [8, 0, 8.28125, 0.0625], "texture": "#main"},
				"down": {"uv": [8, 0, 8.28125, 0.0625], "texture": "#main"}
			}
		},
		{
			"from": [-12.3, 9, 8.5],
			"to": [-6.3, 9.5, 9.5],
			"faces": {
				"north": {"uv": [12, 0, 12.1875, 0.01563], "texture": "#main"},
				"east": {"uv": [12, 0, 12.03125, 0.01563], "texture": "#main"},
				"south": {"uv": [12, 0, 12.1875, 0.01563], "texture": "#main"},
				"west": {"uv": [12, 0, 12.03125, 0.01563], "texture": "#main"},
				"up": {"uv": [12, 0, 12.1875, 0.03125], "texture": "#main"},
				"down": {"uv": [12, 0, 12.1875, 0.03125], "texture": "#main"}
			}
		},
		{
			"from": [8.5, 5.65, 8.5],
			"to": [10.75, 6.15, 9.5],
			"faces": {
				"north": {"uv": [12, 0, 12.07031, 0.01563], "texture": "#main"},
				"east": {"uv": [12, 0, 12.03125, 0.01563], "texture": "#main"},
				"south": {"uv": [12, 0, 12.07031, 0.01563], "texture": "#main"},
				"west": {"uv": [12, 0, 12.03125, 0.01563], "texture": "#main"},
				"up": {"uv": [12, 0, 12.07031, 0.03125], "texture": "#main"},
				"down": {"uv": [12, 0, 12.07031, 0.03125], "texture": "#main"}
			}
		},
		{
			"from": [11, 2.5, 8.5],
			"to": [12.25, 2.75, 9.5],
			"rotation": {"angle": 22.5, "axis": "z", "origin": [0, 0, 0]},
			"faces": {
				"north": {"uv": [12, 0, 12.03906, 0.00781], "texture": "#main"},
				"east": {"uv": [12, 0, 12.03125, 0.00781], "texture": "#main"},
				"south": {"uv": [12, 0, 12.03906, 0.00781], "texture": "#main"},
				"west": {"uv": [12, 0, 12.03125, 0.00781], "texture": "#main"},
				"up": {"uv": [12, 0, 12.03906, 0.03125], "texture": "#main"},
				"down": {"uv": [12, 0, 12.03906, 0.03125], "texture": "#main"}
			}
		},
		{
			"from": [0, 10, 8.5],
			"to": [2, 10.5, 9.5],
			"rotation": {"angle": -45, "axis": "z", "origin": [0, 0, 0]},
			"faces": {
				"north": {"uv": [12, 0, 12.0625, 0.01563], "texture": "#main"},
				"east": {"uv": [12, 0, 12.03125, 0.01563], "texture": "#main"},
				"south": {"uv": [12, 0, 12.0625, 0.01563], "texture": "#main"},
				"west": {"uv": [12, 0, 12.03125, 0.01563], "texture": "#main"},
				"up": {"uv": [12, 0, 12.0625, 0.03125], "texture": "#main"},
				"down": {"uv": [12, 0, 12.0625, 0.03125], "texture": "#main"}
			}
		},
		{
			"from": [-12, 8, 8.5],
			"to": [-11, 9.05, 9.5],
			"faces": {
				"north": {"uv": [12, 0, 12.03125, 0.03281], "texture": "#main"},
				"east": {"uv": [12, 0, 12.03125, 0.03281], "texture": "#main"},
				"south": {"uv": [12, 0, 12.03125, 0.03281], "texture": "#main"},
				"west": {"uv": [12, 0, 12.03125, 0.03281], "texture": "#main"},
				"up": {"uv": [12, 0, 12.03125, 0.03125], "texture": "#main"},
				"down": {"uv": [12, 0, 12.03125, 0.03125], "texture": "#main"}
			}
		},
		{
			"from": [-14.75, 8, 8.5],
			"to": [-13.75, 9.5, 9.5],
			"faces": {
				"north": {"uv": [12, 0, 12.03125, 0.04688], "texture": "#main"},
				"east": {"uv": [12, 0, 12.03125, 0.04688], "texture": "#main"},
				"south": {"uv": [12, 0, 12.03125, 0.04688], "texture": "#main"},
				"west": {"uv": [12, 0, 12.03125, 0.04688], "texture": "#main"},
				"up": {"uv": [12, 0, 12.03125, 0.03125], "texture": "#main"},
				"down": {"uv": [12, 0, 12.03125, 0.03125], "texture": "#main"}
			}
		},
		{
			"from": [-14.75, 9.355, 8.75],
			"to": [-13.825, 10.355, 9.25],
			"faces": {
				"north": {"uv": [12, 0, 12.02891, 0.01563], "texture": "#main"},
				"east": {"uv": [12, 0, 12.03125, 0.01563], "texture": "#main"},
				"south": {"uv": [12, 0, 12.02891, 0.01563], "texture": "#main"},
				"west": {"uv": [12, 0, 12.03125, 0.01563], "texture": "#main"},
				"up": {"uv": [12, 0, 12.02891, 0.03125], "texture": "#main"},
				"down": {"uv": [12, 0, 12.02891, 0.03125], "texture": "#main"}
			}
		},
		{
			"from": [-10, 12.9, 8.5],
			"to": [-9, 14.4, 9.5],
			"rotation": {"angle": 22.5, "axis": "z", "origin": [0, 0, 0]},
			"faces": {
				"north": {"uv": [12, 0, 12.03125, 0.04688], "texture": "#main"},
				"east": {"uv": [12, 0, 12.03125, 0.04688], "texture": "#main"},
				"south": {"uv": [12, 0, 12.03125, 0.04688], "texture": "#main"},
				"west": {"uv": [12, 0, 12.03125, 0.04688], "texture": "#main"},
				"up": {"uv": [12, 0, 12.03125, 0.03125], "texture": "#main"},
				"down": {"uv": [12, 0, 12.03125, 0.03125], "texture": "#main"}
			}
		},
		{
			"from": [-15, 7.5, 8.5],
			"to": [-7, 8.5, 9.5],
			"faces": {
				"north": {"uv": [12, 0, 12.25, 0.03125], "texture": "#main"},
				"east": {"uv": [12, 0, 12.03125, 0.03125], "texture": "#main"},
				"south": {"uv": [12, 0, 12.25, 0.03125], "texture": "#main"},
				"west": {"uv": [12, 0, 12.03125, 0.03125], "texture": "#main"},
				"up": {"uv": [12, 0, 12.25, 0.03125], "texture": "#main"},
				"down": {"uv": [12, 0, 12.25, 0.03125], "texture": "#main"}
			}
		},
		{
			"from": [-15.5, 8, 8.75],
			"to": [-15, 8.5, 9.25],
			"faces": {
				"north": {"uv": [12, 0, 12.01563, 0.01563], "texture": "#main"},
				"east": {"uv": [12, 0, 12.03125, 0.01563], "texture": "#main"},
				"south": {"uv": [12, 0, 12.01563, 0.01563], "texture": "#main"},
				"west": {"uv": [12, 0, 12.03125, 0.01563], "texture": "#main"},
				"up": {"uv": [12, 0, 12.01563, 0.03125], "texture": "#main"},
				"down": {"uv": [12, 0, 12.01563, 0.03125], "texture": "#main"}
			}
		},
		{
			"from": [-2, 6.5, 8],
			"to": [2, 7, 10],
			"faces": {
				"north": {"uv": [8, 0, 8.125, 0.01563], "texture": "#main"},
				"east": {"uv": [8, 0, 8.0625, 0.01563], "texture": "#main"},
				"south": {"uv": [8, 0, 8.125, 0.01563], "texture": "#main"},
				"west": {"uv": [8, 0, 8.0625, 0.01563], "texture": "#main"},
				"up": {"uv": [8, 0, 8.125, 0.0625], "texture": "#main"},
				"down": {"uv": [8, 0, 8.125, 0.0625], "texture": "#main"}
			}
		},
		{
			"from": [-5, 6.5, 8.5],
			"to": [-2, 7, 9.5],
			"faces": {
				"north": {"uv": [8, 0, 8.09375, 0.01563], "texture": "#main"},
				"east": {"uv": [8, 0, 8.03125, 0.01563], "texture": "#main"},
				"south": {"uv": [8, 0, 8.09375, 0.01563], "texture": "#main"},
				"west": {"uv": [8, 0, 8.03125, 0.01563], "texture": "#main"},
				"up": {"uv": [8, 0, 8.09375, 0.03125], "texture": "#main"},
				"down": {"uv": [8, 0, 8.09375, 0.03125], "texture": "#main"}
			}
		},
		{
			"from": [-7, 7, 8.5],
			"to": [-5, 7.5, 9.5],
			"faces": {
				"north": {"uv": [8, 0, 8.0625, 0.01563], "texture": "#main"},
				"east": {"uv": [8, 0, 8.03125, 0.01563], "texture": "#main"},
				"south": {"uv": [8, 0, 8.0625, 0.01563], "texture": "#main"},
				"west": {"uv": [8, 0, 8.03125, 0.01563], "texture": "#main"},
				"up": {"uv": [8, 0, 8.0625, 0.03125], "texture": "#main"},
				"down": {"uv": [8, 0, 8.0625, 0.03125], "texture": "#main"}
			}
		},
		{
			"from": [-5, 7, 8],
			"to": [-2, 7.5, 10],
			"faces": {
				"north": {"uv": [8, 0, 8.09375, 0.01563], "texture": "#main"},
				"east": {"uv": [8, 0, 8.0625, 0.01563], "texture": "#main"},
				"south": {"uv": [8, 0, 8.09375, 0.01563], "texture": "#main"},
				"west": {"uv": [8, 0, 8.0625, 0.01563], "texture": "#main"},
				"up": {"uv": [8, 0, 8.09375, 0.0625], "texture": "#main"},
				"down": {"uv": [8, 0, 8.09375, 0.0625], "texture": "#main"}
			}
		},
		{
			"from": [13.95, 6, 8],
			"to": [20.95, 8.2, 10],
			"faces": {
				"north": {"uv": [8, 0, 8.21875, 0.06875], "texture": "#main"},
				"east": {"uv": [8, 0, 8.09375, 0.06875], "texture": "#main"},
				"south": {"uv": [8, 0, 8.21875, 0.06875], "texture": "#main"},
				"west": {"uv": [8, 0, 8.09375, 0.06875], "texture": "#main"},
				"up": {"uv": [8, 0, 8.21875, 0.09375], "texture": "#main"},
				"down": {"uv": [8, 0, 8.21875, 0.09375], "texture": "#main"}
			}
		},
		{
			"from": [16.95, 5.5, 8],
			"to": [20.95, 8, 10],
			"faces": {
				"north": {"uv": [8, 0, 8.125, 0.07813], "texture": "#main"},
				"east": {"uv": [8, 0, 8.09375, 0.07813], "texture": "#main"},
				"south": {"uv": [8, 0, 8.125, 0.07813], "texture": "#main"},
				"west": {"uv": [8, 0, 8.09375, 0.07813], "texture": "#main"},
				"up": {"uv": [8, 0, 8.125, 0.09375], "texture": "#main"},
				"down": {"uv": [8, 0, 8.125, 0.09375], "texture": "#main"}
			}
		},
		{
			"from": [11, 11.35, 8],
			"to": [17.25, 13.1, 10],
			"rotation": {"angle": -22.5, "axis": "z", "origin": [0, 0, 0]},
			"faces": {
				"north": {"uv": [8, 0, 8.19531, 0.05469], "texture": "#main"},
				"east": {"uv": [8, 0, 8.09375, 0.05469], "texture": "#main"},
				"south": {"uv": [8, 0, 8.19531, 0.05469], "texture": "#main"},
				"west": {"uv": [8, 0, 8.09375, 0.05469], "texture": "#main"},
				"up": {"uv": [8, 0, 8.19531, 0.09375], "texture": "#main"},
				"down": {"uv": [8, 0, 8.19531, 0.09375], "texture": "#main"}
			}
		},
		{
			"from": [7.6, 10.9, 8],
			"to": [10.6, 12.9, 10],
			"rotation": {"angle": -22.5, "axis": "z", "origin": [0, 0, 0]},
			"faces": {
				"north": {"uv": [8, 0, 8.09375, 0.0625], "texture": "#main"},
				"east": {"uv": [8, 0, 8.09375, 0.0625], "texture": "#main"},
				"south": {"uv": [8, 0, 8.09375, 0.0625], "texture": "#main"},
				"west": {"uv": [8, 0, 8.09375, 0.0625], "texture": "#main"},
				"up": {"uv": [8, 0, 8.09375, 0.09375], "texture": "#main"},
				"down": {"uv": [8, 0, 8.09375, 0.09375], "texture": "#main"}
			}
		},
		{
			"from": [-15, 3, 8.5],
			"to": [-14, 4.05, 9.5],
			"rotation": {"angle": -22.5, "axis": "z", "origin": [0, 0, 0]},
			"faces": {
				"north": {"uv": [12, 0, 12.03125, 0.03281], "texture": "#main"},
				"east": {"uv": [12, 0, 12.03125, 0.03281], "texture": "#main"},
				"south": {"uv": [12, 0, 12.03125, 0.03281], "texture": "#main"},
				"west": {"uv": [12, 0, 12.03125, 0.03281], "texture": "#main"},
				"up": {"uv": [12, 0, 12.03125, 0.03125], "texture": "#main"},
				"down": {"uv": [12, 0, 12.03125, 0.03125], "texture": "#main"}
			}
		},
		{
			"from": [12, -1.5, 8],
			"to": [14, 3, 10],
			"rotation": {"angle": 22.5, "axis": "z", "origin": [0, 0, 0]},
			"faces": {
				"north": {"uv": [0, 8, 0.0625, 8.14063], "texture": "#main"},
				"east": {"uv": [0, 8, 0.0625, 8.14063], "texture": "#main"},
				"south": {"uv": [0, 8, 0.0625, 8.14063], "texture": "#main"},
				"west": {"uv": [0, 8, 0.0625, 8.14063], "texture": "#main"},
				"up": {"uv": [0, 8, 0.0625, 8.0625], "texture": "#main"},
				"down": {"uv": [0, 8, 0.0625, 8.0625], "texture": "#main"}
			}
		},
		{
			"from": [-1.00142, -3.12108, 8.25],
			"to": [1.49858, -0.62108, 9.75],
			"rotation": {"angle": 22.5, "axis": "z", "origin": [-5.00142, 1.17892, 0]},
			"faces": {
				"north": {"uv": [0, 12, 0.5, 12.625], "rotation": 270, "texture": "#main"},
				"east": {"uv": [0, 12, 0.5, 12.5], "rotation": 90, "texture": "#main"},
				"south": {"uv": [0, 12, 0.5, 12.625], "rotation": 90, "texture": "#main"},
				"west": {"uv": [0, 12, 0.5, 12.5], "rotation": 90, "texture": "#main"},
				"up": {"uv": [0, 12, 0.5, 12.625], "rotation": 90, "texture": "#main"},
				"down": {"uv": [0, 12, 0.5, 12.625], "rotation": 90, "texture": "#main"}
			}
		},
		{
			"from": [-2.18375, -1.21156, 8.25],
			"to": [0.31625, 1.28844, 9.75],
			"rotation": {"angle": 0, "axis": "z", "origin": [-4.88375, 1.26344, 0]},
			"faces": {
				"north": {"uv": [0, 12, 0.5, 12.625], "rotation": 270, "texture": "#main"},
				"east": {"uv": [0, 12, 0.5, 12.5], "rotation": 90, "texture": "#main"},
				"south": {"uv": [0, 12, 0.5, 12.625], "rotation": 90, "texture": "#main"},
				"west": {"uv": [0, 12, 0.5, 12.5], "rotation": 90, "texture": "#main"},
				"up": {"uv": [0, 12, 0.5, 12.625], "rotation": 90, "texture": "#main"},
				"down": {"uv": [0, 12, 0.5, 12.625], "rotation": 90, "texture": "#main"}
			}
		},
		{
			"from": [-1, 5.5, 8.25],
			"to": [1.5, 8, 9.75],
			"rotation": {"angle": -45, "axis": "z", "origin": [-4.88375, 1.26344, 0]},
			"faces": {
				"north": {"uv": [0, 12, 0.5, 12.625], "texture": "#main"},
				"east": {"uv": [0, 12, 0.5, 12.625], "texture": "#main"},
				"south": {"uv": [0, 12, 0.5, 12.625], "texture": "#main"},
				"west": {"uv": [0, 12, 0.5, 12.625], "texture": "#main"},
				"up": {"uv": [0, 12, 0.5, 12.5], "texture": "#main"},
				"down": {"uv": [0, 12, 0.5, 12.5], "texture": "#main"}
			}
		},
		{
			"from": [2, 7, 7.6],
			"to": [12, 9, 10.4],
			"faces": {
				"north": {"uv": [4, 8, 4.3125, 8.0625], "texture": "#main"},
				"east": {"uv": [4, 8, 4.09375, 8.0625], "texture": "#main"},
				"south": {"uv": [4, 8, 4.3125, 8.0625], "texture": "#main"},
				"west": {"uv": [4, 8, 4.09375, 8.0625], "texture": "#main"},
				"up": {"uv": [4, 8, 4.3125, 8.09375], "texture": "#main"},
				"down": {"uv": [4, 8, 4.3125, 8.09375], "texture": "#main"}
			}
		},
		{
			"from": [-2, 7, 7.5],
			"to": [2, 9.5, 10.5],
			"faces": {
				"north": {"uv": [0, 8, 0.125, 8.07813], "texture": "#main"},
				"east": {"uv": [0, 8, 0.10938, 8.07813], "texture": "#main"},
				"south": {"uv": [0, 8, 0.125, 8.07813], "texture": "#main"},
				"west": {"uv": [0, 8, 0.10938, 8.07813], "texture": "#main"},
				"up": {"uv": [0, 8, 0.125, 8.10938], "texture": "#main"},
				"down": {"uv": [0, 8, 0.125, 8.10938], "texture": "#main"}
			}
		},
		{
			"from": [-5, 7.5, 7.75],
			"to": [-2, 9.5, 10.25],
			"faces": {
				"north": {"uv": [0, 8, 0.09375, 8.0625], "texture": "#main"},
				"east": {"uv": [0, 8, 0.07813, 8.0625], "texture": "#main"},
				"south": {"uv": [0, 8, 0.09375, 8.0625], "texture": "#main"},
				"west": {"uv": [0, 8, 0.07813, 8.0625], "texture": "#main"},
				"up": {"uv": [0, 8, 0.09375, 8.07813], "texture": "#main"},
				"down": {"uv": [0, 8, 0.09375, 8.07813], "texture": "#main"}
			}
		},
		{
			"from": [-7, 7.5, 7.75],
			"to": [-5, 9.5, 10.25],
			"faces": {
				"north": {"uv": [0, 8, 0.0625, 8.0625], "texture": "#main"},
				"east": {"uv": [0, 8, 0.07813, 8.0625], "texture": "#main"},
				"south": {"uv": [0, 8, 0.0625, 8.0625], "texture": "#main"},
				"west": {"uv": [0, 8, 0.07813, 8.0625], "texture": "#main"},
				"up": {"uv": [0, 8, 0.0625, 8.07813], "texture": "#main"},
				"down": {"uv": [0, 8, 0.0625, 8.07813], "texture": "#main"}
			}
		},
		{
			"from": [2, 9, 8],
			"to": [12, 9.5, 10],
			"faces": {
				"north": {"uv": [4, 8, 4.3125, 8.01563], "texture": "#main"},
				"east": {"uv": [4, 8, 4.0625, 8.01563], "texture": "#main"},
				"south": {"uv": [4, 8, 4.3125, 8.01563], "texture": "#main"},
				"west": {"uv": [4, 8, 4.0625, 8.01563], "texture": "#main"},
				"up": {"uv": [4, 8, 4.3125, 8.0625], "texture": "#main"},
				"down": {"uv": [4, 8, 4.3125, 8.0625], "texture": "#main"}
			}
		},
		{
			"from": [-4, 9.5, 8],
			"to": [2, 10, 10],
			"faces": {
				"north": {"uv": [0, 8, 0.28125, 8.01563], "texture": "#main"},
				"east": {"uv": [0, 8, 0.0625, 8.01563], "texture": "#main"},
				"south": {"uv": [0, 8, 0.28125, 8.01563], "texture": "#main"},
				"west": {"uv": [0, 8, 0.0625, 8.01563], "texture": "#main"},
				"up": {"uv": [0, 8, 0.28125, 8.0625], "texture": "#main"},
				"down": {"uv": [0, 8, 0.28125, 8.0625], "texture": "#main"}
			}
		},
		{
			"from": [-12.3, 9, 8.5],
			"to": [-6.3, 9.5, 9.5],
			"faces": {
				"north": {"uv": [4, 8, 4.1875, 8.01563], "texture": "#main"},
				"east": {"uv": [4, 8, 4.03125, 8.01563], "texture": "#main"},
				"south": {"uv": [4, 8, 4.1875, 8.01563], "texture": "#main"},
				"west": {"uv": [4, 8, 4.03125, 8.01563], "texture": "#main"},
				"up": {"uv": [4, 8, 4.1875, 8.03125], "texture": "#main"},
				"down": {"uv": [4, 8, 4.1875, 8.03125], "texture": "#main"}
			}
		},
		{
			"from": [8.5, 5.65, 8.5],
			"to": [10.75, 6.15, 9.5],
			"faces": {
				"north": {"uv": [4, 8, 4.07031, 8.01563], "texture": "#main"},
				"east": {"uv": [4, 8, 4.03125, 8.01563], "texture": "#main"},
				"south": {"uv": [4, 8, 4.07031, 8.01563], "texture": "#main"},
				"west": {"uv": [4, 8, 4.03125, 8.01563], "texture": "#main"},
				"up": {"uv": [4, 8, 4.07031, 8.03125], "texture": "#main"},
				"down": {"uv": [4, 8, 4.07031, 8.03125], "texture": "#main"}
			}
		},
		{
			"from": [11, 2.5, 8.5],
			"to": [12.25, 2.75, 9.5],
			"rotation": {"angle": 22.5, "axis": "z", "origin": [0, 0, 0]},
			"faces": {
				"north": {"uv": [4, 8, 4.03906, 8.00781], "texture": "#main"},
				"east": {"uv": [4, 8, 4.03125, 8.00781], "texture": "#main"},
				"south": {"uv": [4, 8, 4.03906, 8.00781], "texture": "#main"},
				"west": {"uv": [4, 8, 4.03125, 8.00781], "texture": "#main"},
				"up": {"uv": [4, 8, 4.03906, 8.03125], "texture": "#main"},
				"down": {"uv": [4, 8, 4.03906, 8.03125], "texture": "#main"}
			}
		},
		{
			"from": [0, 10, 8.5],
			"to": [2, 10.5, 9.5],
			"rotation": {"angle": -45, "axis": "z", "origin": [0, 0, 0]},
			"faces": {
				"north": {"uv": [4, 8, 4.0625, 8.01563], "texture": "#main"},
				"east": {"uv": [4, 8, 4.03125, 8.01563], "texture": "#main"},
				"south": {"uv": [4, 8, 4.0625, 8.01563], "texture": "#main"},
				"west": {"uv": [4, 8, 4.03125, 8.01563], "texture": "#main"},
				"up": {"uv": [4, 8, 4.0625, 8.03125], "texture": "#main"},
				"down": {"uv": [4, 8, 4.0625, 8.03125], "texture": "#main"}
			}
		},
		{
			"from": [-12, 8, 8.5],
			"to": [-11, 9.05, 9.5],
			"faces": {
				"north": {"uv": [4, 8, 4.03125, 8.03281], "texture": "#main"},
				"east": {"uv": [4, 8, 4.03125, 8.03281], "texture": "#main"},
				"south": {"uv": [4, 8, 4.03125, 8.03281], "texture": "#main"},
				"west": {"uv": [4, 8, 4.03125, 8.03281], "texture": "#main"},
				"up": {"uv": [4, 8, 4.03125, 8.03125], "texture": "#main"},
				"down": {"uv": [4, 8, 4.03125, 8.03125], "texture": "#main"}
			}
		},
		{
			"from": [-14.75, 8, 8.5],
			"to": [-13.75, 9.5, 9.5],
			"faces": {
				"north": {"uv": [4, 8, 4.03125, 8.04688], "texture": "#main"},
				"east": {"uv": [4, 8, 4.03125, 8.04688], "texture": "#main"},
				"south": {"uv": [4, 8, 4.03125, 8.04688], "texture": "#main"},
				"west": {"uv": [4, 8, 4.03125, 8.04688], "texture": "#main"},
				"up": {"uv": [4, 8, 4.03125, 8.03125], "texture": "#main"},
				"down": {"uv": [4, 8, 4.03125, 8.03125], "texture": "#main"}
			}
		},
		{
			"from": [-14.75, 9.355, 8.75],
			"to": [-13.825, 10.355, 9.25],
			"faces": {
				"north": {"uv": [4, 8, 4.02891, 8.01563], "texture": "#main"},
				"east": {"uv": [4, 8, 4.03125, 8.01563], "texture": "#main"},
				"south": {"uv": [4, 8, 4.02891, 8.01563], "texture": "#main"},
				"west": {"uv": [4, 8, 4.03125, 8.01563], "texture": "#main"},
				"up": {"uv": [4, 8, 4.02891, 8.03125], "texture": "#main"},
				"down": {"uv": [4, 8, 4.02891, 8.03125], "texture": "#main"}
			}
		},
		{
			"from": [-10, 12.9, 8.5],
			"to": [-9, 14.4, 9.5],
			"rotation": {"angle": 22.5, "axis": "z", "origin": [0, 0, 0]},
			"faces": {
				"north": {"uv": [4, 8, 4.03125, 8.04688], "texture": "#main"},
				"east": {"uv": [4, 8, 4.03125, 8.04688], "texture": "#main"},
				"south": {"uv": [4, 8, 4.03125, 8.04688], "texture": "#main"},
				"west": {"uv": [4, 8, 4.03125, 8.04688], "texture": "#main"},
				"up": {"uv": [4, 8, 4.03125, 8.03125], "texture": "#main"},
				"down": {"uv": [4, 8, 4.03125, 8.03125], "texture": "#main"}
			}
		},
		{
			"from": [-15, 7.5, 8.5],
			"to": [-7, 8.5, 9.5],
			"faces": {
				"north": {"uv": [4, 8, 4.25, 8.03125], "texture": "#main"},
				"east": {"uv": [4, 8, 4.03125, 8.03125], "texture": "#main"},
				"south": {"uv": [4, 8, 4.25, 8.03125], "texture": "#main"},
				"west": {"uv": [4, 8, 4.03125, 8.03125], "texture": "#main"},
				"up": {"uv": [4, 8, 4.25, 8.03125], "texture": "#main"},
				"down": {"uv": [4, 8, 4.25, 8.03125], "texture": "#main"}
			}
		},
		{
			"from": [-15.5, 8, 8.75],
			"to": [-15, 8.5, 9.25],
			"faces": {
				"north": {"uv": [4, 8, 4.01563, 8.01563], "texture": "#main"},
				"east": {"uv": [4, 8, 4.03125, 8.01563], "texture": "#main"},
				"south": {"uv": [4, 8, 4.01563, 8.01563], "texture": "#main"},
				"west": {"uv": [4, 8, 4.03125, 8.01563], "texture": "#main"},
				"up": {"uv": [4, 8, 4.01563, 8.03125], "texture": "#main"},
				"down": {"uv": [4, 8, 4.01563, 8.03125], "texture": "#main"}
			}
		},
		{
			"from": [-2, 6.5, 8],
			"to": [2, 7, 10],
			"faces": {
				"north": {"uv": [0, 8, 0.125, 8.01563], "texture": "#main"},
				"east": {"uv": [0, 8, 0.0625, 8.01563], "texture": "#main"},
				"south": {"uv": [0, 8, 0.125, 8.01563], "texture": "#main"},
				"west": {"uv": [0, 8, 0.0625, 8.01563], "texture": "#main"},
				"up": {"uv": [0, 8, 0.125, 8.0625], "texture": "#main"},
				"down": {"uv": [0, 8, 0.125, 8.0625], "texture": "#main"}
			}
		},
		{
			"from": [-5, 6.5, 8.5],
			"to": [-2, 7, 9.5],
			"faces": {
				"north": {"uv": [0, 8, 0.09375, 8.01563], "texture": "#main"},
				"east": {"uv": [0, 8, 0.03125, 8.01563], "texture": "#main"},
				"south": {"uv": [0, 8, 0.09375, 8.01563], "texture": "#main"},
				"west": {"uv": [0, 8, 0.03125, 8.01563], "texture": "#main"},
				"up": {"uv": [0, 8, 0.09375, 8.03125], "texture": "#main"},
				"down": {"uv": [0, 8, 0.09375, 8.03125], "texture": "#main"}
			}
		},
		{
			"from": [-7, 7, 8.5],
			"to": [-5, 7.5, 9.5],
			"faces": {
				"north": {"uv": [0, 8, 0.0625, 8.01563], "texture": "#main"},
				"east": {"uv": [0, 8, 0.03125, 8.01563], "texture": "#main"},
				"south": {"uv": [0, 8, 0.0625, 8.01563], "texture": "#main"},
				"west": {"uv": [0, 8, 0.03125, 8.01563], "texture": "#main"},
				"up": {"uv": [0, 8, 0.0625, 8.03125], "texture": "#main"},
				"down": {"uv": [0, 8, 0.0625, 8.03125], "texture": "#main"}
			}
		},
		{
			"from": [-5, 7, 8],
			"to": [-2, 7.5, 10],
			"faces": {
				"north": {"uv": [0, 8, 0.09375, 8.01563], "texture": "#main"},
				"east": {"uv": [0, 8, 0.0625, 8.01563], "texture": "#main"},
				"south": {"uv": [0, 8, 0.09375, 8.01563], "texture": "#main"},
				"west": {"uv": [0, 8, 0.0625, 8.01563], "texture": "#main"},
				"up": {"uv": [0, 8, 0.09375, 8.0625], "texture": "#main"},
				"down": {"uv": [0, 8, 0.09375, 8.0625], "texture": "#main"}
			}
		},
		{
			"from": [13.95, 6, 8],
			"to": [20.95, 8.2, 10],
			"faces": {
				"north": {"uv": [0, 8, 0.21875, 8.06875], "texture": "#main"},
				"east": {"uv": [0, 8, 0.09375, 8.06875], "texture": "#main"},
				"south": {"uv": [0, 8, 0.21875, 8.06875], "texture": "#main"},
				"west": {"uv": [0, 8, 0.09375, 8.06875], "texture": "#main"},
				"up": {"uv": [0, 8, 0.21875, 8.09375], "texture": "#main"},
				"down": {"uv": [0, 8, 0.21875, 8.09375], "texture": "#main"}
			}
		},
		{
			"from": [16.95, 5.5, 8],
			"to": [20.95, 8, 10],
			"faces": {
				"north": {"uv": [0, 8, 0.125, 8.07813], "texture": "#main"},
				"east": {"uv": [0, 8, 0.09375, 8.07813], "texture": "#main"},
				"south": {"uv": [0, 8, 0.125, 8.07813], "texture": "#main"},
				"west": {"uv": [0, 8, 0.09375, 8.07813], "texture": "#main"},
				"up": {"uv": [0, 8, 0.125, 8.09375], "texture": "#main"},
				"down": {"uv": [0, 8, 0.125, 8.09375], "texture": "#main"}
			}
		},
		{
			"from": [11, 11.35, 8],
			"to": [17.25, 13.1, 10],
			"rotation": {"angle": -22.5, "axis": "z", "origin": [0, 0, 0]},
			"faces": {
				"north": {"uv": [0, 8, 0.19531, 8.05469], "texture": "#main"},
				"east": {"uv": [0, 8, 0.09375, 8.05469], "texture": "#main"},
				"south": {"uv": [0, 8, 0.19531, 8.05469], "texture": "#main"},
				"west": {"uv": [0, 8, 0.09375, 8.05469], "texture": "#main"},
				"up": {"uv": [0, 8, 0.19531, 8.09375], "texture": "#main"},
				"down": {"uv": [0, 8, 0.19531, 8.09375], "texture": "#main"}
			}
		},
		{
			"from": [7.6, 10.9, 8],
			"to": [10.6, 12.9, 10],
			"rotation": {"angle": -22.5, "axis": "z", "origin": [0, 0, 0]},
			"faces": {
				"north": {"uv": [0, 8, 0.09375, 8.0625], "texture": "#main"},
				"east": {"uv": [0, 8, 0.09375, 8.0625], "texture": "#main"},
				"south": {"uv": [0, 8, 0.09375, 8.0625], "texture": "#main"},
				"west": {"uv": [0, 8, 0.09375, 8.0625], "texture": "#main"},
				"up": {"uv": [0, 8, 0.09375, 8.09375], "texture": "#main"},
				"down": {"uv": [0, 8, 0.09375, 8.09375], "texture": "#main"}
			}
		},
		{
			"from": [-15, 3, 8.5],
			"to": [-14, 4.05, 9.5],
			"rotation": {"angle": -22.5, "axis": "z", "origin": [0, 0, 0]},
			"faces": {
				"north": {"uv": [4, 8, 4.03125, 8.03281], "texture": "#main"},
				"east": {"uv": [4, 8, 4.03125, 8.03281], "texture": "#main"},
				"south": {"uv": [4, 8, 4.03125, 8.03281], "texture": "#main"},
				"west": {"uv": [4, 8, 4.03125, 8.03281], "texture": "#main"},
				"up": {"uv": [4, 8, 4.03125, 8.03125], "texture": "#main"},
				"down": {"uv": [4, 8, 4.03125, 8.03125], "texture": "#main"}
			}
		},
		{
			"from": [12, -1.5, 8],
			"to": [14, 3, 10],
			"rotation": {"angle": 22.5, "axis": "z", "origin": [0, 0, 0]},
			"faces": {
				"north": {"uv": [8, 8, 8.0625, 8.14063], "texture": "#main"},
				"east": {"uv": [8, 8, 8.0625, 8.14063], "texture": "#main"},
				"south": {"uv": [8, 8, 8.0625, 8.14063], "texture": "#main"},
				"west": {"uv": [8, 8, 8.0625, 8.14063], "texture": "#main"},
				"up": {"uv": [8, 8, 8.0625, 8.0625], "texture": "#main"},
				"down": {"uv": [8, 8, 8.0625, 8.0625], "texture": "#main"}
			}
		},
		{
			"from": [-3.00142, -10.12108, 8.25],
			"to": [-0.50142, -7.62108, 9.75],
			"rotation": {"angle": 22.5, "axis": "z", "origin": [-7.00142, -5.82108, 0]},
			"faces": {
				"north": {"uv": [8, 12, 8.5, 12.625], "rotation": 270, "texture": "#main"},
				"east": {"uv": [8, 12, 8.5, 12.5], "rotation": 90, "texture": "#main"},
				"south": {"uv": [8, 12, 8.5, 12.625], "rotation": 90, "texture": "#main"},
				"west": {"uv": [8, 12, 8.5, 12.5], "rotation": 90, "texture": "#main"},
				"up": {"uv": [8, 12, 8.5, 12.625], "rotation": 90, "texture": "#main"},
				"down": {"uv": [8, 12, 8.5, 12.625], "rotation": 90, "texture": "#main"}
			}
		},
		{
			"from": [-4.18375, -8.21156, 8.25],
			"to": [-1.68375, -5.71156, 9.75],
			"rotation": {"angle": 0, "axis": "z", "origin": [-6.88375, -5.73656, 0]},
			"faces": {
				"north": {"uv": [8, 12, 8.5, 12.625], "rotation": 270, "texture": "#main"},
				"east": {"uv": [8, 12, 8.5, 12.5], "rotation": 90, "texture": "#main"},
				"south": {"uv": [8, 12, 8.5, 12.625], "rotation": 90, "texture": "#main"},
				"west": {"uv": [8, 12, 8.5, 12.5], "rotation": 90, "texture": "#main"},
				"up": {"uv": [8, 12, 8.5, 12.625], "rotation": 90, "texture": "#main"},
				"down": {"uv": [8, 12, 8.5, 12.625], "rotation": 90, "texture": "#main"}
			}
		},
		{
			"from": [-3, -1.5, 8.25],
			"to": [-0.5, 1, 9.75],
			"rotation": {"angle": -45, "axis": "z", "origin": [-6.88375, -5.73656, 0]},
			"faces": {
				"north": {"uv": [8, 12, 8.5, 12.625], "texture": "#main"},
				"east": {"uv": [8, 12, 8.5, 12.625], "texture": "#main"},
				"south": {"uv": [8, 12, 8.5, 12.625], "texture": "#main"},
				"west": {"uv": [8, 12, 8.5, 12.625], "texture": "#main"},
				"up": {"uv": [8, 12, 8.5, 12.5], "texture": "#main"},
				"down": {"uv": [8, 12, 8.5, 12.5], "texture": "#main"}
			}
		},
		{
			"from": [2, 7, 7.6],
			"to": [12, 9, 10.4],
			"faces": {
				"north": {"uv": [12, 8, 12.3125, 8.0625], "texture": "#main"},
				"east": {"uv": [12, 8, 12.09375, 8.0625], "texture": "#main"},
				"south": {"uv": [12, 8, 12.3125, 8.0625], "texture": "#main"},
				"west": {"uv": [12, 8, 12.09375, 8.0625], "texture": "#main"},
				"up": {"uv": [12, 8, 12.3125, 8.09375], "texture": "#main"},
				"down": {"uv": [12, 8, 12.3125, 8.09375], "texture": "#main"}
			}
		},
		{
			"from": [-2, 7, 7.5],
			"to": [2, 9.5, 10.5],
			"faces": {
				"north": {"uv": [8, 8, 8.125, 8.07813], "texture": "#main"},
				"east": {"uv": [8, 8, 8.10938, 8.07813], "texture": "#main"},
				"south": {"uv": [8, 8, 8.125, 8.07813], "texture": "#main"},
				"west": {"uv": [8, 8, 8.10938, 8.07813], "texture": "#main"},
				"up": {"uv": [8, 8, 8.125, 8.10938], "texture": "#main"},
				"down": {"uv": [8, 8, 8.125, 8.10938], "texture": "#main"}
			}
		},
		{
			"from": [-5, 7.5, 7.75],
			"to": [-2, 9.5, 10.25],
			"faces": {
				"north": {"uv": [8, 8, 8.09375, 8.0625], "texture": "#main"},
				"east": {"uv": [8, 8, 8.07813, 8.0625], "texture": "#main"},
				"south": {"uv": [8, 8, 8.09375, 8.0625], "texture": "#main"},
				"west": {"uv": [8, 8, 8.07813, 8.0625], "texture": "#main"},
				"up": {"uv": [8, 8, 8.09375, 8.07813], "texture": "#main"},
				"down": {"uv": [8, 8, 8.09375, 8.07813], "texture": "#main"}
			}
		},
		{
			"from": [-7, 7.5, 7.75],
			"to": [-5, 9.5, 10.25],
			"faces": {
				"north": {"uv": [8, 8, 8.0625, 8.0625], "texture": "#main"},
				"east": {"uv": [8, 8, 8.07813, 8.0625], "texture": "#main"},
				"south": {"uv": [8, 8, 8.0625, 8.0625], "texture": "#main"},
				"west": {"uv": [8, 8, 8.07813, 8.0625], "texture": "#main"},
				"up": {"uv": [8, 8, 8.0625, 8.07813], "texture": "#main"},
				"down": {"uv": [8, 8, 8.0625, 8.07813], "texture": "#main"}
			}
		},
		{
			"from": [2, 9, 8],
			"to": [12, 9.5, 10],
			"faces": {
				"north": {"uv": [12, 8, 12.3125, 8.01563], "texture": "#main"},
				"east": {"uv": [12, 8, 12.0625, 8.01563], "texture": "#main"},
				"south": {"uv": [12, 8, 12.3125, 8.01563], "texture": "#main"},
				"west": {"uv": [12, 8, 12.0625, 8.01563], "texture": "#main"},
				"up": {"uv": [12, 8, 12.3125, 8.0625], "texture": "#main"},
				"down": {"uv": [12, 8, 12.3125, 8.0625], "texture": "#main"}
			}
		},
		{
			"from": [-4, 9.5, 8],
			"to": [2, 10, 10],
			"faces": {
				"north": {"uv": [8, 8, 8.28125, 8.01563], "texture": "#main"},
				"east": {"uv": [8, 8, 8.0625, 8.01563], "texture": "#main"},
				"south": {"uv": [8, 8, 8.28125, 8.01563], "texture": "#main"},
				"west": {"uv": [8, 8, 8.0625, 8.01563], "texture": "#main"},
				"up": {"uv": [8, 8, 8.28125, 8.0625], "texture": "#main"},
				"down": {"uv": [8, 8, 8.28125, 8.0625], "texture": "#main"}
			}
		},
		{
			"from": [-12.3, 9, 8.5],
			"to": [-6.3, 9.5, 9.5],
			"faces": {
				"north": {"uv": [12, 8, 12.1875, 8.01563], "texture": "#main"},
				"east": {"uv": [12, 8, 12.03125, 8.01563], "texture": "#main"},
				"south": {"uv": [12, 8, 12.1875, 8.01563], "texture": "#main"},
				"west": {"uv": [12, 8, 12.03125, 8.01563], "texture": "#main"},
				"up": {"uv": [12, 8, 12.1875, 8.03125], "texture": "#main"},
				"down": {"uv": [12, 8, 12.1875, 8.03125], "texture": "#main"}
			}
		},
		{
			"from": [8.5, 5.65, 8.5],
			"to": [10.75, 6.15, 9.5],
			"faces": {
				"north": {"uv": [12, 8, 12.07031, 8.01563], "texture": "#main"},
				"east": {"uv": [12, 8, 12.03125, 8.01563], "texture": "#main"},
				"south": {"uv": [12, 8, 12.07031, 8.01563], "texture": "#main"},
				"west": {"uv": [12, 8, 12.03125, 8.01563], "texture": "#main"},
				"up": {"uv": [12, 8, 12.07031, 8.03125], "texture": "#main"},
				"down": {"uv": [12, 8, 12.07031, 8.03125], "texture": "#main"}
			}
		},
		{
			"from": [11, 2.5, 8.5],
			"to": [12.25, 2.75, 9.5],
			"rotation": {"angle": 22.5, "axis": "z", "origin": [0, 0, 0]},
			"faces": {
				"north": {"uv": [12, 8, 12.03906, 8.00781], "texture": "#main"},
				"east": {"uv": [12, 8, 12.03125, 8.00781], "texture": "#main"},
				"south": {"uv": [12, 8, 12.03906, 8.00781], "texture": "#main"},
				"west": {"uv": [12, 8, 12.03125, 8.00781], "texture": "#main"},
				"up": {"uv": [12, 8, 12.03906, 8.03125], "texture": "#main"},
				"down": {"uv": [12, 8, 12.03906, 8.03125], "texture": "#main"}
			}
		},
		{
			"from": [0, 10, 8.5],
			"to": [2, 10.5, 9.5],
			"rotation": {"angle": -45, "axis": "z", "origin": [0, 0, 0]},
			"faces": {
				"north": {"uv": [12, 8, 12.0625, 8.01563], "texture": "#main"},
				"east": {"uv": [12, 8, 12.03125, 8.01563], "texture": "#main"},
				"south": {"uv": [12, 8, 12.0625, 8.01563], "texture": "#main"},
				"west": {"uv": [12, 8, 12.03125, 8.01563], "texture": "#main"},
				"up": {"uv": [12, 8, 12.0625, 8.03125], "texture": "#main"},
				"down": {"uv": [12, 8, 12.0625, 8.03125], "texture": "#main"}
			}
		},
		{
			"from": [-12, 8, 8.5],
			"to": [-11, 9.05, 9.5],
			"faces": {
				"north": {"uv": [12, 8, 12.03125, 8.03281], "texture": "#main"},
				"east": {"uv": [12, 8, 12.03125, 8.03281], "texture": "#main"},
				"south": {"uv": [12, 8, 12.03125, 8.03281], "texture": "#main"},
				"west": {"uv": [12, 8, 12.03125, 8.03281], "texture": "#main"},
				"up": {"uv": [12, 8, 12.03125, 8.03125], "texture": "#main"},
				"down": {"uv": [12, 8, 12.03125, 8.03125], "texture": "#main"}
			}
		},
		{
			"from": [-14.75, 8, 8.5],
			"to": [-13.75, 9.5, 9.5],
			"faces": {
				"north": {"uv": [12, 8, 12.03125, 8.04688], "texture": "#main"},
				"east": {"uv": [12, 8, 12.03125, 8.04688], "texture": "#main"},
				"south": {"uv": [12, 8, 12.03125, 8.04688], "texture": "#main"},
				"west": {"uv": [12, 8, 12.03125, 8.04688], "texture": "#main"},
				"up": {"uv": [12, 8, 12.03125, 8.03125], "texture": "#main"},
				"down": {"uv": [12, 8, 12.03125, 8.03125], "texture": "#main"}
			}
		},
		{
			"from": [-14.75, 9.355, 8.75],
			"to": [-13.825, 10.355, 9.25],
			"faces": {
				"north": {"uv": [12, 8, 12.02891, 8.01563], "texture": "#main"},
				"east": {"uv": [12, 8, 12.03125, 8.01563], "texture": "#main"},
				"south": {"uv": [12, 8, 12.02891, 8.01563], "texture": "#main"},
				"west": {"uv": [12, 8, 12.03125, 8.01563], "texture": "#main"},
				"up": {"uv": [12, 8, 12.02891, 8.03125], "texture": "#main"},
				"down": {"uv": [12, 8, 12.02891, 8.03125], "texture": "#main"}
			}
		},
		{
			"from": [-10, 12.9, 8.5],
			"to": [-9, 14.4, 9.5],
			"rotation": {"angle": 22.5, "axis": "z", "origin": [0, 0, 0]},
			"faces": {
				"north": {"uv": [12, 8, 12.03125, 8.04688], "texture": "#main"},
				"east": {"uv": [12, 8, 12.03125, 8.04688], "texture": "#main"},
				"south": {"uv": [12, 8, 12.03125, 8.04688], "texture": "#main"},
				"west": {"uv": [12, 8, 12.03125, 8.04688], "texture": "#main"},
				"up": {"uv": [12, 8, 12.03125, 8.03125], "texture": "#main"},
				"down": {"uv": [12, 8, 12.03125, 8.03125], "texture": "#main"}
			}
		},
		{
			"from": [-15, 7.5, 8.5],
			"to": [-7, 8.5, 9.5],
			"faces": {
				"north": {"uv": [12, 8, 12.25, 8.03125], "texture": "#main"},
				"east": {"uv": [12, 8, 12.03125, 8.03125], "texture": "#main"},
				"south": {"uv": [12, 8, 12.25, 8.03125], "texture": "#main"},
				"west": {"uv": [12, 8, 12.03125, 8.03125], "texture": "#main"},
				"up": {"uv": [12, 8, 12.25, 8.03125], "texture": "#main"},
				"down": {"uv": [12, 8, 12.25, 8.03125], "texture": "#main"}
			}
		},
		{
			"from": [-15.5, 8, 8.75],
			"to": [-15, 8.5, 9.25],
			"faces": {
				"north": {"uv": [12, 8, 12.01563, 8.01563], "texture": "#main"},
				"east": {"uv": [12, 8, 12.03125, 8.01563], "texture": "#main"},
				"south": {"uv": [12, 8, 12.01563, 8.01563], "texture": "#main"},
				"west": {"uv": [12, 8, 12.03125, 8.01563], "texture": "#main"},
				"up": {"uv": [12, 8, 12.01563, 8.03125], "texture": "#main"},
				"down": {"uv": [12, 8, 12.01563, 8.03125], "texture": "#main"}
			}
		},
		{
			"from": [-2, 6.5, 8],
			"to": [2, 7, 10],
			"faces": {
				"north": {"uv": [8, 8, 8.125, 8.01563], "texture": "#main"},
				"east": {"uv": [8, 8, 8.0625, 8.01563], "texture": "#main"},
				"south": {"uv": [8, 8, 8.125, 8.01563], "texture": "#main"},
				"west": {"uv": [8, 8, 8.0625, 8.01563], "texture": "#main"},
				"up": {"uv": [8, 8, 8.125, 8.0625], "texture": "#main"},
				"down": {"uv": [8, 8, 8.125, 8.0625], "texture": "#main"}
			}
		},
		{
			"from": [-5, 6.5, 8.5],
			"to": [-2, 7, 9.5],
			"faces": {
				"north": {"uv": [8, 8, 8.09375, 8.01563], "texture": "#main"},
				"east": {"uv": [8, 8, 8.03125, 8.01563], "texture": "#main"},
				"south": {"uv": [8, 8, 8.09375, 8.01563], "texture": "#main"},
				"west": {"uv": [8, 8, 8.03125, 8.01563], "texture": "#main"},
				"up": {"uv": [8, 8, 8.09375, 8.03125], "texture": "#main"},
				"down": {"uv": [8, 8, 8.09375, 8.03125], "texture": "#main"}
			}
		},
		{
			"from": [-7, 7, 8.5],
			"to": [-5, 7.5, 9.5],
			"faces": {
				"north": {"uv": [8, 8, 8.0625, 8.01563], "texture": "#main"},
				"east": {"uv": [8, 8, 8.03125, 8.01563], "texture": "#main"},
				"south": {"uv": [8, 8, 8.0625, 8.01563], "texture": "#main"},
				"west": {"uv": [8, 8, 8.03125, 8.01563], "texture": "#main"},
				"up": {"uv": [8, 8, 8.0625, 8.03125], "texture": "#main"},
				"down": {"uv": [8, 8, 8.0625, 8.03125], "texture": "#main"}
			}
		},
		{
			"from": [-5, 7, 8],
			"to": [-2, 7.5, 10],
			"faces": {
				"north": {"uv": [8, 8, 8.09375, 8.01563], "texture": "#main"},
				"east": {"uv": [8, 8, 8.0625, 8.01563], "texture": "#main"},
				"south": {"uv": [8, 8, 8.09375, 8.01563], "texture": "#main"},
				"west": {"uv": [8, 8, 8.0625, 8.01563], "texture": "#main"},
				"up": {"uv": [8, 8, 8.09375, 8.0625], "texture": "#main"},
				"down": {"uv": [8, 8, 8.09375, 8.0625], "texture": "#main"}
			}
		},
		{
			"from": [13.95, 6, 8],
			"to": [20.95, 8.2, 10],
			"faces": {
				"north": {"uv": [8, 8, 8.21875, 8.06875], "texture": "#main"},
				"east": {"uv": [8, 8, 8.09375, 8.06875], "texture": "#main"},
				"south": {"uv": [8, 8, 8.21875, 8.06875], "texture": "#main"},
				"west": {"uv": [8, 8, 8.09375, 8.06875], "texture": "#main"},
				"up": {"uv": [8, 8, 8.21875, 8.09375], "texture": "#main"},
				"down": {"uv": [8, 8, 8.21875, 8.09375], "texture": "#main"}
			}
		},
		{
			"from": [16.95, 5.5, 8],
			"to": [20.95, 8, 10],
			"faces": {
				"north": {"uv": [8, 8, 8.125, 8.07813], "texture": "#main"},
				"east": {"uv": [8, 8, 8.09375, 8.07813], "texture": "#main"},
				"south": {"uv": [8, 8, 8.125, 8.07813], "texture": "#main"},
				"west": {"uv": [8, 8, 8.09375, 8.07813], "texture": "#main"},
				"up": {"uv": [8, 8, 8.125, 8.09375], "texture": "#main"},
				"down": {"uv": [8, 8, 8.125, 8.09375], "texture": "#main"}
			}
		},
		{
			"from": [11, 11.35, 8],
			"to": [17.25, 13.1, 10],
			"rotation": {"angle": -22.5, "axis": "z", "origin": [0, 0, 0]},
			"faces": {
				"north": {"uv": [8, 8, 8.19531, 8.05469], "texture": "#main"},
				"east": {"uv": [8, 8, 8.09375, 8.05469], "texture": "#main"},
				"south": {"uv": [8, 8, 8.19531, 8.05469], "texture": "#main"},
				"west": {"uv": [8, 8, 8.09375, 8.05469], "texture": "#main"},
				"up": {"uv": [8, 8, 8.19531, 8.09375], "texture": "#main"},
				"down": {"uv": [8, 8, 8.19531, 8.09375], "texture": "#main"}
			}
		},
		{
			"from": [7.6, 10.9, 8],
			"to": [10.6, 12.9, 10],
			"rotation": {"angle": -22.5, "axis": "z", "origin": [0, 0, 0]},
			"faces": {
				"north": {"uv": [8, 8, 8.09375, 8.0625], "texture": "#main"},
				"east": {"uv": [8, 8, 8.09375, 8.0625], "texture": "#main"},
				"south": {"uv": [8, 8, 8.09375, 8.0625], "texture": "#main"},
				"west": {"uv": [8, 8, 8.09375, 8.0625], "texture": "#main"},
				"up": {"uv": [8, 8, 8.09375, 8.09375], "texture": "#main"},
				"down": {"uv": [8, 8, 8.09375, 8.09375], "texture": "#main"}
			}
		},
		{
			"from": [-15, 3, 8.5],
			"to": [-14, 4.05, 9.5],
			"rotation": {"angle": -22.5, "axis": "z", "origin": [0, 0, 0]},
			"faces": {
				"north": {"uv": [12, 8, 12.03125, 8.03281], "texture": "#main"},
				"east": {"uv": [12, 8, 12.03125, 8.03281], "texture": "#main"},
				"south": {"uv": [12, 8, 12.03125, 8.03281], "texture": "#main"},
				"west": {"uv": [12, 8, 12.03125, 8.03281], "texture": "#main"},
				"up": {"uv": [12, 8, 12.03125, 8.03125], "texture": "#main"},
				"down": {"uv": [12, 8, 12.03125, 8.03125], "texture": "#main"}
			}
		}
	],
	"display": {
		"thirdperson_righthand": {
			"rotation": [94.08, -85.51, 80.38],
			"translation": [0.75, 1.75, 0.25],
			"scale": [0.54492, 0.54492, 0.54492]
		},
		"thirdperson_lefthand": {
			"rotation": [118.39, 87.92, -108.69],
			"translation": [-0.5, 1.75, 0.25],
			"scale": [0.54492, 0.54492, 0.54492]
		},
		"firstperson_righthand": {
			"rotation": [-65.57, -56.7, -69.78],
			"translation": [0.5, 3.25, -2.25],
			"scale": [0.63867, 0.63867, 0.63867]
		},
		"firstperson_lefthand": {
			"rotation": [165.45, 57.23, -143.84],
			"translation": [2.25, 1, -2.5],
			"scale": [0.63867, 0.63867, 0.63867]
		},
		"ground": {
			"translation": [0, 2.75, 0],
			"scale": [0.5957, 0.5957, 0.5957]
		},
		"gui": {
			"rotation": [15, 53, 0],
			"translation": [1.25, 1, 0],
			"scale": [0.625, 0.625, 0.625]
		},
		"fixed": {
			"rotation": [180, 0.5, 180],
			"translation": [-3.5, 1, -0.75],
			"scale": [0.70898, 0.70898, 0.70898]
		}
	}
}