{
	"credit": "Made with Blockbench",
	"textures": {
		"0": "block/anvil",
		"1": "nubx/nulls_black",
		"particle": "block/anvil"
	},
	"elements": [
		{
			"from": [10, -9, 7],
			"to": [12, -4, 8.5],
			"rotation": {"angle": 45, "axis": "z", "origin": [0, 0, 0]},
			"faces": {
				"north": {"uv": [0, 0, 2, 5], "texture": "#1"},
				"east": {"uv": [0, 0, 1.5, 5], "texture": "#1"},
				"south": {"uv": [0, 0, 2, 5], "texture": "#1"},
				"west": {"uv": [0, 0, 1.5, 5], "texture": "#1"},
				"up": {"uv": [0, 0, 2, 1.5], "texture": "#1"},
				"down": {"uv": [0, 0, 2, 1.5], "texture": "#1"}
			}
		},
		{
			"from": [3, 2.5, 7],
			"to": [5, 7.5, 8.5],
			"rotation": {"angle": -22.5, "axis": "z", "origin": [0, 0, 0]},
			"faces": {
				"north": {"uv": [0, 0, 2, 5], "texture": "#0"},
				"east": {"uv": [0, 0, 1.5, 5], "texture": "#0"},
				"south": {"uv": [0, 0, 2, 5], "texture": "#0"},
				"west": {"uv": [0, 0, 1.5, 5], "texture": "#0"},
				"up": {"uv": [0, 0, 2, 1.5], "texture": "#0"},
				"down": {"uv": [0, 0, 2, 1.5], "texture": "#0"}
			}
		},
		{
			"from": [9.5, 4.24264, 7],
			"to": [13, 6.24264, 8.5],
			"rotation": {"angle": 0, "axis": "y", "origin": [-0.10051, 1.24264, 0]},
			"faces": {
				"north": {"uv": [0, 0, 3.5, 2], "texture": "#1"},
				"east": {"uv": [0, 0, 1.5, 2], "texture": "#1"},
				"south": {"uv": [0, 0, 3.5, 2], "texture": "#1"},
				"west": {"uv": [0, 0, 1.5, 2], "texture": "#1"},
				"up": {"uv": [0, 0, 3.5, 1.5], "texture": "#1"},
				"down": {"uv": [0, 0, 3.5, 1.5], "texture": "#1"}
			}
		},
		{
			"from": [2.5, 5.75, 7],
			"to": [16, 8.25, 8.5],
			"rotation": {"angle": 0, "axis": "y", "origin": [-0.10051, 1.24264, 0]},
			"faces": {
				"north": {"uv": [0, 0, 13.5, 2.5], "texture": "#1"},
				"east": {"uv": [0, 0, 1.5, 2.5], "texture": "#1"},
				"south": {"uv": [0, 0, 13.5, 2.5], "texture": "#1"},
				"west": {"uv": [0, 0, 1.5, 2.5], "texture": "#1"},
				"up": {"uv": [0, 0, 13.5, 1.5], "texture": "#1"},
				"down": {"uv": [0, 0, 13.5, 1.5], "texture": "#1"}
			}
		},
		{
			"from": [-2.5, 4.75, 7],
			"to": [7.5, 7.75, 8.5],
			"rotation": {"angle": 0, "axis": "y", "origin": [-0.10051, 1.24264, 0]},
			"faces": {
				"north": {"uv": [0, 0, 10, 3], "texture": "#1"},
				"east": {"uv": [0, 0, 1.5, 3], "texture": "#1"},
				"south": {"uv": [0, 0, 10, 3], "texture": "#1"},
				"west": {"uv": [0, 0, 1.5, 3], "texture": "#1"},
				"up": {"uv": [0, 0, 10, 1.5], "texture": "#1"},
				"down": {"uv": [0, 0, 10, 1.5], "texture": "#1"}
			}
		},
		{
			"from": [-2.75, 4, 6.75],
			"to": [3.25, 6, 8.75],
			"rotation": {"angle": 0, "axis": "y", "origin": [-0.10051, 1.24264, 0]},
			"faces": {
				"north": {"uv": [0, 0, 6, 2], "texture": "#0"},
				"east": {"uv": [0, 0, 2, 2], "texture": "#0"},
				"south": {"uv": [0, 0, 6, 2], "texture": "#0"},
				"west": {"uv": [0, 0, 2, 2], "texture": "#0"},
				"up": {"uv": [0, 0, 6, 2], "texture": "#0"},
				"down": {"uv": [0, 0, 6, 2], "texture": "#0"}
			}
		},
		{
			"from": [-8.5, 6.5, 7.25],
			"to": [-2.5, 7.5, 8.25],
			"rotation": {"angle": 0, "axis": "y", "origin": [-0.10051, 1.24264, 0]},
			"faces": {
				"north": {"uv": [0, 0, 6, 1], "texture": "#1"},
				"east": {"uv": [0, 0, 1, 1], "texture": "#1"},
				"south": {"uv": [0, 0, 6, 1], "texture": "#1"},
				"west": {"uv": [0, 0, 1, 1], "texture": "#1"},
				"up": {"uv": [0, 0, 6, 1], "texture": "#1"},
				"down": {"uv": [0, 0, 6, 1], "texture": "#1"}
			}
		},
		{
			"from": [-8.6, 6.25, 7],
			"to": [-6.5, 7.75, 8.5],
			"rotation": {"angle": 0, "axis": "y", "origin": [-0.10051, 1.24264, 0]},
			"faces": {
				"north": {"uv": [0, 0, 2.1, 1.5], "texture": "#0"},
				"east": {"uv": [0, 0, 1.5, 1.5], "texture": "#0"},
				"south": {"uv": [0, 0, 2.1, 1.5], "texture": "#0"},
				"west": {"uv": [0, 0, 1.5, 1.5], "texture": "#0"},
				"up": {"uv": [0, 0, 2.1, 1.5], "texture": "#0"},
				"down": {"uv": [0, 0, 2.1, 1.5], "texture": "#0"}
			}
		},
		{
			"from": [7.5, 8.25, 7.25],
			"to": [13.5, 8.75, 8.25],
			"rotation": {"angle": 0, "axis": "y", "origin": [-0.10051, 1.24264, 0]},
			"faces": {
				"north": {"uv": [0, 0, 6, 0.5], "texture": "#0"},
				"east": {"uv": [0, 0, 1, 0.5], "texture": "#0"},
				"south": {"uv": [0, 0, 6, 0.5], "texture": "#0"},
				"west": {"uv": [0, 0, 1, 0.5], "texture": "#0"},
				"up": {"uv": [0, 0, 6, 1], "texture": "#0"},
				"down": {"uv": [0, 0, 6, 1], "texture": "#0"}
			}
		},
		{
			"from": [-2.5, 7.5, 7.25],
			"to": [-2, 8.5, 8.25],
			"rotation": {"angle": 0, "axis": "y", "origin": [-0.10051, 1.24264, 0]},
			"faces": {
				"north": {"uv": [0, 0, 0.5, 1], "texture": "#0"},
				"east": {"uv": [0, 0, 1, 1], "texture": "#0"},
				"south": {"uv": [0, 0, 0.5, 1], "texture": "#0"},
				"west": {"uv": [0, 0, 1, 1], "texture": "#0"},
				"up": {"uv": [0, 0, 0.5, 1], "texture": "#0"},
				"down": {"uv": [0, 0, 0.5, 1], "texture": "#0"}
			}
		},
		{
			"from": [-2.5, 9, 7.25],
			"to": [-2, 9.25, 8.25],
			"rotation": {"angle": 0, "axis": "y", "origin": [-0.10051, 1.24264, 0]},
			"faces": {
				"north": {"uv": [0, 0, 0.5, 0.25], "texture": "#0"},
				"east": {"uv": [0, 0, 1, 0.25], "texture": "#0"},
				"south": {"uv": [0, 0, 0.5, 0.25], "texture": "#0"},
				"west": {"uv": [0, 0, 1, 0.25], "texture": "#0"},
				"up": {"uv": [0, 0, 0.5, 1], "texture": "#0"},
				"down": {"uv": [0, 0, 0.5, 1], "texture": "#0"}
			}
		},
		{
			"from": [-2.5, 8.5, 7.25],
			"to": [-2, 9.25, 7.5],
			"rotation": {"angle": 0, "axis": "y", "origin": [-0.10051, 1.24264, 0]},
			"faces": {
				"north": {"uv": [0, 0, 0.5, 0.75], "texture": "#0"},
				"east": {"uv": [0, 0, 0.25, 0.75], "texture": "#0"},
				"south": {"uv": [0, 0, 0.5, 0.75], "texture": "#0"},
				"west": {"uv": [0, 0, 0.25, 0.75], "texture": "#0"},
				"up": {"uv": [0, 0, 0.5, 0.25], "texture": "#0"},
				"down": {"uv": [0, 0, 0.5, 0.25], "texture": "#0"}
			}
		},
		{
			"from": [9.5, 8.5, 8],
			"to": [10, 9.25, 8.25],
			"rotation": {"angle": 0, "axis": "y", "origin": [-0.10051, 1.24264, 0]},
			"faces": {
				"north": {"uv": [0, 0, 0.5, 0.75], "texture": "#0"},
				"east": {"uv": [0, 0, 0.25, 0.75], "texture": "#0"},
				"south": {"uv": [0, 0, 0.5, 0.75], "texture": "#0"},
				"west": {"uv": [0, 0, 0.25, 0.75], "texture": "#0"},
				"up": {"uv": [0, 0, 0.5, 0.25], "texture": "#0"},
				"down": {"uv": [0, 0, 0.5, 0.25], "texture": "#0"}
			}
		},
		{
			"from": [9.5, 9, 7.25],
			"to": [10, 9.25, 8.25],
			"rotation": {"angle": 0, "axis": "y", "origin": [-0.10051, 1.24264, 0]},
			"faces": {
				"north": {"uv": [0, 0, 0.5, 0.25], "texture": "#0"},
				"east": {"uv": [0, 0, 1, 0.25], "texture": "#0"},
				"south": {"uv": [0, 0, 0.5, 0.25], "texture": "#0"},
				"west": {"uv": [0, 0, 1, 0.25], "texture": "#0"},
				"up": {"uv": [0, 0, 0.5, 1], "texture": "#0"},
				"down": {"uv": [0, 0, 0.5, 1], "texture": "#0"}
			}
		},
		{
			"from": [9.5, 8.5, 7.25],
			"to": [10, 9.25, 7.5],
			"rotation": {"angle": 0, "axis": "y", "origin": [-0.10051, 1.24264, 0]},
			"faces": {
				"north": {"uv": [0, 0, 0.5, 0.75], "texture": "#0"},
				"east": {"uv": [0, 0, 0.25, 0.75], "texture": "#0"},
				"south": {"uv": [0, 0, 0.5, 0.75], "texture": "#0"},
				"west": {"uv": [0, 0, 0.25, 0.75], "texture": "#0"},
				"up": {"uv": [0, 0, 0.5, 0.25], "texture": "#0"},
				"down": {"uv": [0, 0, 0.5, 0.25], "texture": "#0"}
			}
		},
		{
			"from": [6.5, 8.5, 7.625],
			"to": [7, 10.25, 7.875],
			"rotation": {"angle": -22.5, "axis": "z", "origin": [-0.10051, 1.24264, 0]},
			"faces": {
				"north": {"uv": [0, 0, 0.5, 1.75], "texture": "#0"},
				"east": {"uv": [0, 0, 0.25, 1.75], "texture": "#0"},
				"south": {"uv": [0, 0, 0.5, 1.75], "texture": "#0"},
				"west": {"uv": [0, 0, 0.25, 1.75], "texture": "#0"},
				"up": {"uv": [0, 0, 0.5, 0.25], "texture": "#0"},
				"down": {"uv": [0, 0, 0.5, 0.25], "texture": "#0"}
			}
		},
		{
			"from": [-2.5, 8.5, 8],
			"to": [-2, 9.25, 8.25],
			"rotation": {"angle": 0, "axis": "y", "origin": [-0.10051, 1.24264, 0]},
			"faces": {
				"north": {"uv": [0, 0, 0.5, 0.75], "texture": "#0"},
				"east": {"uv": [0, 0, 0.25, 0.75], "texture": "#0"},
				"south": {"uv": [0, 0, 0.5, 0.75], "texture": "#0"},
				"west": {"uv": [0, 0, 0.25, 0.75], "texture": "#0"},
				"up": {"uv": [0, 0, 0.5, 0.25], "texture": "#0"},
				"down": {"uv": [0, 0, 0.5, 0.25], "texture": "#0"}
			}
		},
		{
			"from": [12.50261, 5.48636, 7],
			"to": [19.00261, 7.98636, 8.5],
			"rotation": {"angle": 0, "axis": "y", "origin": [-0.0979, 1.229, 0]},
			"faces": {
				"north": {"uv": [0, 0, 6.5, 2.5], "texture": "#1"},
				"east": {"uv": [0, 0, 1.5, 2.5], "texture": "#1"},
				"south": {"uv": [0, 0, 6.5, 2.5], "texture": "#1"},
				"west": {"uv": [0, 0, 1.5, 2.5], "texture": "#1"},
				"up": {"uv": [0, 0, 6.5, 1.5], "texture": "#1"},
				"down": {"uv": [0, 0, 6.5, 1.5], "texture": "#1"}
			}
		},
		{
			"from": [18.50261, 7.25, 7],
			"to": [25.00261, 7.75, 8.5],
			"rotation": {"angle": 0, "axis": "y", "origin": [-0.0979, 1.229, 0]},
			"faces": {
				"north": {"uv": [0, 0, 6.5, 0.5], "texture": "#1"},
				"east": {"uv": [0, 0, 1.5, 0.5], "texture": "#1"},
				"south": {"uv": [0, 0, 6.5, 0.5], "texture": "#1"},
				"west": {"uv": [0, 0, 1.5, 0.5], "texture": "#1"},
				"up": {"uv": [0, 0, 6.5, 1.5], "texture": "#1"},
				"down": {"uv": [0, 0, 6.5, 1.5], "texture": "#1"}
			}
		},
		{
			"from": [25, 6.25, 7],
			"to": [25.5, 6.75, 8.5],
			"rotation": {"angle": 0, "axis": "y", "origin": [-0.0979, 1.229, 0]},
			"faces": {
				"north": {"uv": [0, 0, 0.5, 0.5], "texture": "#1"},
				"east": {"uv": [0, 0, 1.5, 0.5], "texture": "#1"},
				"south": {"uv": [0, 0, 0.5, 0.5], "texture": "#1"},
				"west": {"uv": [0, 0, 1.5, 0.5], "texture": "#1"},
				"up": {"uv": [0, 0, 0.5, 1.5], "texture": "#1"},
				"down": {"uv": [0, 0, 0.5, 1.5], "texture": "#1"}
			}
		},
		{
			"from": [25, 4.25, 7],
			"to": [25.5, 4.75, 8.5],
			"rotation": {"angle": 0, "axis": "y", "origin": [-0.0979, 1.229, 0]},
			"faces": {
				"north": {"uv": [0, 0, 0.5, 0.5], "texture": "#1"},
				"east": {"uv": [0, 0, 1.5, 0.5], "texture": "#1"},
				"south": {"uv": [0, 0, 0.5, 0.5], "texture": "#1"},
				"west": {"uv": [0, 0, 1.5, 0.5], "texture": "#1"},
				"up": {"uv": [0, 0, 0.5, 1.5], "texture": "#1"},
				"down": {"uv": [0, 0, 0.5, 1.5], "texture": "#1"}
			}
		},
		{
			"from": [20.5, 5, 7],
			"to": [21, 7.5, 8.5],
			"rotation": {"angle": 0, "axis": "y", "origin": [-0.0979, 1.229, 0]},
			"faces": {
				"north": {"uv": [0, 0, 2.5, 0.5], "rotation": 90, "texture": "#1"},
				"east": {"uv": [0, 0, 2.5, 1.5], "rotation": 270, "texture": "#1"},
				"south": {"uv": [0, 0, 2.5, 0.5], "rotation": 270, "texture": "#1"},
				"west": {"uv": [0, 0, 2.5, 1.5], "rotation": 270, "texture": "#1"},
				"up": {"uv": [0, 0, 1.5, 0.5], "rotation": 270, "texture": "#1"},
				"down": {"uv": [0, 0, 1.5, 0.5], "rotation": 270, "texture": "#1"}
			}
		},
		{
			"from": [23, 4, 7],
			"to": [23.5, 7.5, 8.5],
			"rotation": {"angle": 0, "axis": "y", "origin": [-0.0979, 1.229, 0]},
			"faces": {
				"north": {"uv": [0, 0, 3.5, 0.5], "rotation": 90, "texture": "#1"},
				"east": {"uv": [0, 0, 3.5, 1.5], "rotation": 270, "texture": "#1"},
				"south": {"uv": [0, 0, 3.5, 0.5], "rotation": 270, "texture": "#1"},
				"west": {"uv": [0, 0, 3.5, 1.5], "rotation": 270, "texture": "#1"},
				"up": {"uv": [0, 0, 1.5, 0.5], "rotation": 270, "texture": "#1"},
				"down": {"uv": [0, 0, 1.5, 0.5], "rotation": 270, "texture": "#1"}
			}
		},
		{
			"from": [24.5, 3.5, 7],
			"to": [25, 7.5, 8.5],
			"rotation": {"angle": 0, "axis": "y", "origin": [-0.0979, 1.229, 0]},
			"faces": {
				"north": {"uv": [0, 0, 4, 0.5], "rotation": 90, "texture": "#1"},
				"east": {"uv": [0, 0, 4, 1.5], "rotation": 270, "texture": "#1"},
				"south": {"uv": [0, 0, 4, 0.5], "rotation": 270, "texture": "#1"},
				"west": {"uv": [0, 0, 4, 1.5], "rotation": 270, "texture": "#1"},
				"up": {"uv": [0, 0, 1.5, 0.5], "rotation": 270, "texture": "#1"},
				"down": {"uv": [0, 0, 1.5, 0.5], "rotation": 270, "texture": "#1"}
			}
		},
		{
			"from": [25.5, 3.5, 7],
			"to": [26, 7.5, 8.5],
			"rotation": {"angle": 0, "axis": "y", "origin": [-0.0979, 1.229, 0]},
			"faces": {
				"north": {"uv": [0, 0, 4, 0.5], "rotation": 90, "texture": "#1"},
				"east": {"uv": [0, 0, 4, 1.5], "rotation": 270, "texture": "#1"},
				"south": {"uv": [0, 0, 4, 0.5], "rotation": 270, "texture": "#1"},
				"west": {"uv": [0, 0, 4, 1.5], "rotation": 270, "texture": "#1"},
				"up": {"uv": [0, 0, 1.5, 0.5], "rotation": 270, "texture": "#1"},
				"down": {"uv": [0, 0, 1.5, 0.5], "rotation": 270, "texture": "#1"}
			}
		},
		{
			"from": [24.7769, 3.09457, 7],
			"to": [24.9999, 4.09457, 8.5],
			"rotation": {"angle": 0, "axis": "y", "origin": [0.179, 0.82357, 0]},
			"faces": {
				"north": {"uv": [0, 0, 1, 0.223], "rotation": 90, "texture": "#1"},
				"east": {"uv": [0, 0, 1, 1.5], "rotation": 270, "texture": "#1"},
				"south": {"uv": [0, 0, 1, 0.223], "rotation": 270, "texture": "#1"},
				"west": {"uv": [0, 0, 1, 1.5], "rotation": 270, "texture": "#1"},
				"up": {"uv": [0, 0, 1.5, 0.223], "rotation": 270, "texture": "#1"},
				"down": {"uv": [0, 0, 1.5, 0.223], "rotation": 270, "texture": "#1"}
			}
		},
		{
			"from": [17.1144, 13.06279, 7],
			"to": [24.3644, 13.56279, 8.5],
			"rotation": {"angle": -22.5, "axis": "z", "origin": [-0.48615, 7.04179, 0]},
			"faces": {
				"north": {"uv": [0, 0, 7.25, 0.5], "texture": "#1"},
				"east": {"uv": [0, 0, 1.5, 0.5], "texture": "#1"},
				"south": {"uv": [0, 0, 7.25, 0.5], "texture": "#1"},
				"west": {"uv": [0, 0, 1.5, 0.5], "texture": "#1"},
				"up": {"uv": [0, 0, 7.25, 1.5], "texture": "#1"},
				"down": {"uv": [0, 0, 7.25, 1.5], "texture": "#1"}
			}
		},
		{
			"from": [13.19379, -0.7316, 7],
			"to": [16.44379, 1.2684, 8.5],
			"rotation": {"angle": 22.5, "axis": "z", "origin": [0.59328, 1.2684, 0]},
			"faces": {
				"north": {"uv": [0, 0, 3.25, 2], "texture": "#1"},
				"east": {"uv": [0, 0, 1.5, 2], "texture": "#1"},
				"south": {"uv": [0, 0, 3.25, 2], "texture": "#1"},
				"west": {"uv": [0, 0, 1.5, 2], "texture": "#1"},
				"up": {"uv": [0, 0, 3.25, 1.5], "texture": "#1"},
				"down": {"uv": [0, 0, 3.25, 1.5], "texture": "#1"}
			}
		},
		{
			"from": [7.5, 4.24264, 7],
			"to": [11, 4.74264, 8.5],
			"rotation": {"angle": 0, "axis": "y", "origin": [-0.10051, 1.24264, 0]},
			"faces": {
				"north": {"uv": [0, 0, 3.5, 0.5], "texture": "#1"},
				"east": {"uv": [0, 0, 1.5, 0.5], "texture": "#1"},
				"south": {"uv": [0, 0, 3.5, 0.5], "texture": "#1"},
				"west": {"uv": [0, 0, 1.5, 0.5], "texture": "#1"},
				"up": {"uv": [0, 0, 3.5, 1.5], "texture": "#1"},
				"down": {"uv": [0, 0, 3.5, 1.5], "texture": "#1"}
			}
		},
		{
			"from": [7.39949, 4.25, 7],
			"to": [7.89949, 7.75, 8.5],
			"rotation": {"angle": 0, "axis": "y", "origin": [-0.10051, 1.24264, 0]},
			"faces": {
				"north": {"uv": [0, 0, 3.5, 0.5], "rotation": 90, "texture": "#1"},
				"east": {"uv": [0, 0, 3.5, 1.5], "rotation": 270, "texture": "#1"},
				"south": {"uv": [0, 0, 3.5, 0.5], "rotation": 270, "texture": "#1"},
				"west": {"uv": [0, 0, 3.5, 1.5], "rotation": 270, "texture": "#1"},
				"up": {"uv": [0, 0, 1.5, 0.5], "rotation": 270, "texture": "#1"},
				"down": {"uv": [0, 0, 1.5, 0.5], "rotation": 270, "texture": "#1"}
			}
		}
	],
	"display": {
		"thirdperson_righthand": {
			"rotation": [1.14, -90, 0],
			"translation": [0, 2.5, -1.5],
			"scale": [0.60938, 0.60938, 0.60938]
		},
		"thirdperson_lefthand": {
			"rotation": [1.14, 90, 0],
			"translation": [0, 2.25, -1.5],
			"scale": [0.60938, 0.60938, 0.60938]
		},
		"firstperson_righthand": {
			"rotation": [180, -85, 180],
			"translation": [5.5, 0, -7]
		},
		"firstperson_lefthand": {
			"rotation": [0, 80, 0],
			"translation": [6.75, 0, -7.25]
		},
		"ground": {
			"translation": [0, 4.75, 0],
			"scale": [0.60156, 0.60156, 0.60156]
		},
		"gui": {
			"rotation": [35, 45, 0],
			"translation": [0, -0.25, 0],
			"scale": [0.48047, 0.48047, 0.48047]
		},
		"fixed": {
			"translation": [0, 0, -0.75],
			"scale": [0.70117, 0.70117, 0.70117]
		}
	}
}