{
	"credit": "Made with Blockbench",
	"textures": {
		"0": "block/texture",
		"1": "block/texture",
		"particle": "block/texture"
	},
	"elements": [
		{
			"from": [8.75, 12.25, 28.5],
			"to": [10.25, 13.75, 31],
			"rotation": {"angle": -45, "axis": "z", "origin": [9.25, 12, 30]},
			"faces": {
				"north": {"uv": [0, 0, 1.5, 1.5], "texture": "#0"},
				"east": {"uv": [0, 0, 2.5, 1.5], "texture": "#0"},
				"south": {"uv": [0, 0, 1.5, 1.5], "texture": "#0"},
				"west": {"uv": [0, 0, 2.5, 1.5], "texture": "#0"},
				"up": {"uv": [0, 0, 1.5, 2.5], "texture": "#0"},
				"down": {"uv": [0, 0, 1.5, 2.5], "texture": "#0"}
			}
		},
		{
			"from": [8.75, 12.75, 31],
			"to": [9.75, 13.5, 31.25],
			"rotation": {"angle": -45, "axis": "z", "origin": [9, 12, 30]},
			"faces": {
				"north": {"uv": [0, 0, 1, 0.75], "texture": "#1"},
				"east": {"uv": [0, 0, 0.25, 0.75], "texture": "#1"},
				"south": {"uv": [0, 0, 1, 0.75], "texture": "#1"},
				"west": {"uv": [0, 0, 0.25, 0.75], "texture": "#1"},
				"up": {"uv": [0, 0, 1, 0.25], "texture": "#1"},
				"down": {"uv": [0, 0, 1, 0.25], "texture": "#1"}
			}
		},
		{
			"from": [9.75, 12, 19.5],
			"to": [10.75, 13, 28.5],
			"rotation": {"angle": 22.5, "axis": "z", "origin": [10.25, 12, 23]},
			"faces": {
				"north": {"uv": [0, 0, 1, 1], "rotation": 90, "texture": "#1"},
				"east": {"uv": [0, 0, 1, 9], "rotation": 270, "texture": "#1"},
				"south": {"uv": [0, 0, 1, 1], "rotation": 270, "texture": "#1"},
				"west": {"uv": [0, 0, 1, 9], "rotation": 270, "texture": "#1"},
				"up": {"uv": [0, 0, 9, 1], "rotation": 270, "texture": "#1"},
				"down": {"uv": [0, 0, 9, 1], "rotation": 270, "texture": "#1"}
			}
		},
		{
			"from": [9, 11.25, -14],
			"to": [11, 13.25, -8],
			"rotation": {"angle": 45, "axis": "z", "origin": [10, 12, -10]},
			"faces": {
				"north": {"uv": [0, 0, 2, 2], "rotation": 90, "texture": "#1"},
				"east": {"uv": [0, 0, 2, 6], "rotation": 270, "texture": "#1"},
				"south": {"uv": [0, 0, 2, 2], "rotation": 270, "texture": "#1"},
				"west": {"uv": [0, 0, 2, 6], "rotation": 270, "texture": "#1"},
				"up": {"uv": [0, 0, 6, 2], "rotation": 270, "texture": "#1"},
				"down": {"uv": [0, 0, 6, 2], "rotation": 270, "texture": "#1"}
			}
		},
		{
			"from": [8.98954, 8.50208, -13.75],
			"to": [10.98954, 9.50208, -8.25],
			"rotation": {"angle": -22.5, "axis": "x", "origin": [11, 7, -10]},
			"faces": {
				"north": {"uv": [0, 0, 1, 2], "rotation": 90, "texture": "#1"},
				"east": {"uv": [0, 0, 1, 5.5], "rotation": 270, "texture": "#1"},
				"south": {"uv": [0, 0, 1, 2], "rotation": 270, "texture": "#1"},
				"west": {"uv": [0, 0, 1, 5.5], "rotation": 270, "texture": "#1"},
				"up": {"uv": [0, 0, 5.5, 2], "rotation": 270, "texture": "#1"},
				"down": {"uv": [0, 0, 5.5, 2], "rotation": 270, "texture": "#1"}
			}
		},
		{
			"from": [8.98954, 8.50208, -9],
			"to": [10.98954, 9.50208, -3.5],
			"rotation": {"angle": -22.5, "axis": "x", "origin": [11, 7, -10]},
			"faces": {
				"north": {"uv": [0, 0, 1, 2], "rotation": 90, "texture": "#1"},
				"east": {"uv": [0, 0, 1, 5.5], "rotation": 270, "texture": "#1"},
				"south": {"uv": [0, 0, 1, 2], "rotation": 270, "texture": "#1"},
				"west": {"uv": [0, 0, 1, 5.5], "rotation": 270, "texture": "#1"},
				"up": {"uv": [0, 0, 5.5, 2], "rotation": 270, "texture": "#1"},
				"down": {"uv": [0, 0, 5.5, 2], "rotation": 270, "texture": "#1"}
			}
		},
		{
			"from": [9.25, 11.5, -8],
			"to": [10.75, 13, -2.5],
			"rotation": {"angle": 45, "axis": "z", "origin": [10, 12, -6.5]},
			"faces": {
				"north": {"uv": [0, 0, 1.5, 1.5], "rotation": 90, "texture": "#1"},
				"east": {"uv": [0, 0, 1.5, 5.5], "rotation": 270, "texture": "#1"},
				"south": {"uv": [0, 0, 1.5, 1.5], "rotation": 270, "texture": "#1"},
				"west": {"uv": [0, 0, 1.5, 5.5], "rotation": 270, "texture": "#1"},
				"up": {"uv": [0, 0, 5.5, 1.5], "rotation": 270, "texture": "#1"},
				"down": {"uv": [0, 0, 5.5, 1.5], "rotation": 270, "texture": "#1"}
			}
		},
		{
			"from": [8.90485, 10.77165, 6.5],
			"to": [10.40485, 12.27165, 7.5],
			"rotation": {"angle": 45, "axis": "z", "origin": [8.75, 12, 6.5]},
			"faces": {
				"north": {"uv": [0, 0, 1.5, 1.5], "rotation": 90, "texture": "#1"},
				"east": {"uv": [0, 0, 1.5, 1], "rotation": 270, "texture": "#1"},
				"south": {"uv": [0, 0, 1.5, 1.5], "rotation": 270, "texture": "#1"},
				"west": {"uv": [0, 0, 1.5, 1], "rotation": 270, "texture": "#1"},
				"up": {"uv": [0, 0, 1, 1.5], "rotation": 270, "texture": "#1"},
				"down": {"uv": [0, 0, 1, 1.5], "rotation": 270, "texture": "#1"}
			}
		},
		{
			"from": [8.5, 11, 5.75],
			"to": [11, 14, 6.5],
			"rotation": {"angle": 0, "axis": "y", "origin": [10, 12, 23]},
			"faces": {
				"north": {"uv": [0, 0, 3, 2.5], "rotation": 90, "texture": "#0"},
				"east": {"uv": [0, 0, 3, 0.75], "rotation": 270, "texture": "#0"},
				"south": {"uv": [0, 0, 3, 2.5], "rotation": 270, "texture": "#0"},
				"west": {"uv": [0, 0, 3, 0.75], "rotation": 270, "texture": "#0"},
				"up": {"uv": [0, 0, 0.75, 2.5], "rotation": 270, "texture": "#0"},
				"down": {"uv": [0, 0, 0.75, 2.5], "rotation": 270, "texture": "#0"}
			}
		},
		{
			"from": [8.5, 11, 5],
			"to": [11, 14, 5.75],
			"rotation": {"angle": 0, "axis": "y", "origin": [10, 12, 23]},
			"faces": {
				"north": {"uv": [0, 0, 3, 2.5], "rotation": 90, "texture": "#0"},
				"east": {"uv": [0, 0, 3, 0.75], "rotation": 270, "texture": "#0"},
				"south": {"uv": [0, 0, 3, 2.5], "rotation": 270, "texture": "#0"},
				"west": {"uv": [0, 0, 3, 0.75], "rotation": 270, "texture": "#0"},
				"up": {"uv": [0, 0, 0.75, 2.5], "rotation": 270, "texture": "#0"},
				"down": {"uv": [0, 0, 0.75, 2.5], "rotation": 270, "texture": "#0"}
			}
		},
		{
			"from": [8.5, 11.75, 3.25],
			"to": [11, 13.5, 5],
			"rotation": {"angle": 0, "axis": "y", "origin": [10, 12, 23]},
			"faces": {
				"north": {"uv": [0, 0, 1.75, 2.5], "rotation": 90, "texture": "#0"},
				"east": {"uv": [0, 0, 1.75, 1.75], "rotation": 270, "texture": "#0"},
				"south": {"uv": [0, 0, 1.75, 2.5], "rotation": 270, "texture": "#0"},
				"west": {"uv": [0, 0, 1.75, 1.75], "rotation": 270, "texture": "#0"},
				"up": {"uv": [0, 0, 1.75, 2.5], "rotation": 270, "texture": "#0"},
				"down": {"uv": [0, 0, 1.75, 2.5], "rotation": 270, "texture": "#0"}
			}
		},
		{
			"from": [8.5, 11.75, 0.5],
			"to": [11, 13.25, 5],
			"rotation": {"angle": 0, "axis": "y", "origin": [10, 12, 23]},
			"faces": {
				"north": {"uv": [0, 0, 1.5, 2.5], "rotation": 90, "texture": "#0"},
				"east": {"uv": [0, 0, 1.5, 4.5], "rotation": 270, "texture": "#0"},
				"south": {"uv": [0, 0, 1.5, 2.5], "rotation": 270, "texture": "#0"},
				"west": {"uv": [0, 0, 1.5, 4.5], "rotation": 270, "texture": "#0"},
				"up": {"uv": [0, 0, 4.5, 2.5], "rotation": 270, "texture": "#0"},
				"down": {"uv": [0, 0, 4.5, 2.5], "rotation": 270, "texture": "#0"}
			}
		},
		{
			"from": [8.5, 13.25, -0.5],
			"to": [11, 13.5, 3.25],
			"rotation": {"angle": 0, "axis": "y", "origin": [10, 12, 23]},
			"faces": {
				"north": {"uv": [0, 0, 0.25, 2.5], "rotation": 90, "texture": "#1"},
				"east": {"uv": [0, 0, 0.25, 3.75], "rotation": 270, "texture": "#1"},
				"south": {"uv": [0, 0, 0.25, 2.5], "rotation": 270, "texture": "#1"},
				"west": {"uv": [0, 0, 0.25, 3.75], "rotation": 270, "texture": "#1"},
				"up": {"uv": [0, 0, 3.75, 2.5], "rotation": 270, "texture": "#1"},
				"down": {"uv": [0, 0, 3.75, 2.5], "rotation": 270, "texture": "#1"}
			}
		},
		{
			"from": [8.25, 12.25, -3.25],
			"to": [11.25, 12.5, -2.25],
			"rotation": {"angle": 0, "axis": "y", "origin": [10, 12, 23]},
			"faces": {
				"north": {"uv": [0, 0, 0.25, 3], "rotation": 90, "texture": "#1"},
				"east": {"uv": [0, 0, 0.25, 1], "rotation": 270, "texture": "#1"},
				"south": {"uv": [0, 0, 0.25, 3], "rotation": 270, "texture": "#1"},
				"west": {"uv": [0, 0, 0.25, 1], "rotation": 270, "texture": "#1"},
				"up": {"uv": [0, 0, 1, 3], "rotation": 270, "texture": "#1"},
				"down": {"uv": [0, 0, 1, 3], "rotation": 270, "texture": "#1"}
			}
		},
		{
			"from": [8.25, 12, -2.5],
			"to": [11.25, 12.75, -1.75],
			"rotation": {"angle": 0, "axis": "y", "origin": [10, 12, 23]},
			"faces": {
				"north": {"uv": [0, 0, 0.75, 3], "rotation": 90, "texture": "#1"},
				"east": {"uv": [0, 0, 0.75, 0.75], "rotation": 270, "texture": "#1"},
				"south": {"uv": [0, 0, 0.75, 3], "rotation": 270, "texture": "#1"},
				"west": {"uv": [0, 0, 0.75, 0.75], "rotation": 270, "texture": "#1"},
				"up": {"uv": [0, 0, 0.75, 3], "rotation": 270, "texture": "#1"},
				"down": {"uv": [0, 0, 0.75, 3], "rotation": 270, "texture": "#1"}
			}
		},
		{
			"from": [7.24715, 11.68782, 0.75],
			"to": [9.74715, 13.93782, 5],
			"rotation": {"angle": 45, "axis": "z", "origin": [10, 14, -1]},
			"faces": {
				"north": {"uv": [0, 0, 2.25, 2.5], "rotation": 90, "texture": "#0"},
				"east": {"uv": [0, 0, 2.25, 4.25], "rotation": 270, "texture": "#0"},
				"south": {"uv": [0, 0, 2.25, 2.5], "rotation": 270, "texture": "#0"},
				"west": {"uv": [0, 0, 2.25, 4.25], "rotation": 270, "texture": "#0"},
				"up": {"uv": [0, 0, 4.25, 2.5], "rotation": 270, "texture": "#0"},
				"down": {"uv": [0, 0, 4.25, 2.5], "rotation": 270, "texture": "#0"}
			}
		},
		{
			"from": [8.5, 8.25, 1.5],
			"to": [11, 10, 4.75],
			"rotation": {"angle": 0, "axis": "y", "origin": [10, 12, 23]},
			"faces": {
				"north": {"uv": [0, 0, 1.75, 2.5], "rotation": 90, "texture": "#1"},
				"east": {"uv": [0, 0, 1.75, 3.25], "rotation": 270, "texture": "#1"},
				"south": {"uv": [0, 0, 1.75, 2.5], "rotation": 270, "texture": "#1"},
				"west": {"uv": [0, 0, 1.75, 3.25], "rotation": 270, "texture": "#1"},
				"up": {"uv": [0, 0, 3.25, 2.5], "rotation": 270, "texture": "#1"},
				"down": {"uv": [0, 0, 3.25, 2.5], "rotation": 270, "texture": "#1"}
			}
		},
		{
			"from": [8.5, 6.38268, 2.07612],
			"to": [11, 8.88268, 5.32612],
			"rotation": {"angle": -22.5, "axis": "x", "origin": [10, 7, 3.25]},
			"faces": {
				"north": {"uv": [0, 0, 2.5, 2.5], "rotation": 90, "texture": "#1"},
				"east": {"uv": [0, 0, 2.5, 3.25], "rotation": 270, "texture": "#1"},
				"south": {"uv": [0, 0, 2.5, 2.5], "rotation": 270, "texture": "#1"},
				"west": {"uv": [0, 0, 2.5, 3.25], "rotation": 270, "texture": "#1"},
				"up": {"uv": [0, 0, 3.25, 2.5], "rotation": 270, "texture": "#1"},
				"down": {"uv": [0, 0, 3.25, 2.5], "rotation": 270, "texture": "#1"}
			}
		},
		{
			"from": [9.25, 12.38268, -0.17388],
			"to": [10.25, 13.63268, 0.07612],
			"rotation": {"angle": -22.5, "axis": "x", "origin": [10, 7, 3.25]},
			"faces": {
				"north": {"uv": [0, 0, 1.25, 1], "rotation": 90, "texture": "#1"},
				"east": {"uv": [0, 0, 1.25, 0.25], "rotation": 270, "texture": "#1"},
				"south": {"uv": [0, 0, 1.25, 1], "rotation": 270, "texture": "#1"},
				"west": {"uv": [0, 0, 1.25, 0.25], "rotation": 270, "texture": "#1"},
				"up": {"uv": [0, 0, 0.25, 1], "rotation": 270, "texture": "#1"},
				"down": {"uv": [0, 0, 0.25, 1], "rotation": 270, "texture": "#1"}
			}
		},
		{
			"from": [8.5, 3.75, 2],
			"to": [11, 6.25, 5.25],
			"rotation": {"angle": -22.5, "axis": "x", "origin": [10, 7, 2.25]},
			"faces": {
				"north": {"uv": [0, 0, 2.5, 2.5], "rotation": 90, "texture": "#1"},
				"east": {"uv": [0, 0, 2.5, 3.25], "rotation": 270, "texture": "#1"},
				"south": {"uv": [0, 0, 2.5, 2.5], "rotation": 270, "texture": "#1"},
				"west": {"uv": [0, 0, 2.5, 3.25], "rotation": 270, "texture": "#1"},
				"up": {"uv": [0, 0, 3.25, 2.5], "rotation": 270, "texture": "#1"},
				"down": {"uv": [0, 0, 3.25, 2.5], "rotation": 270, "texture": "#1"}
			}
		},
		{
			"from": [8.5, 11.25, 2.25],
			"to": [11, 11.75, 5],
			"rotation": {"angle": 0, "axis": "y", "origin": [10, 12, 23]},
			"faces": {
				"north": {"uv": [0, 0, 0.5, 2.5], "rotation": 90, "texture": "#0"},
				"east": {"uv": [0, 0, 0.5, 2.75], "rotation": 270, "texture": "#0"},
				"south": {"uv": [0, 0, 0.5, 2.5], "rotation": 270, "texture": "#0"},
				"west": {"uv": [0, 0, 0.5, 2.75], "rotation": 270, "texture": "#0"},
				"up": {"uv": [0, 0, 2.75, 2.5], "rotation": 270, "texture": "#0"},
				"down": {"uv": [0, 0, 2.75, 2.5], "rotation": 270, "texture": "#0"}
			}
		},
		{
			"from": [8.5, 13.5, -5.75],
			"to": [11, 14.5, 5],
			"rotation": {"angle": 0, "axis": "y", "origin": [10, 12, 23]},
			"faces": {
				"north": {"uv": [0, 0, 1, 2.5], "rotation": 90, "texture": "#0"},
				"east": {"uv": [0, 0, 1, 10.75], "rotation": 270, "texture": "#0"},
				"south": {"uv": [0, 0, 1, 2.5], "rotation": 270, "texture": "#0"},
				"west": {"uv": [0, 0, 1, 10.75], "rotation": 270, "texture": "#0"},
				"up": {"uv": [0, 0, 10.75, 2.5], "rotation": 270, "texture": "#0"},
				"down": {"uv": [0, 0, 10.75, 2.5], "rotation": 270, "texture": "#0"}
			}
		},
		{
			"from": [9.25, 15, 4.5],
			"to": [10.25, 15.35, 4.65],
			"rotation": {"angle": 0, "axis": "y", "origin": [10, 12, 23]},
			"faces": {
				"north": {"uv": [0, 0, 0.35, 1], "rotation": 90, "texture": "#0"},
				"east": {"uv": [0, 0, 0.35, 0.15], "rotation": 270, "texture": "#0"},
				"south": {"uv": [0, 0, 0.35, 1], "rotation": 270, "texture": "#0"},
				"west": {"uv": [0, 0, 0.35, 0.15], "rotation": 270, "texture": "#0"},
				"up": {"uv": [0, 0, 0.15, 1], "rotation": 270, "texture": "#0"},
				"down": {"uv": [0, 0, 0.15, 1], "rotation": 270, "texture": "#0"}
			}
		},
		{
			"from": [9.25, 14.5, 4.4],
			"to": [10.25, 15.1, 4.65],
			"rotation": {"angle": 0, "axis": "y", "origin": [10, 12, 23]},
			"faces": {
				"north": {"uv": [0, 0, 0.6, 1], "rotation": 90, "texture": "#0"},
				"east": {"uv": [0, 0, 0.6, 0.25], "rotation": 270, "texture": "#0"},
				"south": {"uv": [0, 0, 0.6, 1], "rotation": 270, "texture": "#0"},
				"west": {"uv": [0, 0, 0.6, 0.25], "rotation": 270, "texture": "#0"},
				"up": {"uv": [0, 0, 0.25, 1], "rotation": 270, "texture": "#0"},
				"down": {"uv": [0, 0, 0.25, 1], "rotation": 270, "texture": "#0"}
			}
		},
		{
			"from": [9.25, 14.5, 4.25],
			"to": [10.25, 14.85, 4.4],
			"rotation": {"angle": 0, "axis": "y", "origin": [10, 12, 23]},
			"faces": {
				"north": {"uv": [0, 0, 0.35, 1], "rotation": 90, "texture": "#0"},
				"east": {"uv": [0, 0, 0.35, 0.15], "rotation": 270, "texture": "#0"},
				"south": {"uv": [0, 0, 0.35, 1], "rotation": 270, "texture": "#0"},
				"west": {"uv": [0, 0, 0.35, 0.15], "rotation": 270, "texture": "#0"},
				"up": {"uv": [0, 0, 0.15, 1], "rotation": 270, "texture": "#0"},
				"down": {"uv": [0, 0, 0.15, 1], "rotation": 270, "texture": "#0"}
			}
		},
		{
			"from": [9.25, 16, -2.85],
			"to": [10.25, 16.25, 4.15],
			"rotation": {"angle": 0, "axis": "y", "origin": [9.5, 16, 0.5]},
			"faces": {
				"north": {"uv": [0, 0, 0.25, 1], "rotation": 90, "texture": "#0"},
				"east": {"uv": [0, 0, 0.25, 7], "rotation": 270, "texture": "#0"},
				"south": {"uv": [0, 0, 0.25, 1], "rotation": 270, "texture": "#0"},
				"west": {"uv": [0, 0, 0.25, 7], "rotation": 270, "texture": "#0"},
				"up": {"uv": [0, 0, 7, 1], "rotation": 270, "texture": "#0"},
				"down": {"uv": [0, 0, 7, 1], "rotation": 270, "texture": "#0"}
			}
		},
		{
			"from": [9, 13.75, -6.75],
			"to": [10.5, 14, -5.75],
			"rotation": {"angle": 0, "axis": "y", "origin": [10, 12, 23]},
			"faces": {
				"north": {"uv": [0, 0, 0.25, 1.5], "rotation": 90, "texture": "#1"},
				"east": {"uv": [0, 0, 0.25, 1], "rotation": 270, "texture": "#1"},
				"south": {"uv": [0, 0, 0.25, 1.5], "rotation": 270, "texture": "#1"},
				"west": {"uv": [0, 0, 0.25, 1], "rotation": 270, "texture": "#1"},
				"up": {"uv": [0, 0, 1, 1.5], "rotation": 270, "texture": "#1"},
				"down": {"uv": [0, 0, 1, 1.5], "rotation": 270, "texture": "#1"}
			}
		},
		{
			"from": [9.25, 14, -6.75],
			"to": [10.25, 14.25, -5.75],
			"rotation": {"angle": 0, "axis": "y", "origin": [10, 12, 23]},
			"faces": {
				"north": {"uv": [0, 0, 0.25, 1], "rotation": 90, "texture": "#0"},
				"east": {"uv": [0, 0, 0.25, 1], "rotation": 270, "texture": "#0"},
				"south": {"uv": [0, 0, 0.25, 1], "rotation": 270, "texture": "#0"},
				"west": {"uv": [0, 0, 0.25, 1], "rotation": 270, "texture": "#0"},
				"up": {"uv": [0, 0, 1, 1], "rotation": 270, "texture": "#0"},
				"down": {"uv": [0, 0, 1, 1], "rotation": 270, "texture": "#0"}
			}
		},
		{
			"from": [8.5, 13.75, -7.25],
			"to": [11, 14.25, -6.75],
			"rotation": {"angle": 0, "axis": "y", "origin": [10, 12, 23]},
			"faces": {
				"north": {"uv": [0, 0, 0.5, 2.5], "rotation": 90, "texture": "#0"},
				"east": {"uv": [0, 0, 0.5, 0.5], "rotation": 270, "texture": "#0"},
				"south": {"uv": [0, 0, 0.5, 2.5], "rotation": 270, "texture": "#0"},
				"west": {"uv": [0, 0, 0.5, 0.5], "rotation": 270, "texture": "#0"},
				"up": {"uv": [0, 0, 0.5, 2.5], "rotation": 270, "texture": "#0"},
				"down": {"uv": [0, 0, 0.5, 2.5], "rotation": 270, "texture": "#0"}
			}
		},
		{
			"from": [8.5, 10.5, 0.5],
			"to": [11, 11.75, 2.25],
			"rotation": {"angle": 0, "axis": "y", "origin": [10, 12, 23]},
			"faces": {
				"north": {"uv": [0, 0, 1.25, 2.5], "rotation": 90, "texture": "#0"},
				"east": {"uv": [0, 0, 1.25, 1.75], "rotation": 270, "texture": "#0"},
				"south": {"uv": [0, 0, 1.25, 2.5], "rotation": 270, "texture": "#0"},
				"west": {"uv": [0, 0, 1.25, 1.75], "rotation": 270, "texture": "#0"},
				"up": {"uv": [0, 0, 1.75, 2.5], "rotation": 270, "texture": "#0"},
				"down": {"uv": [0, 0, 1.75, 2.5], "rotation": 270, "texture": "#0"}
			}
		},
		{
			"from": [8.25, 9.75, 0.5],
			"to": [11.25, 10.5, 3.75],
			"rotation": {"angle": 0, "axis": "y", "origin": [10, 12, 23]},
			"faces": {
				"north": {"uv": [0, 0, 0.75, 3], "rotation": 90, "texture": "#0"},
				"east": {"uv": [0, 0, 0.75, 3.25], "rotation": 270, "texture": "#0"},
				"south": {"uv": [0, 0, 0.75, 3], "rotation": 270, "texture": "#0"},
				"west": {"uv": [0, 0, 0.75, 3.25], "rotation": 270, "texture": "#0"},
				"up": {"uv": [0, 0, 3.25, 3], "rotation": 270, "texture": "#0"},
				"down": {"uv": [0, 0, 3.25, 3], "rotation": 270, "texture": "#0"}
			}
		},
		{
			"from": [8.25, 10, 3.75],
			"to": [11.25, 10.5, 5.5],
			"rotation": {"angle": 0, "axis": "y", "origin": [10, 12, 23]},
			"faces": {
				"north": {"uv": [0, 0, 0.5, 3], "rotation": 90, "texture": "#0"},
				"east": {"uv": [0, 0, 0.5, 1.75], "rotation": 270, "texture": "#0"},
				"south": {"uv": [0, 0, 0.5, 3], "rotation": 270, "texture": "#0"},
				"west": {"uv": [0, 0, 0.5, 1.75], "rotation": 270, "texture": "#0"},
				"up": {"uv": [0, 0, 1.75, 3], "rotation": 270, "texture": "#0"},
				"down": {"uv": [0, 0, 1.75, 3], "rotation": 270, "texture": "#0"}
			}
		},
		{
			"from": [8.5, 10.5, 2.25],
			"to": [11, 11.25, 5.25],
			"rotation": {"angle": 0, "axis": "y", "origin": [10, 12, 23]},
			"faces": {
				"north": {"uv": [0, 0, 0.75, 2.5], "rotation": 90, "texture": "#0"},
				"east": {"uv": [0, 0, 0.75, 3], "rotation": 270, "texture": "#0"},
				"south": {"uv": [0, 0, 0.75, 2.5], "rotation": 270, "texture": "#0"},
				"west": {"uv": [0, 0, 0.75, 3], "rotation": 270, "texture": "#0"},
				"up": {"uv": [0, 0, 3, 2.5], "rotation": 270, "texture": "#0"},
				"down": {"uv": [0, 0, 3, 2.5], "rotation": 270, "texture": "#0"}
			}
		},
		{
			"from": [8.5, 11.75, -2.75],
			"to": [11, 13.25, 0.5],
			"rotation": {"angle": 0, "axis": "y", "origin": [10, 12, 23]},
			"faces": {
				"north": {"uv": [0, 0, 1.5, 2.5], "rotation": 90, "texture": "#0"},
				"east": {"uv": [0, 0, 1.5, 3.25], "rotation": 270, "texture": "#0"},
				"south": {"uv": [0, 0, 1.5, 2.5], "rotation": 270, "texture": "#0"},
				"west": {"uv": [0, 0, 1.5, 3.25], "rotation": 270, "texture": "#0"},
				"up": {"uv": [0, 0, 3.25, 2.5], "rotation": 270, "texture": "#0"},
				"down": {"uv": [0, 0, 3.25, 2.5], "rotation": 270, "texture": "#0"}
			}
		},
		{
			"from": [8.5, 6.75, -15],
			"to": [11, 14, -14],
			"rotation": {"angle": 0, "axis": "y", "origin": [10, 12, 23]},
			"faces": {
				"north": {"uv": [0, 0, 7.25, 2.5], "rotation": 90, "texture": "#0"},
				"east": {"uv": [0, 0, 7.25, 1], "rotation": 270, "texture": "#0"},
				"south": {"uv": [0, 0, 7.25, 2.5], "rotation": 270, "texture": "#0"},
				"west": {"uv": [0, 0, 7.25, 1], "rotation": 270, "texture": "#0"},
				"up": {"uv": [0, 0, 1, 2.5], "rotation": 270, "texture": "#0"},
				"down": {"uv": [0, 0, 1, 2.5], "rotation": 270, "texture": "#0"}
			}
		},
		{
			"from": [8.5, 11.5, -2.5],
			"to": [11, 11.75, 0.5],
			"rotation": {"angle": 0, "axis": "y", "origin": [10, 12, 23]},
			"faces": {
				"north": {"uv": [0, 0, 0.25, 2.5], "rotation": 90, "texture": "#1"},
				"east": {"uv": [0, 0, 0.25, 3], "rotation": 270, "texture": "#1"},
				"south": {"uv": [0, 0, 0.25, 2.5], "rotation": 270, "texture": "#1"},
				"west": {"uv": [0, 0, 0.25, 3], "rotation": 270, "texture": "#1"},
				"up": {"uv": [0, 0, 3, 2.5], "rotation": 270, "texture": "#1"},
				"down": {"uv": [0, 0, 3, 2.5], "rotation": 270, "texture": "#1"}
			}
		},
		{
			"from": [8.5, 13.25, -2.75],
			"to": [11, 13.5, 1],
			"rotation": {"angle": 0, "axis": "y", "origin": [10, 12, 23]},
			"faces": {
				"north": {"uv": [0, 0, 0.25, 2.5], "rotation": 90, "texture": "#1"},
				"east": {"uv": [0, 0, 0.25, 3.75], "rotation": 270, "texture": "#1"},
				"south": {"uv": [0, 0, 0.25, 2.5], "rotation": 270, "texture": "#1"},
				"west": {"uv": [0, 0, 0.25, 3.75], "rotation": 270, "texture": "#1"},
				"up": {"uv": [0, 0, 3.75, 2.5], "rotation": 270, "texture": "#1"},
				"down": {"uv": [0, 0, 3.75, 2.5], "rotation": 270, "texture": "#1"}
			}
		},
		{
			"from": [8.5, 9.75, -2.5],
			"to": [11, 10, 0.5],
			"rotation": {"angle": 0, "axis": "y", "origin": [10, 12, 23]},
			"faces": {
				"north": {"uv": [0, 0, 0.25, 2.5], "rotation": 90, "texture": "#1"},
				"east": {"uv": [0, 0, 0.25, 3], "rotation": 270, "texture": "#1"},
				"south": {"uv": [0, 0, 0.25, 2.5], "rotation": 270, "texture": "#1"},
				"west": {"uv": [0, 0, 0.25, 3], "rotation": 270, "texture": "#1"},
				"up": {"uv": [0, 0, 3, 2.5], "rotation": 270, "texture": "#1"},
				"down": {"uv": [0, 0, 3, 2.5], "rotation": 270, "texture": "#1"}
			}
		},
		{
			"from": [8.5, 9.75, -4],
			"to": [11, 10.75, -2.5],
			"rotation": {"angle": 0, "axis": "y", "origin": [10, 12, 23]},
			"faces": {
				"north": {"uv": [0, 0, 1, 2.5], "rotation": 90, "texture": "#1"},
				"east": {"uv": [0, 0, 1, 1.5], "rotation": 270, "texture": "#1"},
				"south": {"uv": [0, 0, 1, 2.5], "rotation": 270, "texture": "#1"},
				"west": {"uv": [0, 0, 1, 1.5], "rotation": 270, "texture": "#1"},
				"up": {"uv": [0, 0, 1.5, 2.5], "rotation": 270, "texture": "#1"},
				"down": {"uv": [0, 0, 1.5, 2.5], "rotation": 270, "texture": "#1"}
			}
		},
		{
			"from": [8.5, 9.75, 0.25],
			"to": [11, 11.75, 0.5],
			"rotation": {"angle": 0, "axis": "y", "origin": [10, 12, 23]},
			"faces": {
				"north": {"uv": [0, 0, 2, 2.5], "rotation": 90, "texture": "#1"},
				"east": {"uv": [0, 0, 2, 0.25], "rotation": 270, "texture": "#1"},
				"south": {"uv": [0, 0, 2, 2.5], "rotation": 270, "texture": "#1"},
				"west": {"uv": [0, 0, 2, 0.25], "rotation": 270, "texture": "#1"},
				"up": {"uv": [0, 0, 0.25, 2.5], "rotation": 270, "texture": "#1"},
				"down": {"uv": [0, 0, 0.25, 2.5], "rotation": 270, "texture": "#1"}
			}
		},
		{
			"from": [8.5, 9.75, -3],
			"to": [11, 11.75, -2.5],
			"rotation": {"angle": 0, "axis": "y", "origin": [10, 12, 23]},
			"faces": {
				"north": {"uv": [0, 0, 2, 2.5], "rotation": 90, "texture": "#1"},
				"east": {"uv": [0, 0, 2, 0.5], "rotation": 270, "texture": "#1"},
				"south": {"uv": [0, 0, 2, 2.5], "rotation": 270, "texture": "#1"},
				"west": {"uv": [0, 0, 2, 0.5], "rotation": 270, "texture": "#1"},
				"up": {"uv": [0, 0, 0.5, 2.5], "rotation": 270, "texture": "#1"},
				"down": {"uv": [0, 0, 0.5, 2.5], "rotation": 270, "texture": "#1"}
			}
		},
		{
			"from": [8.5, 19.5, 1.5],
			"to": [11, 20.5, 1.75],
			"rotation": {"angle": -22.5, "axis": "x", "origin": [10, 12, 23]},
			"faces": {
				"north": {"uv": [0, 0, 1, 2.5], "rotation": 90, "texture": "#1"},
				"east": {"uv": [0, 0, 1, 0.25], "rotation": 270, "texture": "#1"},
				"south": {"uv": [0, 0, 1, 2.5], "rotation": 270, "texture": "#1"},
				"west": {"uv": [0, 0, 1, 0.25], "rotation": 270, "texture": "#1"},
				"up": {"uv": [0, 0, 0.25, 2.5], "rotation": 270, "texture": "#1"},
				"down": {"uv": [0, 0, 0.25, 2.5], "rotation": 270, "texture": "#1"}
			}
		},
		{
			"from": [9, 11.5, 7],
			"to": [11, 13.5, 19.5],
			"rotation": {"angle": 22.5, "axis": "z", "origin": [10, 12, 23]},
			"faces": {
				"north": {"uv": [0, 0, 2, 2], "rotation": 90, "texture": "#0"},
				"east": {"uv": [0, 0, 2, 12.5], "rotation": 270, "texture": "#0"},
				"south": {"uv": [0, 0, 2, 2], "rotation": 270, "texture": "#0"},
				"west": {"uv": [0, 0, 2, 12.5], "rotation": 270, "texture": "#0"},
				"up": {"uv": [0, 0, 12.5, 2], "rotation": 270, "texture": "#0"},
				"down": {"uv": [0, 0, 12.5, 2], "rotation": 270, "texture": "#0"}
			}
		},
		{
			"from": [9.25, 11.5, 7],
			"to": [11.5, 13.5, 19.5],
			"rotation": {"angle": 45, "axis": "z", "origin": [10, 12, 23]},
			"faces": {
				"north": {"uv": [0, 0, 2, 2.25], "rotation": 90, "texture": "#0"},
				"east": {"uv": [0, 0, 2, 12.5], "rotation": 270, "texture": "#0"},
				"south": {"uv": [0, 0, 2, 2.25], "rotation": 270, "texture": "#0"},
				"west": {"uv": [0, 0, 2, 12.5], "rotation": 270, "texture": "#0"},
				"up": {"uv": [0, 0, 12.5, 2.25], "rotation": 270, "texture": "#0"},
				"down": {"uv": [0, 0, 12.5, 2.25], "rotation": 270, "texture": "#0"}
			}
		},
		{
			"from": [9, 11.5, 7],
			"to": [11, 13.5, 19.5],
			"rotation": {"angle": 0, "axis": "y", "origin": [10, 12, 23]},
			"faces": {
				"north": {"uv": [0, 0, 2, 2], "rotation": 90, "texture": "#0"},
				"east": {"uv": [0, 0, 2, 12.5], "rotation": 270, "texture": "#0"},
				"south": {"uv": [0, 0, 2, 2], "rotation": 270, "texture": "#0"},
				"west": {"uv": [0, 0, 2, 12.5], "rotation": 270, "texture": "#0"},
				"up": {"uv": [0, 0, 12.5, 2], "rotation": 270, "texture": "#0"},
				"down": {"uv": [0, 0, 12.5, 2], "rotation": 270, "texture": "#0"}
			}
		},
		{
			"from": [9.25, 11.75, 21],
			"to": [10.75, 13.25, 21.4],
			"rotation": {"angle": 0, "axis": "y", "origin": [0.25, 5, 0]},
			"faces": {
				"north": {"uv": [0, 0, 1.5, 1.5], "texture": "#0"},
				"east": {"uv": [0, 0, 0.4, 1.5], "texture": "#0"},
				"south": {"uv": [0, 0, 1.5, 1.5], "texture": "#0"},
				"west": {"uv": [0, 0, 0.4, 1.5], "texture": "#0"},
				"up": {"uv": [0, 0, 1.5, 0.4], "texture": "#0"},
				"down": {"uv": [0, 0, 1.5, 0.4], "texture": "#0"}
			}
		},
		{
			"from": [9, 11.75, 19.5],
			"to": [10.5, 13, 19.65],
			"rotation": {"angle": 0, "axis": "y", "origin": [0, 5, 0]},
			"faces": {
				"north": {"uv": [0, 0, 1.5, 1.25], "texture": "#0"},
				"east": {"uv": [0, 0, 0.15, 1.25], "texture": "#0"},
				"south": {"uv": [0, 0, 1.5, 1.25], "texture": "#0"},
				"west": {"uv": [0, 0, 0.15, 1.25], "texture": "#0"},
				"up": {"uv": [0, 0, 1.5, 0.15], "texture": "#0"},
				"down": {"uv": [0, 0, 1.5, 0.15], "texture": "#0"}
			}
		},
		{
			"from": [9.75, 12.5, 21.25],
			"to": [10.25, 15.1, 21.65],
			"rotation": {"angle": -22.5, "axis": "x", "origin": [10.25, 13.5, 20.5]},
			"faces": {
				"north": {"uv": [0, 0, 0.5, 2.6], "texture": "#0"},
				"east": {"uv": [0, 0, 0.4, 2.6], "texture": "#0"},
				"south": {"uv": [0, 0, 0.5, 2.6], "texture": "#0"},
				"west": {"uv": [0, 0, 0.4, 2.6], "texture": "#0"},
				"up": {"uv": [0, 0, 0.5, 0.4], "texture": "#0"},
				"down": {"uv": [0, 0, 0.5, 0.4], "texture": "#0"}
			}
		},
		{
			"from": [9.75, 11.5, 20],
			"to": [10.25, 15.25, 20.4],
			"rotation": {"angle": 22.5, "axis": "x", "origin": [10, 13.5, 20.5]},
			"faces": {
				"north": {"uv": [0, 0, 0.5, 3.75], "texture": "#0"},
				"east": {"uv": [0, 0, 0.4, 3.75], "texture": "#0"},
				"south": {"uv": [0, 0, 0.5, 3.75], "texture": "#0"},
				"west": {"uv": [0, 0, 0.4, 3.75], "texture": "#0"},
				"up": {"uv": [0, 0, 0.5, 0.4], "texture": "#0"},
				"down": {"uv": [0, 0, 0.5, 0.4], "texture": "#0"}
			}
		},
		{
			"from": [9.25, 11.75, 19.5],
			"to": [10.75, 12, 21.25],
			"rotation": {"angle": 0, "axis": "y", "origin": [0, 5, 1]},
			"faces": {
				"north": {"uv": [0, 0, 1.5, 0.25], "texture": "#0"},
				"east": {"uv": [0, 0, 1.75, 0.25], "texture": "#0"},
				"south": {"uv": [0, 0, 1.5, 0.25], "texture": "#0"},
				"west": {"uv": [0, 0, 1.75, 0.25], "texture": "#0"},
				"up": {"uv": [0, 0, 1.5, 1.75], "texture": "#0"},
				"down": {"uv": [0, 0, 1.5, 1.75], "texture": "#0"}
			}
		},
		{
			"name": "barrel",
			"from": [9.25, 13, 19.5],
			"to": [10.75, 13.25, 21.75],
			"rotation": {"angle": 0, "axis": "y", "origin": [0, 5, 1]},
			"faces": {
				"north": {"uv": [0, 0, 1.5, 0.25], "texture": "#0"},
				"east": {"uv": [0, 0, 2.25, 0.25], "texture": "#0"},
				"south": {"uv": [0, 0, 1.5, 0.25], "texture": "#0"},
				"west": {"uv": [0, 0, 2.25, 0.25], "texture": "#0"},
				"up": {"uv": [0, 0, 1.5, 2.25], "texture": "#0"},
				"down": {"uv": [0, 0, 1.5, 2.25], "texture": "#0"}
			}
		},
		{
			"from": [8.5, 10.5, -4.75],
			"to": [11, 13.5, -2.75],
			"faces": {
				"north": {"uv": [0, 0, 2.5, 3], "texture": "#0"},
				"east": {"uv": [0, 0, 2, 3], "texture": "#0"},
				"south": {"uv": [0, 0, 2.5, 3], "texture": "#0"},
				"west": {"uv": [0, 0, 2, 3], "texture": "#0"},
				"up": {"uv": [0, 0, 2.5, 2], "texture": "#0"},
				"down": {"uv": [0, 0, 2.5, 2], "texture": "#0"}
			}
		},
		{
			"from": [8.5, 11.25, -0.25],
			"to": [11, 14.5, 1.5],
			"rotation": {"angle": -22.5, "axis": "x", "origin": [0, 0, 0]},
			"faces": {
				"north": {"uv": [0, 0, 2.5, 3.25], "texture": "#0"},
				"east": {"uv": [0, 0, 1.75, 3.25], "texture": "#0"},
				"south": {"uv": [0, 0, 2.5, 3.25], "texture": "#0"},
				"west": {"uv": [0, 0, 1.75, 3.25], "texture": "#0"},
				"up": {"uv": [0, 0, 2.5, 1.75], "texture": "#0"},
				"down": {"uv": [0, 0, 2.5, 1.75], "texture": "#0"}
			}
		},
		{
			"from": [8.5, 8, -5],
			"to": [11, 10.25, -3],
			"rotation": {"angle": 22.5, "axis": "x", "origin": [9, 8, -3.75]},
			"faces": {
				"north": {"uv": [0, 0, 2.5, 2.25], "texture": "#1"},
				"east": {"uv": [0, 0, 2, 2.25], "texture": "#1"},
				"south": {"uv": [0, 0, 2.5, 2.25], "texture": "#1"},
				"west": {"uv": [0, 0, 2, 2.25], "texture": "#1"},
				"up": {"uv": [0, 0, 2.5, 2], "texture": "#1"},
				"down": {"uv": [0, 0, 2.5, 2], "texture": "#1"}
			}
		},
		{
			"from": [8.5, 7.25, -4.82],
			"to": [11, 8.75, -3.02],
			"rotation": {"angle": 0, "axis": "y", "origin": [9, 5, -3.75]},
			"faces": {
				"north": {"uv": [0, 0, 2.5, 1.5], "texture": "#1"},
				"east": {"uv": [0, 0, 1.8, 1.5], "texture": "#1"},
				"south": {"uv": [0, 0, 2.5, 1.5], "texture": "#1"},
				"west": {"uv": [0, 0, 1.8, 1.5], "texture": "#1"},
				"up": {"uv": [0, 0, 2.5, 1.8], "texture": "#1"},
				"down": {"uv": [0, 0, 2.5, 1.8], "texture": "#1"}
			}
		},
		{
			"from": [8.5, 7.25, -3.25],
			"to": [11, 8, -2.25],
			"rotation": {"angle": 0, "axis": "y", "origin": [9, 5, -3.75]},
			"faces": {
				"north": {"uv": [0, 0, 2.5, 0.75], "texture": "#1"},
				"east": {"uv": [0, 0, 1, 0.75], "texture": "#1"},
				"south": {"uv": [0, 0, 2.5, 0.75], "texture": "#1"},
				"west": {"uv": [0, 0, 1, 0.75], "texture": "#1"},
				"up": {"uv": [0, 0, 2.5, 1], "texture": "#1"},
				"down": {"uv": [0, 0, 2.5, 1], "texture": "#1"}
			}
		},
		{
			"from": [8.5, 8.5, -3],
			"to": [11, 9.5, -2.25],
			"rotation": {"angle": -22.5, "axis": "x", "origin": [10.5, 7.75, -0.5]},
			"faces": {
				"north": {"uv": [0, 0, 2.5, 1], "texture": "#1"},
				"east": {"uv": [0, 0, 0.75, 1], "texture": "#1"},
				"south": {"uv": [0, 0, 2.5, 1], "texture": "#1"},
				"west": {"uv": [0, 0, 0.75, 1], "texture": "#1"},
				"up": {"uv": [0, 0, 2.5, 0.75], "texture": "#1"},
				"down": {"uv": [0, 0, 2.5, 0.75], "texture": "#1"}
			}
		},
		{
			"from": [9, 14.5, -5.25],
			"to": [10.5, 14.75, -4],
			"faces": {
				"north": {"uv": [0, 0, 1.5, 0.25], "texture": "#0"},
				"east": {"uv": [0, 0, 1.25, 0.25], "texture": "#0"},
				"south": {"uv": [0, 0, 1.5, 0.25], "texture": "#0"},
				"west": {"uv": [0, 0, 1.25, 0.25], "texture": "#0"},
				"up": {"uv": [0, 0, 1.5, 1.25], "texture": "#0"},
				"down": {"uv": [0, 0, 1.5, 1.25], "texture": "#0"}
			}
		},
		{
			"from": [9.25, 14.75, -4.75],
			"to": [10.25, 17, -3.25],
			"rotation": {"angle": 22.5, "axis": "x", "origin": [10, 15.25, -4.75]},
			"faces": {
				"north": {"uv": [0, 0, 1, 2.25], "texture": "#0"},
				"east": {"uv": [0, 0, 1.5, 2.25], "texture": "#0"},
				"south": {"uv": [0, 0, 1, 2.25], "texture": "#0"},
				"west": {"uv": [0, 0, 1.5, 2.25], "texture": "#0"},
				"up": {"uv": [0, 0, 1, 1.5], "texture": "#0"},
				"down": {"uv": [0, 0, 1, 1.5], "texture": "#0"}
			}
		},
		{
			"from": [9.25, 14.18226, 3.10477],
			"to": [10.25, 15.28226, 3.25477],
			"rotation": {"angle": -22.5, "axis": "x", "origin": [10, 18.25, 1.25]},
			"faces": {
				"north": {"uv": [0, 0, 1, 1.1], "texture": "#0"},
				"east": {"uv": [0, 0, 0.15, 1.1], "texture": "#0"},
				"south": {"uv": [0, 0, 1, 1.1], "texture": "#0"},
				"west": {"uv": [0, 0, 0.15, 1.1], "texture": "#0"},
				"up": {"uv": [0, 0, 1, 0.15], "texture": "#0"},
				"down": {"uv": [0, 0, 1, 0.15], "texture": "#0"}
			}
		},
		{
			"from": [10.15, 17, -4.75],
			"to": [10.25, 17.75, -3.25],
			"rotation": {"angle": 22.5, "axis": "x", "origin": [10, 15.25, -4.75]},
			"faces": {
				"north": {"uv": [0, 0, 0.1, 0.75], "texture": "#0"},
				"east": {"uv": [0, 0, 1.5, 0.75], "texture": "#0"},
				"south": {"uv": [0, 0, 0.1, 0.75], "texture": "#0"},
				"west": {"uv": [0, 0, 1.5, 0.75], "texture": "#0"},
				"up": {"uv": [0, 0, 0.1, 1.5], "texture": "#0"},
				"down": {"uv": [0, 0, 0.1, 1.5], "texture": "#0"}
			}
		},
		{
			"from": [9.25, 17, -4.75],
			"to": [9.35, 17.75, -3.25],
			"rotation": {"angle": 22.5, "axis": "x", "origin": [10, 15.25, -4.75]},
			"faces": {
				"north": {"uv": [0, 0, 0.1, 0.75], "texture": "#0"},
				"east": {"uv": [0, 0, 1.5, 0.75], "texture": "#0"},
				"south": {"uv": [0, 0, 0.1, 0.75], "texture": "#0"},
				"west": {"uv": [0, 0, 1.5, 0.75], "texture": "#0"},
				"up": {"uv": [0, 0, 0.1, 1.5], "texture": "#0"},
				"down": {"uv": [0, 0, 0.1, 1.5], "texture": "#0"}
			}
		},
		{
			"from": [9.25, 14, 4],
			"to": [10.25, 14.25, 5.75],
			"faces": {
				"north": {"uv": [0, 0, 1, 0.25], "texture": "#0"},
				"east": {"uv": [0, 0, 1.75, 0.25], "texture": "#0"},
				"south": {"uv": [0, 0, 1, 0.25], "texture": "#0"},
				"west": {"uv": [0, 0, 1.75, 0.25], "texture": "#0"},
				"up": {"uv": [0, 0, 1, 1.75], "texture": "#0"},
				"down": {"uv": [0, 0, 1, 1.75], "texture": "#0"}
			}
		}
	],
	"display": {
		"thirdperson_righthand": {
			"rotation": [-178.18, 0, -178.33],
			"translation": [0.5, -1.75, -4.25],
			"scale": [0.25781, 0.67969, 0.48047]
		},
		"thirdperson_lefthand": {
			"rotation": [-168.68, 2.98, -178.33],
			"translation": [0, -1.25, -2.75],
			"scale": [0.25781, 0.80664, 0.48047]
		},
		"firstperson_righthand": {
			"rotation": [-180, 0, -180],
			"translation": [3.75, -1.25, -7.75]
		},
		"firstperson_lefthand": {
			"rotation": [0, 180, 0],
			"translation": [-3, -1.25, -6]
		},
		"gui": {
			"rotation": [-95.08, 46.13, 93.63],
			"translation": [1.5, -1.25, 0.45898],
			"scale": [1, 0.5957, 0.44922]
		},
		"fixed": {
			"rotation": [-88.2, 55.44, 88.55],
			"translation": [0.75, 0, 1.75],
			"scale": [1.00195, 0.99805, 0.83789]
		}
	}
}