{
	"credit": "Made with Blockbench",
	"textures": {
		"3": "nubx/nulls_yellow",
		"7": "block/anvil",
		"8": "block/stripped_dark_oak_log"
	},
	"elements": [
		{
			"from": [6, 0, 11],
			"to": [8, 2, 14],
			"faces": {
				"north": {"uv": [0, 0, 2, 2], "texture": "#8"},
				"east": {"uv": [0, 0, 3, 2], "texture": "#8"},
				"south": {"uv": [0, 0, 2, 2], "texture": "#8"},
				"west": {"uv": [0, 0, 3, 2], "texture": "#8"},
				"up": {"uv": [0, 0, 2, 3], "texture": "#8"},
				"down": {"uv": [0, 0, 2, 3], "texture": "#8"}
			}
		},
		{
			"from": [6, 8.19133, 3.2329],
			"to": [8, 8.69133, 10.2329],
			"rotation": {"angle": 0, "axis": "y", "origin": [0, 0.38265, 0.2329]},
			"faces": {
				"north": {"uv": [0, 0, 2, 0.5], "texture": "#7"},
				"east": {"uv": [0, 0, 7, 0.5], "texture": "#7"},
				"south": {"uv": [0, 0, 2, 0.5], "texture": "#7"},
				"west": {"uv": [0, 0, 7, 0.5], "texture": "#7"},
				"up": {"uv": [0, 0, 2, 7], "texture": "#7"},
				"down": {"uv": [0, 0, 2, 7], "texture": "#7"}
			}
		},
		{
			"from": [6, 8.5, 3.2329],
			"to": [8, 9, 9.2329],
			"rotation": {"angle": 0, "axis": "y", "origin": [0, 0.38265, 0.2329]},
			"faces": {
				"north": {"uv": [0, 0, 2, 0.5], "texture": "#7"},
				"east": {"uv": [0, 0, 6, 0.5], "texture": "#7"},
				"south": {"uv": [0, 0, 2, 0.5], "texture": "#7"},
				"west": {"uv": [0, 0, 6, 0.5], "texture": "#7"},
				"up": {"uv": [0, 0, 2, 6], "texture": "#7"},
				"down": {"uv": [0, 0, 2, 6], "texture": "#7"}
			}
		},
		{
			"from": [6.25, 6.75, -9],
			"to": [7.75, 8.25, 1],
			"rotation": {"angle": 0, "axis": "y", "origin": [0, 0.38265, 0.2329]},
			"faces": {
				"north": {"uv": [0, 0, 1.5, 1.5], "texture": "#7"},
				"east": {"uv": [0, 0, 10, 1.5], "texture": "#7"},
				"south": {"uv": [0, 0, 1.5, 1.5], "texture": "#7"},
				"west": {"uv": [0, 0, 10, 1.5], "texture": "#7"},
				"up": {"uv": [0, 0, 1.5, 10], "texture": "#7"},
				"down": {"uv": [0, 0, 1.5, 10], "texture": "#7"}
			}
		},
		{
			"from": [6.25, 11, -0.5],
			"to": [7.75, 12, 0.5],
			"rotation": {"angle": -45, "axis": "x", "origin": [0, 0.38265, 0.2329]},
			"faces": {
				"north": {"uv": [0, 0, 1.5, 1], "texture": "#7"},
				"east": {"uv": [0, 0, 1, 1], "texture": "#7"},
				"south": {"uv": [0, 0, 1.5, 1], "texture": "#7"},
				"west": {"uv": [0, 0, 1, 1], "texture": "#7"},
				"up": {"uv": [0, 0, 1.5, 1], "texture": "#7"},
				"down": {"uv": [0, 0, 1.5, 1], "texture": "#7"}
			}
		},
		{
			"from": [6.87, 6.19133, 3.2329],
			"to": [7.12, 6.44133, 10.2329],
			"rotation": {"angle": 0, "axis": "y", "origin": [0, 0.38265, 0.2329]},
			"faces": {
				"north": {"uv": [0, 0, 0.25, 0.25], "texture": "#7"},
				"east": {"uv": [0, 0, 7, 0.25], "texture": "#7"},
				"south": {"uv": [0, 0, 0.25, 0.25], "texture": "#7"},
				"west": {"uv": [0, 0, 7, 0.25], "texture": "#7"},
				"up": {"uv": [0, 0, 0.25, 7], "texture": "#7"},
				"down": {"uv": [0, 0, 0.25, 7], "texture": "#7"}
			}
		},
		{
			"from": [6, 4.19133, 3.2329],
			"to": [8, 4.69133, 10.2329],
			"rotation": {"angle": 0, "axis": "y", "origin": [0, 0.38265, 0.2329]},
			"faces": {
				"north": {"uv": [0, 0, 2, 0.5], "texture": "#7"},
				"east": {"uv": [0, 0, 7, 0.5], "texture": "#7"},
				"south": {"uv": [0, 0, 2, 0.5], "texture": "#7"},
				"west": {"uv": [0, 0, 7, 0.5], "texture": "#7"},
				"up": {"uv": [0, 0, 2, 7], "texture": "#7"},
				"down": {"uv": [0, 0, 2, 7], "texture": "#7"}
			}
		},
		{
			"from": [6, 2.19133, 5.2329],
			"to": [8, 2.69133, 9.7329],
			"rotation": {"angle": 0, "axis": "y", "origin": [0, 0.38265, 0.2329]},
			"faces": {
				"north": {"uv": [0, 0, 2, 0.5], "texture": "#7"},
				"east": {"uv": [0, 0, 4.5, 0.5], "texture": "#7"},
				"south": {"uv": [0, 0, 2, 0.5], "texture": "#7"},
				"west": {"uv": [0, 0, 4.5, 0.5], "texture": "#7"},
				"up": {"uv": [0, 0, 2, 4.5], "texture": "#7"},
				"down": {"uv": [0, 0, 2, 4.5], "texture": "#7"}
			}
		},
		{
			"from": [6, 4.19133, 7.2329],
			"to": [8, 8.69133, 10.2329],
			"rotation": {"angle": 0, "axis": "y", "origin": [0, 0.38265, 0.2329]},
			"faces": {
				"north": {"uv": [0, 0, 2, 4.5], "texture": "#7"},
				"east": {"uv": [0, 0, 3, 4.5], "texture": "#7"},
				"south": {"uv": [0, 0, 2, 4.5], "texture": "#7"},
				"west": {"uv": [0, 0, 3, 4.5], "texture": "#7"},
				"up": {"uv": [0, 0, 2, 3], "texture": "#7"},
				"down": {"uv": [0, 0, 2, 3], "texture": "#7"}
			}
		},
		{
			"from": [-1.275, 5.19133, 3.5],
			"to": [1.225, 7.69133, 7],
			"rotation": {"angle": -45, "axis": "z", "origin": [0, 0.38265, 0.2329]},
			"faces": {
				"north": {"uv": [0, 0, 2.5, 2.5], "texture": "#7"},
				"east": {"uv": [0, 0, 3.5, 2.5], "texture": "#7"},
				"south": {"uv": [0, 0, 2.5, 2.5], "texture": "#7"},
				"west": {"uv": [0, 0, 3.5, 2.5], "texture": "#7"},
				"up": {"uv": [0, 0, 2.5, 3.5], "texture": "#7"},
				"down": {"uv": [0, 0, 2.5, 3.5], "texture": "#7"}
			}
		},
		{
			"from": [-1.275, 5.19133, 8.25],
			"to": [1.225, 7.69133, 9.75],
			"rotation": {"angle": -45, "axis": "z", "origin": [0, 0.38265, 0.2329]},
			"faces": {
				"north": {"uv": [0, 0, 2.5, 2.5], "texture": "#7"},
				"east": {"uv": [0, 0, 3.5, 2.5], "texture": "#7"},
				"south": {"uv": [0, 0, 2.5, 2.5], "texture": "#7"},
				"west": {"uv": [0, 0, 3.5, 2.5], "texture": "#7"},
				"up": {"uv": [0, 0, 2.5, 3.5], "texture": "#7"},
				"down": {"uv": [0, 0, 2.5, 3.5], "texture": "#7"}
			}
		},
		{
			"from": [-0.775, 5.69133, 9.25],
			"to": [0.475, 7.19133, 10.75],
			"rotation": {"angle": -45, "axis": "z", "origin": [0, 0.38265, 0.2329]},
			"faces": {
				"north": {"uv": [0, 0, 2.5, 2.5], "texture": "#7"},
				"east": {"uv": [0, 0, 3.5, 2.5], "texture": "#7"},
				"south": {"uv": [0, 0, 2.5, 2.5], "texture": "#7"},
				"west": {"uv": [0, 0, 3.5, 2.5], "texture": "#7"},
				"up": {"uv": [0, 0, 2.5, 3.5], "texture": "#7"},
				"down": {"uv": [0, 0, 2.5, 3.5], "texture": "#7"}
			}
		},
		{
			"from": [-1.175, 6.79133, 5.5],
			"to": [-0.375, 7.59133, 9],
			"rotation": {"angle": -45, "axis": "z", "origin": [0, 0.38265, 0.2329]},
			"faces": {
				"north": {"uv": [0, 0, 2.5, 2.5], "texture": "#3"},
				"east": {"uv": [0, 0, 3.5, 2.5], "texture": "#3"},
				"south": {"uv": [0, 0, 2.5, 2.5], "texture": "#3"},
				"west": {"uv": [0, 0, 3.5, 2.5], "texture": "#3"},
				"up": {"uv": [0, 0, 2.5, 3.5], "texture": "#3"},
				"down": {"uv": [0, 0, 2.5, 3.5], "texture": "#3"}
			}
		},
		{
			"from": [0.325, 6.79133, 5.5],
			"to": [1.125, 7.59133, 9],
			"rotation": {"angle": -45, "axis": "z", "origin": [0, 0.38265, 0.2329]},
			"faces": {
				"north": {"uv": [0, 0, 2.5, 2.5], "texture": "#3"},
				"east": {"uv": [0, 0, 3.5, 2.5], "texture": "#3"},
				"south": {"uv": [0, 0, 2.5, 2.5], "texture": "#3"},
				"west": {"uv": [0, 0, 3.5, 2.5], "texture": "#3"},
				"up": {"uv": [0, 0, 2.5, 3.5], "texture": "#3"},
				"down": {"uv": [0, 0, 2.5, 3.5], "texture": "#3"}
			}
		},
		{
			"from": [-1.175, 5.29133, 5.5],
			"to": [-0.375, 6.09133, 9],
			"rotation": {"angle": -45, "axis": "z", "origin": [0, 0.38265, 0.2329]},
			"faces": {
				"north": {"uv": [0, 0, 2.5, 2.5], "texture": "#3"},
				"east": {"uv": [0, 0, 3.5, 2.5], "texture": "#3"},
				"south": {"uv": [0, 0, 2.5, 2.5], "texture": "#3"},
				"west": {"uv": [0, 0, 3.5, 2.5], "texture": "#3"},
				"up": {"uv": [0, 0, 2.5, 3.5], "texture": "#3"},
				"down": {"uv": [0, 0, 2.5, 3.5], "texture": "#3"}
			}
		},
		{
			"from": [0.325, 5.29133, 5.5],
			"to": [1.125, 6.09133, 9],
			"rotation": {"angle": -45, "axis": "z", "origin": [0, 0.38265, 0.2329]},
			"faces": {
				"north": {"uv": [0, 0, 2.5, 2.5], "texture": "#3"},
				"east": {"uv": [0, 0, 3.5, 2.5], "texture": "#3"},
				"south": {"uv": [0, 0, 2.5, 2.5], "texture": "#3"},
				"west": {"uv": [0, 0, 3.5, 2.5], "texture": "#3"},
				"up": {"uv": [0, 0, 2.5, 3.5], "texture": "#3"},
				"down": {"uv": [0, 0, 2.5, 3.5], "texture": "#3"}
			}
		},
		{
			"from": [6, 6.19133, 0.2329],
			"to": [8, 8.69133, 3.2329],
			"rotation": {"angle": 0, "axis": "y", "origin": [0, 0.38265, 0.2329]},
			"faces": {
				"north": {"uv": [0, 0, 2, 2.5], "texture": "#7"},
				"east": {"uv": [0, 0, 3, 2.5], "texture": "#7"},
				"south": {"uv": [0, 0, 2, 2.5], "texture": "#7"},
				"west": {"uv": [0, 0, 3, 2.5], "texture": "#7"},
				"up": {"uv": [0, 0, 2, 3], "texture": "#7"},
				"down": {"uv": [0, 0, 2, 3], "texture": "#7"}
			}
		},
		{
			"from": [6, 4.19133, 2.2329],
			"to": [8, 8.69133, 3.2329],
			"rotation": {"angle": 0, "axis": "y", "origin": [0, 0.38265, 0.2329]},
			"faces": {
				"north": {"uv": [0, 0, 2, 4.5], "texture": "#7"},
				"east": {"uv": [0, 0, 1, 4.5], "texture": "#7"},
				"south": {"uv": [0, 0, 2, 4.5], "texture": "#7"},
				"west": {"uv": [0, 0, 1, 4.5], "texture": "#7"},
				"up": {"uv": [0, 0, 2, 1], "texture": "#7"},
				"down": {"uv": [0, 0, 2, 1], "texture": "#7"}
			}
		},
		{
			"from": [6, 2.5, 9.2329],
			"to": [8, 4.5, 9.7329],
			"rotation": {"angle": 0, "axis": "y", "origin": [0, 0.38265, 0.2329]},
			"faces": {
				"north": {"uv": [0, 0, 2, 2], "texture": "#7"},
				"east": {"uv": [0, 0, 0.5, 2], "texture": "#7"},
				"south": {"uv": [0, 0, 2, 2], "texture": "#7"},
				"west": {"uv": [0, 0, 0.5, 2], "texture": "#7"},
				"up": {"uv": [0, 0, 2, 0.5], "texture": "#7"},
				"down": {"uv": [0, 0, 2, 0.5], "texture": "#7"}
			}
		},
		{
			"from": [6.5, 7.5, 3.2329],
			"to": [7.5, 9.5, 3.7329],
			"rotation": {"angle": 45, "axis": "x", "origin": [0, 0.38265, 0.2329]},
			"faces": {
				"north": {"uv": [0, 0, 1, 2], "texture": "#7"},
				"east": {"uv": [0, 0, 0.5, 2], "texture": "#7"},
				"south": {"uv": [0, 0, 1, 2], "texture": "#7"},
				"west": {"uv": [0, 0, 0.5, 2], "texture": "#7"},
				"up": {"uv": [0, 0, 1, 0.5], "texture": "#7"},
				"down": {"uv": [0, 0, 1, 0.5], "texture": "#7"}
			}
		},
		{
			"from": [6, 2.5, 5.2329],
			"to": [8, 4.5, 5.7329],
			"rotation": {"angle": 0, "axis": "y", "origin": [0, 0.38265, 0.2329]},
			"faces": {
				"north": {"uv": [0, 0, 2, 2], "texture": "#7"},
				"east": {"uv": [0, 0, 0.5, 2], "texture": "#7"},
				"south": {"uv": [0, 0, 2, 2], "texture": "#7"},
				"west": {"uv": [0, 0, 0.5, 2], "texture": "#7"},
				"up": {"uv": [0, 0, 2, 0.5], "texture": "#7"},
				"down": {"uv": [0, 0, 2, 0.5], "texture": "#7"}
			}
		},
		{
			"from": [6, 2.2451, 9.90752],
			"to": [8, 5.2451, 12.90752],
			"rotation": {"angle": -22.5, "axis": "x", "origin": [0, 0.2451, 2.90752]},
			"faces": {
				"north": {"uv": [0, 0, 2, 3], "texture": "#7"},
				"east": {"uv": [0, 0, 3, 3], "texture": "#7"},
				"south": {"uv": [0, 0, 2, 3], "texture": "#7"},
				"west": {"uv": [0, 0, 3, 3], "texture": "#7"},
				"up": {"uv": [0, 0, 2, 3], "texture": "#7"},
				"down": {"uv": [0, 0, 2, 3], "texture": "#7"}
			}
		},
		{
			"from": [6, -2.97488, 11.98957],
			"to": [8, 0.02512, 14.98957],
			"rotation": {"angle": -22.5, "axis": "x", "origin": [0, -2.97488, 1.98957]},
			"faces": {
				"north": {"uv": [0, 0, 2, 3], "texture": "#8"},
				"east": {"uv": [0, 0, 3, 3], "texture": "#8"},
				"south": {"uv": [0, 0, 2, 3], "texture": "#8"},
				"west": {"uv": [0, 0, 3, 3], "texture": "#8"},
				"up": {"uv": [0, 0, 2, 3], "texture": "#8"},
				"down": {"uv": [0, 0, 2, 3], "texture": "#8"}
			}
		},
		{
			"from": [6, -4.42075, 13.65956],
			"to": [8, -1.42075, 16.65956],
			"rotation": {"angle": -45, "axis": "x", "origin": [0, -4.42075, 3.65956]},
			"faces": {
				"north": {"uv": [0, 0, 2, 3], "texture": "#8"},
				"east": {"uv": [0, 0, 3, 3], "texture": "#8"},
				"south": {"uv": [0, 0, 2, 3], "texture": "#8"},
				"west": {"uv": [0, 0, 3, 3], "texture": "#8"},
				"up": {"uv": [0, 0, 2, 3], "texture": "#8"},
				"down": {"uv": [0, 0, 2, 3], "texture": "#8"}
			}
		},
		{
			"from": [6.75, 8.61521, 3.85021],
			"to": [7.25, 10.11521, 4.35021],
			"rotation": {"angle": 45, "axis": "x", "origin": [-3, 0.61521, 5.85021]},
			"faces": {
				"north": {"uv": [0, 0, 0.5, 1.5], "texture": "#7"},
				"east": {"uv": [0, 0, 0.5, 1.5], "texture": "#7"},
				"south": {"uv": [0, 0, 0.5, 1.5], "texture": "#7"},
				"west": {"uv": [0, 0, 0.5, 1.5], "texture": "#7"},
				"up": {"uv": [0, 0, 0.5, 0.5], "texture": "#7"},
				"down": {"uv": [0, 0, 0.5, 0.5], "texture": "#7"}
			}
		}
	],
	"display": {
		"thirdperson_righthand": {
			"rotation": [1.34, 18.86, -8.14],
			"translation": [0.5, 1.25, -0.75],
			"scale": [0.37305, 0.37305, 0.37305]
		},
		"thirdperson_lefthand": {
			"translation": [0, 1.25, -1],
			"scale": [0.373, 0.373, 0.373]
		},
		"firstperson_righthand": {
			"rotation": [7.57, 6.42, -0.87],
			"translation": [6.25, 0, -4.75],
			"scale": [0.61914, 0.61914, 0.61914]
		},
		"firstperson_lefthand": {
			"rotation": [6.25, 6.5, 0],
			"translation": [6, 0, -4],
			"scale": [0.61, 0.61, 0.61]
		},
		"ground": {
			"translation": [0, 4.5, 0],
			"scale": [0.50195, 0.50195, 0.50195]
		},
		"gui": {
			"rotation": [-34, 130, 28],
			"translation": [2.25, 1.5, 0],
			"scale": [0.74609, 0.74609, 0.74609]
		},
		"fixed": {
			"rotation": [0, -90, 0],
			"translation": [-4.75, 2.75, 0.25]
		}
	}
}