{
	"credit": "Made with Blockbench",
	"textures": {
		"0": "nubx/nulls_gray",
		"1": "nubx/nulls_black",
		"2": "nubx/nulls_white",
		"3": "nubx/nulls_gray",
		"4": "block/smooth_stone",
		"5": "nubx/nulls_light_black",
		"particle": "nubx/nulls_gray"
	},
	"elements": [
		{
			"from": [8, -3.43503, 22.27092],
			"to": [10, 1.31497, 24.27092],
			"rotation": {"angle": -22.5, "axis": "x", "origin": [0, -7.43503, 6.27092]},
			"faces": {
				"north": {"uv": [0, 0, 2, 4.75], "texture": "#1"},
				"east": {"uv": [0, 0, 2, 4.75], "texture": "#1"},
				"south": {"uv": [0, 0, 2, 4.75], "texture": "#1"},
				"west": {"uv": [0, 0, 2, 4.75], "texture": "#1"},
				"up": {"uv": [0, 0, 2, 2], "texture": "#1"},
				"down": {"uv": [0, 0, 2, 2], "texture": "#1"}
			}
		},
		{
			"from": [8, 6, 17.70595],
			"to": [10, 9, 19.70595],
			"rotation": {"angle": 0, "axis": "y", "origin": [0, -0.49438, -4.29405]},
			"faces": {
				"north": {"uv": [0, 0, 2, 3], "texture": "#3"},
				"east": {"uv": [0, 0, 2, 3], "texture": "#3"},
				"south": {"uv": [0, 0, 2, 3], "texture": "#3"},
				"west": {"uv": [0, 0, 2, 3], "texture": "#3"},
				"up": {"uv": [0, 0, 2, 2], "texture": "#3"},
				"down": {"uv": [0, 0, 2, 2], "texture": "#3"}
			}
		},
		{
			"from": [8, 14, 13.70595],
			"to": [10, 18, 15.70595],
			"rotation": {"angle": 22.5, "axis": "x", "origin": [0, -0.49438, -4.29405]},
			"faces": {
				"north": {"uv": [0, 0, 2, 4], "texture": "#3"},
				"east": {"uv": [0, 0, 2, 4], "texture": "#3"},
				"south": {"uv": [0, 0, 2, 4], "texture": "#3"},
				"west": {"uv": [0, 0, 2, 4], "texture": "#3"},
				"up": {"uv": [0, 0, 2, 2], "texture": "#3"},
				"down": {"uv": [0, 0, 2, 2], "texture": "#3"}
			}
		},
		{
			"from": [8, 8, 14.70595],
			"to": [10, 10.5, 22.70595],
			"rotation": {"angle": 0, "axis": "y", "origin": [0, -0.49438, -4.29405]},
			"faces": {
				"north": {"uv": [0, 0, 2, 2.5], "texture": "#3"},
				"east": {"uv": [0, 0, 8, 2.5], "texture": "#3"},
				"south": {"uv": [0, 0, 2, 2.5], "texture": "#3"},
				"west": {"uv": [0, 0, 8, 2.5], "texture": "#3"},
				"up": {"uv": [0, 0, 2, 8], "texture": "#3"},
				"down": {"uv": [0, 0, 2, 8], "texture": "#3"}
			}
		},
		{
			"from": [8.25, 10, 10.70595],
			"to": [9.75, 11, 22.20595],
			"rotation": {"angle": 0, "axis": "y", "origin": [0, -0.49438, -4.29405]},
			"faces": {
				"north": {"uv": [0, 0, 1.5, 1], "texture": "#0"},
				"east": {"uv": [0, 0, 11.5, 1], "texture": "#0"},
				"south": {"uv": [0, 0, 1.5, 1], "texture": "#0"},
				"west": {"uv": [0, 0, 11.5, 1], "texture": "#0"},
				"up": {"uv": [0, 0, 1.5, 11.5], "texture": "#0"},
				"down": {"uv": [0, 0, 1.5, 11.5], "texture": "#0"}
			}
		},
		{
			"from": [8.25, 11, 10.70595],
			"to": [9.75, 11.75, 11.20595],
			"rotation": {"angle": 0, "axis": "y", "origin": [0, -0.49438, -4.29405]},
			"faces": {
				"north": {"uv": [0, 0, 1.5, 0.75], "texture": "#0"},
				"east": {"uv": [0, 0, 0.5, 0.75], "texture": "#0"},
				"south": {"uv": [0, 0, 1.5, 0.75], "texture": "#0"},
				"west": {"uv": [0, 0, 0.5, 0.75], "texture": "#0"},
				"up": {"uv": [0, 0, 1.5, 0.5], "texture": "#0"},
				"down": {"uv": [0, 0, 1.5, 0.5], "texture": "#0"}
			}
		},
		{
			"from": [8.5, 9, 0.5],
			"to": [9.5, 11.75, 1],
			"rotation": {"angle": 0, "axis": "y", "origin": [0, -0.49438, -4.29405]},
			"faces": {
				"north": {"uv": [0, 0, 1, 2.75], "texture": "#1"},
				"east": {"uv": [0, 0, 0.5, 2.75], "texture": "#1"},
				"south": {"uv": [0, 0, 1, 2.75], "texture": "#1"},
				"west": {"uv": [0, 0, 0.5, 2.75], "texture": "#1"},
				"up": {"uv": [0, 0, 1, 0.5], "texture": "#1"},
				"down": {"uv": [0, 0, 1, 0.5], "texture": "#1"}
			}
		},
		{
			"from": [8.5, 1.54995, 7.10207],
			"to": [9.5, 4.29995, 7.60207],
			"rotation": {"angle": -45, "axis": "x", "origin": [0, 0.05556, -4.69197]},
			"faces": {
				"north": {"uv": [0, 0, 1, 2.75], "texture": "#1"},
				"east": {"uv": [0, 0, 0.5, 2.75], "texture": "#1"},
				"south": {"uv": [0, 0, 1, 2.75], "texture": "#1"},
				"west": {"uv": [0, 0, 0.5, 2.75], "texture": "#1"},
				"up": {"uv": [0, 0, 1, 0.5], "texture": "#1"},
				"down": {"uv": [0, 0, 1, 0.5], "texture": "#1"}
			}
		},
		{
			"from": [8.5, 14.5, 11.70595],
			"to": [9.5, 16.25, 12.20595],
			"rotation": {"angle": 22.5, "axis": "x", "origin": [0, -0.49438, -4.29405]},
			"faces": {
				"north": {"uv": [0, 0, 1, 1.75], "texture": "#1"},
				"east": {"uv": [0, 0, 0.5, 1.75], "texture": "#1"},
				"south": {"uv": [0, 0, 1, 1.75], "texture": "#1"},
				"west": {"uv": [0, 0, 0.5, 1.75], "texture": "#1"},
				"up": {"uv": [0, 0, 1, 0.5], "texture": "#1"},
				"down": {"uv": [0, 0, 1, 0.5], "texture": "#1"}
			}
		},
		{
			"from": [8.25, 11.75, 11.1],
			"to": [9.75, 12.25, 13.1],
			"rotation": {"angle": 0, "axis": "y", "origin": [0, -1, -7.2829]},
			"faces": {
				"north": {"uv": [0, 0, 1.5, 0.5], "rotation": 180, "texture": "#0"},
				"east": {"uv": [0, 0, 0.5, 2], "rotation": 270, "texture": "#0"},
				"south": {"uv": [0, 0, 1.5, 0.5], "texture": "#0"},
				"west": {"uv": [0, 0, 0.5, 2], "rotation": 90, "texture": "#0"},
				"up": {"uv": [0, 0, 1.5, 2], "rotation": 180, "texture": "#0"},
				"down": {"uv": [0, 0, 1.5, 2], "texture": "#0"}
			}
		},
		{
			"from": [8.25, 12, 13.1],
			"to": [9.75, 12.5, 16.1],
			"rotation": {"angle": 0, "axis": "y", "origin": [0, -1, -7.2829]},
			"faces": {
				"north": {"uv": [0, 0, 1.5, 0.5], "rotation": 180, "texture": "#0"},
				"east": {"uv": [0, 0, 0.5, 3], "rotation": 270, "texture": "#0"},
				"south": {"uv": [0, 0, 1.5, 0.5], "texture": "#0"},
				"west": {"uv": [0, 0, 0.5, 3], "rotation": 90, "texture": "#0"},
				"up": {"uv": [0, 0, 1.5, 3], "rotation": 180, "texture": "#0"},
				"down": {"uv": [0, 0, 1.5, 3], "texture": "#0"}
			}
		},
		{
			"from": [8.25, 12.33, 16.1],
			"to": [9.75, 12.83, 21.45],
			"rotation": {"angle": 0, "axis": "y", "origin": [0, -1, -7.2829]},
			"faces": {
				"north": {"uv": [0, 0, 1.5, 0.5], "rotation": 180, "texture": "#0"},
				"east": {"uv": [0, 0, 0.5, 5.35], "rotation": 270, "texture": "#0"},
				"south": {"uv": [0, 0, 1.5, 0.5], "texture": "#0"},
				"west": {"uv": [0, 0, 0.5, 5.35], "rotation": 90, "texture": "#0"},
				"up": {"uv": [0, 0, 1.5, 5.35], "rotation": 180, "texture": "#0"},
				"down": {"uv": [0, 0, 1.5, 5.35], "texture": "#0"}
			}
		},
		{
			"from": [8.25, 11, 19.70595],
			"to": [9.75, 12.75, 21.20595],
			"rotation": {"angle": 0, "axis": "y", "origin": [0, -0.49438, -4.29405]},
			"faces": {
				"north": {"uv": [0, 0, 1.5, 1.75], "texture": "#0"},
				"east": {"uv": [0, 0, 1.5, 1.75], "texture": "#0"},
				"south": {"uv": [0, 0, 1.5, 1.75], "texture": "#0"},
				"west": {"uv": [0, 0, 1.5, 1.75], "texture": "#0"},
				"up": {"uv": [0, 0, 1.5, 1.5], "texture": "#0"},
				"down": {"uv": [0, 0, 1.5, 1.5], "texture": "#0"}
			}
		},
		{
			"from": [8.25, 0.1312, 23.06458],
			"to": [9.75, 2.0812, 24.56458],
			"rotation": {"angle": -22.5, "axis": "x", "origin": [0, -0.36323, -3.93542]},
			"faces": {
				"north": {"uv": [0, 0, 1.5, 1.95], "texture": "#0"},
				"east": {"uv": [0, 0, 1.5, 1.95], "texture": "#0"},
				"south": {"uv": [0, 0, 1.5, 1.95], "texture": "#0"},
				"west": {"uv": [0, 0, 1.5, 1.95], "texture": "#0"},
				"up": {"uv": [0, 0, 1.5, 1.5], "texture": "#0"},
				"down": {"uv": [0, 0, 1.5, 1.5], "texture": "#0"}
			}
		},
		{
			"from": [8, 17.73811, 23.17295],
			"to": [10, 20.93811, 25.67295],
			"rotation": {"angle": 22.5, "axis": "x", "origin": [0, -0.69593, -3.83267]},
			"faces": {
				"north": {"uv": [0, 0, 2, 3.2], "rotation": 180, "texture": "#1"},
				"east": {"uv": [0, 0, 3.2, 2.5], "rotation": 90, "texture": "#1"},
				"south": {"uv": [0, 0, 2, 3.2], "texture": "#1"},
				"west": {"uv": [0, 0, 3.2, 2.5], "rotation": 270, "texture": "#1"},
				"up": {"uv": [0, 0, 2, 2.5], "texture": "#1"},
				"down": {"uv": [0, 0, 2, 2.5], "rotation": 180, "texture": "#1"}
			}
		},
		{
			"from": [8, 26.28101, 15.30081],
			"to": [10, 27.28101, 16.80081],
			"rotation": {"angle": 45, "axis": "x", "origin": [0, -0.35159, -3.20186]},
			"faces": {
				"north": {"uv": [0, 0, 2, 1], "rotation": 180, "texture": "#1"},
				"east": {"uv": [0, 0, 1, 1.5], "rotation": 90, "texture": "#1"},
				"south": {"uv": [0, 0, 2, 1], "texture": "#1"},
				"west": {"uv": [0, 0, 1, 1.5], "rotation": 270, "texture": "#1"},
				"up": {"uv": [0, 0, 2, 1.5], "texture": "#1"},
				"down": {"uv": [0, 0, 2, 1.5], "rotation": 180, "texture": "#1"}
			}
		},
		{
			"from": [8, 8, 23.70595],
			"to": [10, 10.5, 31.70595],
			"rotation": {"angle": 0, "axis": "y", "origin": [0, -0.49438, -4.29405]},
			"faces": {
				"north": {"uv": [0, 0, 2, 2.5], "texture": "#1"},
				"east": {"uv": [0, 0, 8, 2.5], "texture": "#1"},
				"south": {"uv": [0, 0, 2, 2.5], "texture": "#1"},
				"west": {"uv": [0, 0, 8, 2.5], "texture": "#1"},
				"up": {"uv": [0, 0, 2, 8], "texture": "#1"},
				"down": {"uv": [0, 0, 2, 8], "texture": "#1"}
			}
		},
		{
			"from": [8, 27, 10.70595],
			"to": [10, 29.5, 15.70595],
			"rotation": {"angle": 45, "axis": "x", "origin": [0, -0.49438, -4.29405]},
			"faces": {
				"north": {"uv": [0, 0, 2, 2.5], "texture": "#1"},
				"east": {"uv": [0, 0, 5, 2.5], "texture": "#1"},
				"south": {"uv": [0, 0, 2, 2.5], "texture": "#1"},
				"west": {"uv": [0, 0, 5, 2.5], "texture": "#1"},
				"up": {"uv": [0, 0, 2, 5], "texture": "#1"},
				"down": {"uv": [0, 0, 2, 5], "texture": "#1"}
			}
		},
		{
			"from": [8.5, 9, 18.70595],
			"to": [9.5, 10.25, 23.70595],
			"rotation": {"angle": 0, "axis": "y", "origin": [0, -0.49438, -4.29405]},
			"faces": {
				"north": {"uv": [0, 0, 1, 1.25], "texture": "#2"},
				"east": {"uv": [0, 0, 5, 1.25], "texture": "#2"},
				"south": {"uv": [0, 0, 1, 1.25], "texture": "#2"},
				"west": {"uv": [0, 0, 5, 1.25], "texture": "#2"},
				"up": {"uv": [0, 0, 1, 5], "texture": "#2"},
				"down": {"uv": [0, 0, 1, 5], "texture": "#2"}
			}
		},
		{
			"from": [8.5, 8.5, 6.70595],
			"to": [9.5, 9.75, 11.70595],
			"rotation": {"angle": 0, "axis": "y", "origin": [0, -0.49438, -4.29405]},
			"faces": {
				"north": {"uv": [0, 0, 1, 1.25], "texture": "#0"},
				"east": {"uv": [0, 0, 5, 1.25], "texture": "#0"},
				"south": {"uv": [0, 0, 1, 1.25], "texture": "#0"},
				"west": {"uv": [0, 0, 5, 1.25], "texture": "#0"},
				"up": {"uv": [0, 0, 1, 5], "texture": "#0"},
				"down": {"uv": [0, 0, 1, 5], "texture": "#0"}
			}
		},
		{
			"from": [8, 6, 10.70595],
			"to": [10, 10.5, 14.70595],
			"rotation": {"angle": 0, "axis": "y", "origin": [0, -0.49438, -4.29405]},
			"faces": {
				"north": {"uv": [0, 0, 2, 4.5], "texture": "#3"},
				"east": {"uv": [0, 0, 4, 4.5], "texture": "#3"},
				"south": {"uv": [0, 0, 2, 4.5], "texture": "#3"},
				"west": {"uv": [0, 0, 4, 4.5], "texture": "#3"},
				"up": {"uv": [0, 0, 2, 4], "texture": "#3"},
				"down": {"uv": [0, 0, 2, 4], "texture": "#3"}
			}
		},
		{
			"from": [8, 7.5, 9.70595],
			"to": [10, 10.5, 10.70595],
			"rotation": {"angle": 0, "axis": "y", "origin": [0, -0.49438, -4.29405]},
			"faces": {
				"north": {"uv": [0, 0, 2, 3], "texture": "#1"},
				"east": {"uv": [0, 0, 1, 3], "texture": "#1"},
				"south": {"uv": [0, 0, 2, 3], "texture": "#1"},
				"west": {"uv": [0, 0, 1, 3], "texture": "#1"},
				"up": {"uv": [0, 0, 2, 1], "texture": "#1"},
				"down": {"uv": [0, 0, 2, 1], "texture": "#1"}
			}
		},
		{
			"from": [8, 8, 2.5],
			"to": [10, 10, 9.5],
			"rotation": {"angle": 0, "axis": "y", "origin": [0, -0.49438, -4.29405]},
			"faces": {
				"north": {"uv": [0, 0, 2, 2], "texture": "#5"},
				"east": {"uv": [0, 0, 7, 2], "texture": "#5"},
				"south": {"uv": [0, 0, 2, 2], "texture": "#5"},
				"west": {"uv": [0, 0, 7, 2], "texture": "#5"},
				"up": {"uv": [0, 0, 2, 7], "texture": "#5"},
				"down": {"uv": [0, 0, 2, 7], "texture": "#5"}
			}
		},
		{
			"from": [8.37, 8.37, -8.5],
			"to": [9.62, 9.62, -6.5],
			"rotation": {"angle": 0, "axis": "y", "origin": [0, -0.49438, -4.29405]},
			"faces": {
				"north": {"uv": [0, 0, 1.25, 1.25], "texture": "#5"},
				"east": {"uv": [0, 0, 2, 1.25], "texture": "#5"},
				"south": {"uv": [0, 0, 1.25, 1.25], "texture": "#5"},
				"west": {"uv": [0, 0, 2, 1.25], "texture": "#5"},
				"up": {"uv": [0, 0, 1.25, 2], "texture": "#5"},
				"down": {"uv": [0, 0, 1.25, 2], "texture": "#5"}
			}
		},
		{
			"from": [8.5, 8.5, -6.5],
			"to": [9.5, 9.5, 2.5],
			"rotation": {"angle": 0, "axis": "y", "origin": [0, -0.49438, -4.29405]},
			"faces": {
				"north": {"uv": [0, 0, 1, 1], "texture": "#3"},
				"east": {"uv": [0, 0, 9, 1], "texture": "#3"},
				"south": {"uv": [0, 0, 1, 1], "texture": "#3"},
				"west": {"uv": [0, 0, 9, 1], "texture": "#3"},
				"up": {"uv": [0, 0, 1, 9], "texture": "#3"},
				"down": {"uv": [0, 0, 1, 9], "texture": "#3"}
			}
		},
		{
			"from": [8.25, 4, 11.3],
			"to": [9.75, 7.5, 14.3],
			"rotation": {"angle": 0, "axis": "y", "origin": [0, -0.49438, -4.29405]},
			"faces": {
				"north": {"uv": [0, 0, 1.5, 3.5], "texture": "#4"},
				"east": {"uv": [0, 0, 3, 3.5], "texture": "#4"},
				"south": {"uv": [0, 0, 1.5, 3.5], "texture": "#4"},
				"west": {"uv": [0, 0, 3, 3.5], "texture": "#4"},
				"up": {"uv": [0, 0, 1.5, 3], "texture": "#4"},
				"down": {"uv": [0, 0, 1.5, 3], "texture": "#4"}
			}
		},
		{
			"from": [8.25, 9.22417, 9.65607],
			"to": [9.75, 11.72417, 12.65607],
			"rotation": {"angle": 22.5, "axis": "x", "origin": [0, 3.72979, -5.93798]},
			"faces": {
				"north": {"uv": [0, 0, 1.5, 2.5], "texture": "#4"},
				"east": {"uv": [0, 0, 3, 2.5], "texture": "#4"},
				"south": {"uv": [0, 0, 1.5, 2.5], "texture": "#4"},
				"west": {"uv": [0, 0, 3, 2.5], "texture": "#4"},
				"up": {"uv": [0, 0, 1.5, 3], "texture": "#4"},
				"down": {"uv": [0, 0, 1.5, 3], "texture": "#4"}
			}
		},
		{
			"from": [8.25, 14.67978, 10.13648],
			"to": [9.75, 17.17978, 13.13648],
			"rotation": {"angle": 45, "axis": "x", "origin": [0, 9.1854, -5.45757]},
			"faces": {
				"north": {"uv": [0, 0, 1.5, 2.5], "texture": "#4"},
				"east": {"uv": [0, 0, 3, 2.5], "texture": "#4"},
				"south": {"uv": [0, 0, 1.5, 2.5], "texture": "#4"},
				"west": {"uv": [0, 0, 3, 2.5], "texture": "#4"},
				"up": {"uv": [0, 0, 1.5, 3], "texture": "#4"},
				"down": {"uv": [0, 0, 1.5, 3], "texture": "#4"}
			}
		},
		{
			"from": [8, 6, 14.70595],
			"to": [10, 6.5, 17.70595],
			"rotation": {"angle": 0, "axis": "y", "origin": [0, -0.49438, -4.29405]},
			"faces": {
				"north": {"uv": [0, 0, 2, 0.5], "texture": "#3"},
				"east": {"uv": [0, 0, 3, 0.5], "texture": "#3"},
				"south": {"uv": [0, 0, 2, 0.5], "texture": "#3"},
				"west": {"uv": [0, 0, 3, 0.5], "texture": "#3"},
				"up": {"uv": [0, 0, 2, 3], "texture": "#3"},
				"down": {"uv": [0, 0, 2, 3], "texture": "#3"}
			}
		}
	],
	"display": {
		"thirdperson_righthand": {
			"rotation": [0, 15, 0],
			"translation": [-2.75, 1, -4.5],
			"scale": [0.52539, 0.52539, 0.52539]
		},
		"thirdperson_lefthand": {
			"translation": [0, 1, -4],
			"scale": [0.42383, 0.42383, 0.42383]
		},
		"firstperson_righthand": {
			"translation": [0.75, 0, -13.25],
			"scale": [0.86914, 0.86914, 0.86914]
		},
		"firstperson_lefthand": {
			"translation": [3, 0, -14],
			"scale": [0.86914, 0.86914, 0.86914]
		},
		"ground": {
			"translation": [-0.75, 2.5, -1.25],
			"scale": [0.54492, 0.54492, 0.54492]
		},
		"gui": {
			"rotation": [58.59, 46.46, -33.06],
			"translation": [-2, 0.5, 0],
			"scale": [0.55469, 0.55469, 0.55469]
		},
		"fixed": {
			"rotation": [0, -90, 0],
			"translation": [1.5, 0, -1.5],
			"scale": [0.64063, 0.64063, 0.64063]
		}
	}
}