{
	"credit": "Made with Blockbench",
	"textures": {
		"2": "block/stripped_dark_oak_log2",
		"3": "block/anvil",
		"4": "nubx/nulls_gray",
		"particle": "block/stripped_dark_oak_log2"
	},
	"elements": [
		{
			"from": [12, -1.5, 8],
			"to": [14, 3, 10],
			"rotation": {"angle": 22.5, "axis": "z", "origin": [0, 0, 0]},
			"faces": {
				"north": {"uv": [0, 0, 2, 4.5], "texture": "#2"},
				"east": {"uv": [0, 0, 2, 4.5], "texture": "#2"},
				"south": {"uv": [0, 0, 2, 4.5], "texture": "#2"},
				"west": {"uv": [0, 0, 2, 4.5], "texture": "#2"},
				"up": {"uv": [0, 0, 2, 2], "texture": "#2"},
				"down": {"uv": [0, 0, 2, 2], "texture": "#2"}
			}
		},
		{
			"from": [1.83988, 4.14032, 8.25],
			"to": [4.33988, 6.64032, 9.75],
			"rotation": {"angle": -22.5, "axis": "z", "origin": [0.03988, 0.14032, 0]},
			"faces": {
				"north": {"uv": [0, 0, 2, 2.5], "texture": "#4"},
				"east": {"uv": [0, 0, 2, 2.5], "texture": "#4"},
				"south": {"uv": [0, 0, 2, 2.5], "texture": "#4"},
				"west": {"uv": [0, 0, 2, 2.5], "texture": "#4"},
				"up": {"uv": [0, 0, 2, 2], "texture": "#4"},
				"down": {"uv": [0, 0, 2, 2], "texture": "#4"}
			}
		},
		{
			"from": [0.09125, 2.96344, 8.25],
			"to": [2.59125, 5.46344, 9.75],
			"rotation": {"angle": -45, "axis": "z", "origin": [0.11625, 0.26344, 0]},
			"faces": {
				"north": {"uv": [0, 0, 2, 2.5], "texture": "#4"},
				"east": {"uv": [0, 0, 2, 2.5], "texture": "#4"},
				"south": {"uv": [0, 0, 2, 2.5], "texture": "#4"},
				"west": {"uv": [0, 0, 2, 2.5], "texture": "#4"},
				"up": {"uv": [0, 0, 2, 2], "texture": "#4"},
				"down": {"uv": [0, 0, 2, 2], "texture": "#4"}
			}
		},
		{
			"from": [4, 4.5, 8.25],
			"to": [6.5, 7, 9.75],
			"faces": {
				"north": {"uv": [0, 0, 2, 2.5], "texture": "#4"},
				"east": {"uv": [0, 0, 2, 2.5], "texture": "#4"},
				"south": {"uv": [0, 0, 2, 2.5], "texture": "#4"},
				"west": {"uv": [0, 0, 2, 2.5], "texture": "#4"},
				"up": {"uv": [0, 0, 2, 2], "texture": "#4"},
				"down": {"uv": [0, 0, 2, 2], "texture": "#4"}
			}
		},
		{
			"from": [2, 7, 7.6],
			"to": [12, 9, 10.4],
			"faces": {
				"north": {"uv": [0, 0, 10, 2], "texture": "#3"},
				"east": {"uv": [0, 0, 3, 2], "texture": "#3"},
				"south": {"uv": [0, 0, 10, 2], "texture": "#3"},
				"west": {"uv": [0, 0, 3, 2], "texture": "#3"},
				"up": {"uv": [0, 0, 10, 3], "texture": "#3"},
				"down": {"uv": [0, 0, 10, 3], "texture": "#3"}
			}
		},
		{
			"from": [-2, 7, 7.5],
			"to": [2, 9.5, 10.5],
			"faces": {
				"north": {"uv": [0, 0, 4, 2.5], "texture": "#2"},
				"east": {"uv": [0, 0, 3.5, 2.5], "texture": "#2"},
				"south": {"uv": [0, 0, 4, 2.5], "texture": "#2"},
				"west": {"uv": [0, 0, 3.5, 2.5], "texture": "#2"},
				"up": {"uv": [0, 0, 4, 3.5], "texture": "#2"},
				"down": {"uv": [0, 0, 4, 3.5], "texture": "#2"}
			}
		},
		{
			"from": [-5, 7.5, 7.75],
			"to": [-2, 9.5, 10.25],
			"faces": {
				"north": {"uv": [0, 0, 3, 2], "texture": "#2"},
				"east": {"uv": [0, 0, 2.5, 2], "texture": "#2"},
				"south": {"uv": [0, 0, 3, 2], "texture": "#2"},
				"west": {"uv": [0, 0, 2.5, 2], "texture": "#2"},
				"up": {"uv": [0, 0, 3, 2.5], "texture": "#2"},
				"down": {"uv": [0, 0, 3, 2.5], "texture": "#2"}
			}
		},
		{
			"from": [-7, 7.5, 7.75],
			"to": [-5, 9.5, 10.25],
			"faces": {
				"north": {"uv": [0, 0, 2, 2], "texture": "#2"},
				"east": {"uv": [0, 0, 2.5, 2], "texture": "#2"},
				"south": {"uv": [0, 0, 2, 2], "texture": "#2"},
				"west": {"uv": [0, 0, 2.5, 2], "texture": "#2"},
				"up": {"uv": [0, 0, 2, 2.5], "texture": "#2"},
				"down": {"uv": [0, 0, 2, 2.5], "texture": "#2"}
			}
		},
		{
			"from": [2, 9, 8],
			"to": [12, 9.5, 10],
			"faces": {
				"north": {"uv": [0, 0, 10, 0.5], "texture": "#3"},
				"east": {"uv": [0, 0, 2, 0.5], "texture": "#3"},
				"south": {"uv": [0, 0, 10, 0.5], "texture": "#3"},
				"west": {"uv": [0, 0, 2, 0.5], "texture": "#3"},
				"up": {"uv": [0, 0, 10, 2], "texture": "#3"},
				"down": {"uv": [0, 0, 10, 2], "texture": "#3"}
			}
		},
		{
			"from": [-4, 9.5, 8],
			"to": [2, 10, 10],
			"faces": {
				"north": {"uv": [0, 0, 9, 0.5], "texture": "#2"},
				"east": {"uv": [0, 0, 2, 0.5], "texture": "#2"},
				"south": {"uv": [0, 0, 9, 0.5], "texture": "#2"},
				"west": {"uv": [0, 0, 2, 0.5], "texture": "#2"},
				"up": {"uv": [0, 0, 9, 2], "texture": "#2"},
				"down": {"uv": [0, 0, 9, 2], "texture": "#2"}
			}
		},
		{
			"from": [-12.3, 9, 8.5],
			"to": [-6.3, 9.5, 9.5],
			"faces": {
				"north": {"uv": [0, 0, 6, 0.5], "texture": "#3"},
				"east": {"uv": [0, 0, 1, 0.5], "texture": "#3"},
				"south": {"uv": [0, 0, 6, 0.5], "texture": "#3"},
				"west": {"uv": [0, 0, 1, 0.5], "texture": "#3"},
				"up": {"uv": [0, 0, 6, 1], "texture": "#3"},
				"down": {"uv": [0, 0, 6, 1], "texture": "#3"}
			}
		},
		{
			"from": [8.5, 5.65, 8.5],
			"to": [10.75, 6.15, 9.5],
			"faces": {
				"north": {"uv": [0, 0, 2.25, 0.5], "texture": "#3"},
				"east": {"uv": [0, 0, 1, 0.5], "texture": "#3"},
				"south": {"uv": [0, 0, 2.25, 0.5], "texture": "#3"},
				"west": {"uv": [0, 0, 1, 0.5], "texture": "#3"},
				"up": {"uv": [0, 0, 2.25, 1], "texture": "#3"},
				"down": {"uv": [0, 0, 2.25, 1], "texture": "#3"}
			}
		},
		{
			"from": [11, 2.5, 8.5],
			"to": [12.25, 2.75, 9.5],
			"rotation": {"angle": 22.5, "axis": "z", "origin": [0, 0, 0]},
			"faces": {
				"north": {"uv": [0, 0, 1.25, 0.25], "texture": "#3"},
				"east": {"uv": [0, 0, 1, 0.25], "texture": "#3"},
				"south": {"uv": [0, 0, 1.25, 0.25], "texture": "#3"},
				"west": {"uv": [0, 0, 1, 0.25], "texture": "#3"},
				"up": {"uv": [0, 0, 1.25, 1], "texture": "#3"},
				"down": {"uv": [0, 0, 1.25, 1], "texture": "#3"}
			}
		},
		{
			"from": [0, 10, 8.5],
			"to": [2, 10.5, 9.5],
			"rotation": {"angle": -45, "axis": "z", "origin": [0, 0, 0]},
			"faces": {
				"north": {"uv": [0, 0, 2, 0.5], "texture": "#3"},
				"east": {"uv": [0, 0, 1, 0.5], "texture": "#3"},
				"south": {"uv": [0, 0, 2, 0.5], "texture": "#3"},
				"west": {"uv": [0, 0, 1, 0.5], "texture": "#3"},
				"up": {"uv": [0, 0, 2, 1], "texture": "#3"},
				"down": {"uv": [0, 0, 2, 1], "texture": "#3"}
			}
		},
		{
			"from": [-12, 8, 8.5],
			"to": [-11, 9.05, 9.5],
			"faces": {
				"north": {"uv": [0, 0, 1, 1.05], "texture": "#3"},
				"east": {"uv": [0, 0, 1, 1.05], "texture": "#3"},
				"south": {"uv": [0, 0, 1, 1.05], "texture": "#3"},
				"west": {"uv": [0, 0, 1, 1.05], "texture": "#3"},
				"up": {"uv": [0, 0, 1, 1], "texture": "#3"},
				"down": {"uv": [0, 0, 1, 1], "texture": "#3"}
			}
		},
		{
			"from": [-14.75, 8, 8.5],
			"to": [-13.75, 9.5, 9.5],
			"faces": {
				"north": {"uv": [0, 0, 1, 1.5], "texture": "#3"},
				"east": {"uv": [0, 0, 1, 1.5], "texture": "#3"},
				"south": {"uv": [0, 0, 1, 1.5], "texture": "#3"},
				"west": {"uv": [0, 0, 1, 1.5], "texture": "#3"},
				"up": {"uv": [0, 0, 1, 1], "texture": "#3"},
				"down": {"uv": [0, 0, 1, 1], "texture": "#3"}
			}
		},
		{
			"from": [-14.75, 9.355, 8.75],
			"to": [-13.825, 10.355, 9.25],
			"faces": {
				"north": {"uv": [0, 0, 0.925, 0.5], "texture": "#3"},
				"east": {"uv": [0, 0, 1, 0.5], "texture": "#3"},
				"south": {"uv": [0, 0, 0.925, 0.5], "texture": "#3"},
				"west": {"uv": [0, 0, 1, 0.5], "texture": "#3"},
				"up": {"uv": [0, 0, 0.925, 1], "texture": "#3"},
				"down": {"uv": [0, 0, 0.925, 1], "texture": "#3"}
			}
		},
		{
			"from": [-10, 12.9, 8.5],
			"to": [-9, 14.4, 9.5],
			"rotation": {"angle": 22.5, "axis": "z", "origin": [0, 0, 0]},
			"faces": {
				"north": {"uv": [0, 0, 1, 1.5], "texture": "#3"},
				"east": {"uv": [0, 0, 1, 1.5], "texture": "#3"},
				"south": {"uv": [0, 0, 1, 1.5], "texture": "#3"},
				"west": {"uv": [0, 0, 1, 1.5], "texture": "#3"},
				"up": {"uv": [0, 0, 1, 1], "texture": "#3"},
				"down": {"uv": [0, 0, 1, 1], "texture": "#3"}
			}
		},
		{
			"from": [-15, 7.5, 8.5],
			"to": [-7, 8.5, 9.5],
			"faces": {
				"north": {"uv": [0, 0, 8, 1], "texture": "#3"},
				"east": {"uv": [0, 0, 1, 1], "texture": "#3"},
				"south": {"uv": [0, 0, 8, 1], "texture": "#3"},
				"west": {"uv": [0, 0, 1, 1], "texture": "#3"},
				"up": {"uv": [0, 0, 8, 1], "texture": "#3"},
				"down": {"uv": [0, 0, 8, 1], "texture": "#3"}
			}
		},
		{
			"from": [-15.5, 8, 8.75],
			"to": [-15, 8.5, 9.25],
			"faces": {
				"north": {"uv": [0, 0, 0.5, 0.5], "texture": "#3"},
				"east": {"uv": [0, 0, 1, 0.5], "texture": "#3"},
				"south": {"uv": [0, 0, 0.5, 0.5], "texture": "#3"},
				"west": {"uv": [0, 0, 1, 0.5], "texture": "#3"},
				"up": {"uv": [0, 0, 0.5, 1], "texture": "#3"},
				"down": {"uv": [0, 0, 0.5, 1], "texture": "#3"}
			}
		},
		{
			"from": [-2, 6.5, 8],
			"to": [2, 7, 10],
			"faces": {
				"north": {"uv": [0, 0, 4, 0.5], "texture": "#2"},
				"east": {"uv": [0, 0, 2, 0.5], "texture": "#2"},
				"south": {"uv": [0, 0, 4, 0.5], "texture": "#2"},
				"west": {"uv": [0, 0, 2, 0.5], "texture": "#2"},
				"up": {"uv": [0, 0, 4, 2], "texture": "#2"},
				"down": {"uv": [0, 0, 4, 2], "texture": "#2"}
			}
		},
		{
			"from": [-5, 6.5, 8.5],
			"to": [-2, 7, 9.5],
			"faces": {
				"north": {"uv": [0, 0, 3, 0.5], "texture": "#2"},
				"east": {"uv": [0, 0, 1, 0.5], "texture": "#2"},
				"south": {"uv": [0, 0, 3, 0.5], "texture": "#2"},
				"west": {"uv": [0, 0, 1, 0.5], "texture": "#2"},
				"up": {"uv": [0, 0, 3, 1], "texture": "#2"},
				"down": {"uv": [0, 0, 3, 1], "texture": "#2"}
			}
		},
		{
			"from": [-7, 7, 8.5],
			"to": [-5, 7.5, 9.5],
			"faces": {
				"north": {"uv": [0, 0, 2, 0.5], "texture": "#2"},
				"east": {"uv": [0, 0, 1, 0.5], "texture": "#2"},
				"south": {"uv": [0, 0, 2, 0.5], "texture": "#2"},
				"west": {"uv": [0, 0, 1, 0.5], "texture": "#2"},
				"up": {"uv": [0, 0, 2, 1], "texture": "#2"},
				"down": {"uv": [0, 0, 2, 1], "texture": "#2"}
			}
		},
		{
			"from": [-5, 7, 8],
			"to": [-2, 7.5, 10],
			"faces": {
				"north": {"uv": [0, 0, 3, 0.5], "texture": "#2"},
				"east": {"uv": [0, 0, 2, 0.5], "texture": "#2"},
				"south": {"uv": [0, 0, 3, 0.5], "texture": "#2"},
				"west": {"uv": [0, 0, 2, 0.5], "texture": "#2"},
				"up": {"uv": [0, 0, 3, 2], "texture": "#2"},
				"down": {"uv": [0, 0, 3, 2], "texture": "#2"}
			}
		},
		{
			"from": [13.95, 6, 8],
			"to": [20.95, 8.2, 10],
			"faces": {
				"north": {"uv": [0, 0, 7, 2.2], "texture": "#2"},
				"east": {"uv": [0, 0, 3, 2.2], "texture": "#2"},
				"south": {"uv": [0, 0, 7, 2.2], "texture": "#2"},
				"west": {"uv": [0, 0, 3, 2.2], "texture": "#2"},
				"up": {"uv": [0, 0, 7, 3], "texture": "#2"},
				"down": {"uv": [0, 0, 7, 3], "texture": "#2"}
			}
		},
		{
			"from": [16.95, 5.5, 8],
			"to": [20.95, 8, 10],
			"faces": {
				"north": {"uv": [0, 0, 4, 2.5], "texture": "#2"},
				"east": {"uv": [0, 0, 3, 2.5], "texture": "#2"},
				"south": {"uv": [0, 0, 4, 2.5], "texture": "#2"},
				"west": {"uv": [0, 0, 3, 2.5], "texture": "#2"},
				"up": {"uv": [0, 0, 4, 3], "texture": "#2"},
				"down": {"uv": [0, 0, 4, 3], "texture": "#2"}
			}
		},
		{
			"from": [11, 11.35, 8],
			"to": [17.25, 13.1, 10],
			"rotation": {"angle": -22.5, "axis": "z", "origin": [0, 0, 0]},
			"faces": {
				"north": {"uv": [0, 0, 6.25, 1.75], "texture": "#2"},
				"east": {"uv": [0, 0, 3, 1.75], "texture": "#2"},
				"south": {"uv": [0, 0, 6.25, 1.75], "texture": "#2"},
				"west": {"uv": [0, 0, 3, 1.75], "texture": "#2"},
				"up": {"uv": [0, 0, 6.25, 3], "texture": "#2"},
				"down": {"uv": [0, 0, 6.25, 3], "texture": "#2"}
			}
		},
		{
			"from": [7.6, 10.9, 8],
			"to": [10.6, 12.9, 10],
			"rotation": {"angle": -22.5, "axis": "z", "origin": [0, 0, 0]},
			"faces": {
				"north": {"uv": [0, 0, 3, 2], "texture": "#2"},
				"east": {"uv": [0, 0, 3, 2], "texture": "#2"},
				"south": {"uv": [0, 0, 3, 2], "texture": "#2"},
				"west": {"uv": [0, 0, 3, 2], "texture": "#2"},
				"up": {"uv": [0, 0, 3, 3], "texture": "#2"},
				"down": {"uv": [0, 0, 3, 3], "texture": "#2"}
			}
		},
		{
			"from": [-15, 3, 8.5],
			"to": [-14, 4.05, 9.5],
			"rotation": {"angle": -22.5, "axis": "z", "origin": [0, 0, 0]},
			"faces": {
				"north": {"uv": [0, 0, 1, 1.05], "texture": "#3"},
				"east": {"uv": [0, 0, 1, 1.05], "texture": "#3"},
				"south": {"uv": [0, 0, 1, 1.05], "texture": "#3"},
				"west": {"uv": [0, 0, 1, 1.05], "texture": "#3"},
				"up": {"uv": [0, 0, 1, 1], "texture": "#3"},
				"down": {"uv": [0, 0, 1, 1], "texture": "#3"}
			}
		}
	],
	"display": {
		"thirdperson_righthand": {
			"rotation": [94.08, -85.51, 80.38],
			"translation": [0.75, 1.75, 0.25],
			"scale": [0.54492, 0.54492, 0.54492]
		},
		"thirdperson_lefthand": {
			"rotation": [118.39, 87.92, -108.69],
			"translation": [-0.5, 1.75, 0.25],
			"scale": [0.54492, 0.54492, 0.54492]
		},
		"firstperson_righthand": {
			"rotation": [0, -90, 0],
			"translation": [0.5, 3.25, -2.25],
			"scale": [0.63867, 0.63867, 0.63867]
		},
		"firstperson_lefthand": {
			"translation": [2.25, 1, -2.5],
			"scale": [0.63867, 0.63867, 0.63867]
		},
		"ground": {
			"translation": [0, 2.75, 0],
			"scale": [0.5957, 0.5957, 0.5957]
		},
		"gui": {
			"rotation": [35, 45, 0],
			"translation": [1.25, 0.25, 0],
			"scale": [0.44727, 0.44727, 0.44727]
		},
		"fixed": {
			"rotation": [180, 0.5, 180],
			"translation": [-3.5, 1, -0.75],
			"scale": [0.70898, 0.70898, 0.70898]
		}
	}
}