{
	"credit": "Made with Blockbench",
	"textures": {
		"main": "nubx/guns/pump"
	},
	"elements": [
		{
			"name": "Black",
			"from": [-5, 9.25, 7.5],
			"to": [-3.5, 10.25, 8.5],
			"faces": {
				"north": {"uv": [0, 4, 0.25, 4.25], "texture": "#main", "cullface": "west"},
				"east": {"uv": [0, 4, 0.25, 4.25], "texture": "#main", "cullface": "west"},
				"south": {"uv": [0, 4, 0.25, 4.25], "texture": "#main", "cullface": "west"},
				"west": {"uv": [0, 4, 0.25, 4.25], "texture": "#main", "cullface": "west"},
				"up": {"uv": [0, 4, 0.25, 4.25], "texture": "#main", "cullface": "west"},
				"down": {"uv": [0, 4, 0.25, 4.25], "texture": "#main", "cullface": "west"}
			}
		},
		{
			"name": "Light_Black",
			"from": [-3.5, 9.5, 7.75],
			"to": [7.5, 10, 8.25],
			"faces": {
				"north": {"uv": [4.625, 4, 4.875, 4.25], "texture": "#main", "cullface": "west"},
				"east": {"uv": [4.625, 4, 4.875, 4.25], "texture": "#main", "cullface": "west"},
				"south": {"uv": [4.625, 4, 4.875, 4.25], "texture": "#main", "cullface": "west"},
				"up": {"uv": [4.625, 4, 4.875, 4.25], "texture": "#main", "cullface": "west"},
				"down": {"uv": [4.5, 4, 4.75, 4.25], "texture": "#main", "cullface": "west"}
			}
		},
		{
			"name": "Light_Black*",
			"from": [-3.5, 8.5, 7.75],
			"to": [7.5, 9, 8.25],
			"faces": {
				"north": {"uv": [4.625, 4, 4.875, 4.25], "texture": "#main", "cullface": "west"},
				"south": {"uv": [4.625, 4, 4.875, 4.25], "texture": "#main", "cullface": "west"},
				"up": {"uv": [4.625, 4, 4.875, 4.25], "texture": "#main", "cullface": "west"},
				"down": {"uv": [4.5, 4, 4.75, 4.25], "texture": "#main", "cullface": "west"}
			}
		},
		{
			"name": "Black*",
			"from": [0.5, 8, 7.5],
			"to": [5, 9.5, 8.5],
			"faces": {
				"north": {"uv": [0, 4, 0.25, 4.25], "texture": "#main"},
				"east": {"uv": [0, 4, 0.25, 4.25], "texture": "#main"},
				"south": {"uv": [0, 4, 0.25, 4.25], "texture": "#main"},
				"west": {"uv": [0, 4, 0.25, 4.25], "texture": "#main"},
				"up": {"uv": [0, 4, 0.25, 4.25], "texture": "#main"},
				"down": {"uv": [0, 4, 0.25, 4.25], "texture": "#main"}
			}
		},
		{
			"name": "Black*",
			"from": [-4, 8.25, 7.5],
			"to": [-3.5, 9.25, 8.5],
			"faces": {
				"north": {"uv": [0, 4, 0.25, 4.25], "texture": "#main", "cullface": "west"},
				"east": {"uv": [0, 4, 0.25, 4.25], "texture": "#main", "cullface": "west"},
				"south": {"uv": [0, 4, 0.25, 4.25], "texture": "#main", "cullface": "west"},
				"west": {"uv": [0, 4, 0.25, 4.25], "texture": "#main", "cullface": "west"},
				"down": {"uv": [0, 4, 0.25, 4.25], "texture": "#main", "cullface": "west"}
			}
		},
		{
			"name": "Light_Black*",
			"from": [5, 9, 7.75],
			"to": [7.5, 9.5, 8.25],
			"faces": {
				"north": {"uv": [4.625, 4, 4.875, 4.25], "texture": "#main"},
				"east": {"uv": [4.625, 4, 4.875, 4.25], "texture": "#main"},
				"south": {"uv": [4.625, 4, 4.875, 4.25], "texture": "#main"}
			}
		},
		{
			"name": "Light_Black*",
			"from": [7.5, 9.75, 7.5],
			"to": [14, 10.25, 8.5],
			"faces": {
				"north": {"uv": [4.625, 4, 4.875, 4.25], "texture": "#main"},
				"south": {"uv": [4.625, 4, 4.875, 4.25], "texture": "#main"},
				"west": {"uv": [4.625, 4, 4.875, 4.25], "texture": "#main"},
				"up": {"uv": [4.625, 4, 4.875, 4.25], "texture": "#main"},
				"down": {"uv": [4.5, 4, 4.75, 4.25], "texture": "#main"}
			}
		},
		{
			"name": "Light_Black*",
			"from": [14, 8.25, 7.5],
			"to": [16, 10.25, 8.5],
			"rotation": {"angle": -22.5, "axis": "z", "origin": [14, 10.25, 7.5]},
			"faces": {
				"north": {"uv": [4.625, 4, 4.875, 4.25], "texture": "#main"},
				"east": {"uv": [4.625, 4, 4.875, 4.25], "texture": "#main", "cullface": "east"},
				"south": {"uv": [4.625, 4, 4.875, 4.25], "texture": "#main"},
				"west": {"uv": [4.625, 4, 4.875, 4.25], "texture": "#main"},
				"up": {"uv": [4.625, 4, 4.875, 4.25], "texture": "#main"},
				"down": {"uv": [4.5, 4, 4.75, 4.25], "texture": "#main"}
			}
		},
		{
			"name": "Black*",
			"from": [9, 9.25, 7.75],
			"to": [10.5, 9.75, 8.25],
			"faces": {
				"north": {"uv": [0, 4, 0.25, 4.25], "texture": "#main"},
				"south": {"uv": [0, 4, 0.25, 4.25], "texture": "#main"}
			}
		},
		{
			"name": "Light_Black*",
			"from": [7.5, 8.25, 7.5],
			"to": [14, 9.25, 8.5],
			"faces": {
				"north": {"uv": [4.625, 4, 4.875, 4.25], "texture": "#main"},
				"south": {"uv": [4.625, 4, 4.875, 4.25], "texture": "#main"},
				"west": {"uv": [4.625, 4, 4.875, 4.25], "texture": "#main"},
				"up": {"uv": [4.625, 4, 4.875, 4.25], "texture": "#main"},
				"down": {"uv": [4.5, 4, 4.75, 4.25], "texture": "#main"}
			}
		},
		{
			"name": "Light_Black*",
			"from": [7.5, 9.25, 7.5],
			"to": [9, 9.75, 8.5],
			"faces": {
				"north": {"uv": [4.625, 4, 4.875, 4.25], "texture": "#main"},
				"east": {"uv": [4.625, 4, 4.875, 4.25], "texture": "#main"},
				"south": {"uv": [4.625, 4, 4.875, 4.25], "texture": "#main"},
				"west": {"uv": [4.625, 4, 4.875, 4.25], "texture": "#main"}
			}
		},
		{
			"name": "Light_Black*",
			"from": [10.5, 9.25, 7.5],
			"to": [14, 9.75, 8.5],
			"faces": {
				"north": {"uv": [4.625, 4, 4.875, 4.25], "texture": "#main"},
				"south": {"uv": [4.625, 4, 4.875, 4.25], "texture": "#main"},
				"west": {"uv": [4.625, 4, 4.875, 4.25], "texture": "#main"}
			}
		},
		{
			"name": "Black*",
			"from": [15.5, 7.5625, 7.4375],
			"to": [18, 9.6875, 8.5625],
			"rotation": {"angle": -22.5, "axis": "z", "origin": [15.5, 9.6875, 7.4375]},
			"faces": {
				"north": {"uv": [0, 4, 0.25, 4.25], "texture": "#main", "cullface": "east"},
				"east": {"uv": [0, 4, 0.25, 4.25], "texture": "#main", "cullface": "east"},
				"south": {"uv": [0, 4, 0.25, 4.25], "texture": "#main", "cullface": "east"},
				"west": {"uv": [0, 4, 0.25, 4.25], "texture": "#main", "cullface": "east"},
				"up": {"uv": [0, 4, 0.25, 4.25], "texture": "#main", "cullface": "east"},
				"down": {"uv": [0, 4, 0.25, 4.25], "texture": "#main", "cullface": "east"}
			}
		},
		{
			"name": "Black*",
			"from": [15.5, 4, 7.4375],
			"to": [17, 8, 8.5625],
			"rotation": {"angle": 22.5, "axis": "z", "origin": [15.5, 8, 7.4375]},
			"faces": {
				"north": {"uv": [0, 4, 0.25, 4.25], "texture": "#main", "cullface": "east"},
				"east": {"uv": [0, 4, 0.25, 4.25], "texture": "#main", "cullface": "east"},
				"south": {"uv": [0, 4, 0.25, 4.25], "texture": "#main", "cullface": "east"},
				"west": {"uv": [0, 4, 0.25, 4.25], "texture": "#main", "cullface": "east"},
				"up": {"uv": [0, 4, 0.25, 4.25], "texture": "#main", "cullface": "east"},
				"down": {"uv": [0, 4, 0.25, 4.25], "texture": "#main", "cullface": "east"}
			}
		},
		{
			"name": "Black*",
			"from": [11.5, 7.5, 7.6875],
			"to": [12.5, 8.5, 8.1875],
			"faces": {
				"north": {"uv": [0, 4, 0.25, 4.25], "texture": "#main"},
				"east": {"uv": [0, 4, 0.25, 4.25], "texture": "#main"},
				"south": {"uv": [0, 4, 0.25, 4.25], "texture": "#main"},
				"west": {"uv": [0, 4, 0.25, 4.25], "texture": "#main"},
				"up": {"uv": [0, 4, 0.25, 4.25], "texture": "#main"},
				"down": {"uv": [0, 4, 0.25, 4.25], "texture": "#main"}
			}
		},
		{
			"name": "Black*",
			"from": [11.6875, 7.5, 7.6875],
			"to": [14.6875, 8, 8.1875],
			"rotation": {"angle": -22.5, "axis": "z", "origin": [11.6875, 8, 7.6875]},
			"faces": {
				"north": {"uv": [0, 4, 0.25, 4.25], "texture": "#main"},
				"east": {"uv": [0, 4, 0.25, 4.25], "texture": "#main"},
				"south": {"uv": [0, 4, 0.25, 4.25], "texture": "#main"},
				"west": {"uv": [0, 4, 0.25, 4.25], "texture": "#main"},
				"up": {"uv": [0, 4, 0.25, 4.25], "texture": "#main"},
				"down": {"uv": [0, 4, 0.25, 4.25], "texture": "#main"}
			}
		},
		{
			"name": "Black*",
			"from": [14.125, 6.375, 7.6875],
			"to": [16.625, 6.9375, 8.1875],
			"faces": {
				"north": {"uv": [0, 4, 0.25, 4.25], "texture": "#main", "cullface": "east"},
				"east": {"uv": [0, 4, 0.25, 4.25], "texture": "#main", "cullface": "east"},
				"south": {"uv": [0, 4, 0.25, 4.25], "texture": "#main", "cullface": "east"},
				"west": {"uv": [0, 4, 0.25, 4.25], "texture": "#main", "cullface": "east"},
				"up": {"uv": [0, 4, 0.25, 4.25], "texture": "#main", "cullface": "east"},
				"down": {"uv": [0, 4, 0.25, 4.25], "texture": "#main", "cullface": "east"}
			}
		},
		{
			"name": "Black*",
			"from": [15.5, 7.0625, 7.6875],
			"to": [16, 8.5625, 8.1875],
			"rotation": {"angle": -22.5, "axis": "z", "origin": [15.5, 8.5625, 7.6875]},
			"faces": {
				"north": {"uv": [0, 4, 0.25, 4.25], "texture": "#main"},
				"east": {"uv": [0, 4, 0.25, 4.25], "texture": "#main", "cullface": "east"},
				"south": {"uv": [0, 4, 0.25, 4.25], "texture": "#main"},
				"west": {"uv": [0, 4, 0.25, 4.25], "texture": "#main"},
				"up": {"uv": [0, 4, 0.25, 4.25], "texture": "#main"},
				"down": {"uv": [0, 4, 0.25, 4.25], "texture": "#main"}
			}
		},
		{
			"name": "Black*",
			"from": [1, 7.75, 7.25],
			"to": [1.5, 9.25, 8.75],
			"faces": {
				"north": {"uv": [0, 4, 0.25, 4.25], "texture": "#main"},
				"east": {"uv": [0, 4, 0.25, 4.25], "texture": "#main"},
				"south": {"uv": [0, 4, 0.25, 4.25], "texture": "#main"},
				"west": {"uv": [0, 4, 0.25, 4.25], "texture": "#main"},
				"up": {"uv": [0, 4, 0.25, 4.25], "texture": "#main"},
				"down": {"uv": [0, 4, 0.25, 4.25], "texture": "#main"}
			}
		},
		{
			"name": "Black*",
			"from": [2, 7.75, 7.25],
			"to": [2.5, 9.25, 8.75],
			"faces": {
				"north": {"uv": [0, 4, 0.25, 4.25], "texture": "#main"},
				"east": {"uv": [0, 4, 0.25, 4.25], "texture": "#main"},
				"south": {"uv": [0, 4, 0.25, 4.25], "texture": "#main"},
				"west": {"uv": [0, 4, 0.25, 4.25], "texture": "#main"},
				"up": {"uv": [0, 4, 0.25, 4.25], "texture": "#main"},
				"down": {"uv": [0, 4, 0.25, 4.25], "texture": "#main"}
			}
		},
		{
			"name": "Black*",
			"from": [3, 7.75, 7.25],
			"to": [3.5, 9.25, 8.75],
			"faces": {
				"north": {"uv": [0, 4, 0.25, 4.25], "texture": "#main"},
				"east": {"uv": [0, 4, 0.25, 4.25], "texture": "#main"},
				"south": {"uv": [0, 4, 0.25, 4.25], "texture": "#main"},
				"west": {"uv": [0, 4, 0.25, 4.25], "texture": "#main"},
				"up": {"uv": [0, 4, 0.25, 4.25], "texture": "#main"},
				"down": {"uv": [0, 4, 0.25, 4.25], "texture": "#main"}
			}
		},
		{
			"name": "Black*",
			"from": [4, 7.75, 7.25],
			"to": [4.5, 9.25, 8.75],
			"faces": {
				"north": {"uv": [0, 4, 0.25, 4.25], "texture": "#main"},
				"east": {"uv": [0, 4, 0.25, 4.25], "texture": "#main"},
				"south": {"uv": [0, 4, 0.25, 4.25], "texture": "#main"},
				"west": {"uv": [0, 4, 0.25, 4.25], "texture": "#main"},
				"up": {"uv": [0, 4, 0.25, 4.25], "texture": "#main"},
				"down": {"uv": [0, 4, 0.25, 4.25], "texture": "#main"}
			}
		},
		{
			"from": [8.25, 9.5, 7.75],
			"to": [8.75, 10, 8.25],
			"rotation": {"angle": -22.5, "axis": "z", "origin": [0, 0, 0]},
			"faces": {
				"north": {"uv": [4, 0, 4.125, 0.125], "texture": "#main"},
				"east": {"uv": [4, 0, 4.125, 0.125], "texture": "#main"},
				"south": {"uv": [4, 0, 4.125, 0.125], "texture": "#main"},
				"west": {"uv": [4, 0, 4.125, 0.125], "texture": "#main"},
				"up": {"uv": [4, 0, 4.125, 0.125], "texture": "#main"},
				"down": {"uv": [4, 0, 4.125, 0.125], "texture": "#main"}
			}
		},
		{
			"from": [7, 9.5, 7.75],
			"to": [8.25, 10, 8.25],
			"rotation": {"angle": -22.5, "axis": "z", "origin": [0, 0, 0]},
			"faces": {
				"north": {"uv": [0, 0, 0.3125, 0.125], "texture": "#main"},
				"east": {"uv": [0, 0, 0.125, 0.125], "texture": "#main"},
				"south": {"uv": [0, 0, 0.3125, 0.125], "texture": "#main"},
				"west": {"uv": [0, 0, 0.125, 0.125], "texture": "#main"},
				"up": {"uv": [0, 0, 0.3125, 0.125], "texture": "#main"},
				"down": {"uv": [0, 0, 0.3125, 0.125], "texture": "#main"}
			}
		},
		{
			"name": "Black",
			"from": [-5, 9.25, 7.5],
			"to": [-3.5, 10.25, 8.5],
			"faces": {
				"north": {"uv": [8, 4, 8.25, 4.25], "texture": "#main", "cullface": "west"},
				"east": {"uv": [8, 4, 8.25, 4.25], "texture": "#main", "cullface": "west"},
				"south": {"uv": [8, 4, 8.25, 4.25], "texture": "#main", "cullface": "west"},
				"west": {"uv": [8, 4, 8.25, 4.25], "texture": "#main", "cullface": "west"},
				"up": {"uv": [8, 4, 8.25, 4.25], "texture": "#main", "cullface": "west"},
				"down": {"uv": [8, 4, 8.25, 4.25], "texture": "#main", "cullface": "west"}
			}
		},
		{
			"name": "Light_Black",
			"from": [-3.5, 9.5, 7.75],
			"to": [7.5, 10, 8.25],
			"faces": {
				"north": {"uv": [12.625, 4, 12.875, 4.25], "texture": "#main", "cullface": "west"},
				"east": {"uv": [12.625, 4, 12.875, 4.25], "texture": "#main", "cullface": "west"},
				"south": {"uv": [12.625, 4, 12.875, 4.25], "texture": "#main", "cullface": "west"},
				"up": {"uv": [12.625, 4, 12.875, 4.25], "texture": "#main", "cullface": "west"},
				"down": {"uv": [12.5, 4, 12.75, 4.25], "texture": "#main", "cullface": "west"}
			}
		},
		{
			"name": "Light_Black*",
			"from": [-3.5, 8.5, 7.75],
			"to": [7.5, 9, 8.25],
			"faces": {
				"north": {"uv": [12.625, 4, 12.875, 4.25], "texture": "#main", "cullface": "west"},
				"south": {"uv": [12.625, 4, 12.875, 4.25], "texture": "#main", "cullface": "west"},
				"up": {"uv": [12.625, 4, 12.875, 4.25], "texture": "#main", "cullface": "west"},
				"down": {"uv": [12.5, 4, 12.75, 4.25], "texture": "#main", "cullface": "west"}
			}
		},
		{
			"name": "Black*",
			"from": [0.5, 8, 7.5],
			"to": [5, 9.5, 8.5],
			"faces": {
				"north": {"uv": [8, 4, 8.25, 4.25], "texture": "#main"},
				"east": {"uv": [8, 4, 8.25, 4.25], "texture": "#main"},
				"south": {"uv": [8, 4, 8.25, 4.25], "texture": "#main"},
				"west": {"uv": [8, 4, 8.25, 4.25], "texture": "#main"},
				"up": {"uv": [8, 4, 8.25, 4.25], "texture": "#main"},
				"down": {"uv": [8, 4, 8.25, 4.25], "texture": "#main"}
			}
		},
		{
			"name": "Black*",
			"from": [-4, 8.25, 7.5],
			"to": [-3.5, 9.25, 8.5],
			"faces": {
				"north": {"uv": [8, 4, 8.25, 4.25], "texture": "#main", "cullface": "west"},
				"east": {"uv": [8, 4, 8.25, 4.25], "texture": "#main", "cullface": "west"},
				"south": {"uv": [8, 4, 8.25, 4.25], "texture": "#main", "cullface": "west"},
				"west": {"uv": [8, 4, 8.25, 4.25], "texture": "#main", "cullface": "west"},
				"down": {"uv": [8, 4, 8.25, 4.25], "texture": "#main", "cullface": "west"}
			}
		},
		{
			"name": "Light_Black*",
			"from": [5, 9, 7.75],
			"to": [7.5, 9.5, 8.25],
			"faces": {
				"north": {"uv": [12.625, 4, 12.875, 4.25], "texture": "#main"},
				"east": {"uv": [12.625, 4, 12.875, 4.25], "texture": "#main"},
				"south": {"uv": [12.625, 4, 12.875, 4.25], "texture": "#main"}
			}
		},
		{
			"name": "Light_Black*",
			"from": [7.5, 9.75, 7.5],
			"to": [14, 10.25, 8.5],
			"faces": {
				"north": {"uv": [12.625, 4, 12.875, 4.25], "texture": "#main"},
				"south": {"uv": [12.625, 4, 12.875, 4.25], "texture": "#main"},
				"west": {"uv": [12.625, 4, 12.875, 4.25], "texture": "#main"},
				"up": {"uv": [12.625, 4, 12.875, 4.25], "texture": "#main"},
				"down": {"uv": [12.5, 4, 12.75, 4.25], "texture": "#main"}
			}
		},
		{
			"name": "Light_Black*",
			"from": [14, 8.25, 7.5],
			"to": [16, 10.25, 8.5],
			"rotation": {"angle": -22.5, "axis": "z", "origin": [14, 10.25, 7.5]},
			"faces": {
				"north": {"uv": [12.625, 4, 12.875, 4.25], "texture": "#main"},
				"east": {"uv": [12.625, 4, 12.875, 4.25], "texture": "#main", "cullface": "east"},
				"south": {"uv": [12.625, 4, 12.875, 4.25], "texture": "#main"},
				"west": {"uv": [12.625, 4, 12.875, 4.25], "texture": "#main"},
				"up": {"uv": [12.625, 4, 12.875, 4.25], "texture": "#main"},
				"down": {"uv": [12.5, 4, 12.75, 4.25], "texture": "#main"}
			}
		},
		{
			"name": "Black*",
			"from": [9, 9.25, 7.75],
			"to": [10.5, 9.75, 8.25],
			"faces": {
				"north": {"uv": [8, 4, 8.25, 4.25], "texture": "#main"},
				"south": {"uv": [8, 4, 8.25, 4.25], "texture": "#main"}
			}
		},
		{
			"name": "Light_Black*",
			"from": [7.5, 8.25, 7.5],
			"to": [14, 9.25, 8.5],
			"faces": {
				"north": {"uv": [12.625, 4, 12.875, 4.25], "texture": "#main"},
				"south": {"uv": [12.625, 4, 12.875, 4.25], "texture": "#main"},
				"west": {"uv": [12.625, 4, 12.875, 4.25], "texture": "#main"},
				"up": {"uv": [12.625, 4, 12.875, 4.25], "texture": "#main"},
				"down": {"uv": [12.5, 4, 12.75, 4.25], "texture": "#main"}
			}
		},
		{
			"name": "Light_Black*",
			"from": [7.5, 9.25, 7.5],
			"to": [9, 9.75, 8.5],
			"faces": {
				"north": {"uv": [12.625, 4, 12.875, 4.25], "texture": "#main"},
				"east": {"uv": [12.625, 4, 12.875, 4.25], "texture": "#main"},
				"south": {"uv": [12.625, 4, 12.875, 4.25], "texture": "#main"},
				"west": {"uv": [12.625, 4, 12.875, 4.25], "texture": "#main"}
			}
		},
		{
			"name": "Light_Black*",
			"from": [10.5, 9.25, 7.5],
			"to": [14, 9.75, 8.5],
			"faces": {
				"north": {"uv": [12.625, 4, 12.875, 4.25], "texture": "#main"},
				"south": {"uv": [12.625, 4, 12.875, 4.25], "texture": "#main"},
				"west": {"uv": [12.625, 4, 12.875, 4.25], "texture": "#main"}
			}
		},
		{
			"name": "Black*",
			"from": [15.5, 7.5625, 7.4375],
			"to": [18, 9.6875, 8.5625],
			"rotation": {"angle": -22.5, "axis": "z", "origin": [15.5, 9.6875, 7.4375]},
			"faces": {
				"north": {"uv": [8, 4, 8.25, 4.25], "texture": "#main", "cullface": "east"},
				"east": {"uv": [8, 4, 8.25, 4.25], "texture": "#main", "cullface": "east"},
				"south": {"uv": [8, 4, 8.25, 4.25], "texture": "#main", "cullface": "east"},
				"west": {"uv": [8, 4, 8.25, 4.25], "texture": "#main", "cullface": "east"},
				"up": {"uv": [8, 4, 8.25, 4.25], "texture": "#main", "cullface": "east"},
				"down": {"uv": [8, 4, 8.25, 4.25], "texture": "#main", "cullface": "east"}
			}
		},
		{
			"name": "Black*",
			"from": [15.5, 4, 7.4375],
			"to": [17, 8, 8.5625],
			"rotation": {"angle": 22.5, "axis": "z", "origin": [15.5, 8, 7.4375]},
			"faces": {
				"north": {"uv": [8, 4, 8.25, 4.25], "texture": "#main", "cullface": "east"},
				"east": {"uv": [8, 4, 8.25, 4.25], "texture": "#main", "cullface": "east"},
				"south": {"uv": [8, 4, 8.25, 4.25], "texture": "#main", "cullface": "east"},
				"west": {"uv": [8, 4, 8.25, 4.25], "texture": "#main", "cullface": "east"},
				"up": {"uv": [8, 4, 8.25, 4.25], "texture": "#main", "cullface": "east"},
				"down": {"uv": [8, 4, 8.25, 4.25], "texture": "#main", "cullface": "east"}
			}
		},
		{
			"name": "Black*",
			"from": [11.5, 7.5, 7.6875],
			"to": [12.5, 8.5, 8.1875],
			"faces": {
				"north": {"uv": [8, 4, 8.25, 4.25], "texture": "#main"},
				"east": {"uv": [8, 4, 8.25, 4.25], "texture": "#main"},
				"south": {"uv": [8, 4, 8.25, 4.25], "texture": "#main"},
				"west": {"uv": [8, 4, 8.25, 4.25], "texture": "#main"},
				"up": {"uv": [8, 4, 8.25, 4.25], "texture": "#main"},
				"down": {"uv": [8, 4, 8.25, 4.25], "texture": "#main"}
			}
		},
		{
			"name": "Black*",
			"from": [11.6875, 7.5, 7.6875],
			"to": [14.6875, 8, 8.1875],
			"rotation": {"angle": -22.5, "axis": "z", "origin": [11.6875, 8, 7.6875]},
			"faces": {
				"north": {"uv": [8, 4, 8.25, 4.25], "texture": "#main"},
				"east": {"uv": [8, 4, 8.25, 4.25], "texture": "#main"},
				"south": {"uv": [8, 4, 8.25, 4.25], "texture": "#main"},
				"west": {"uv": [8, 4, 8.25, 4.25], "texture": "#main"},
				"up": {"uv": [8, 4, 8.25, 4.25], "texture": "#main"},
				"down": {"uv": [8, 4, 8.25, 4.25], "texture": "#main"}
			}
		},
		{
			"name": "Black*",
			"from": [14.125, 6.375, 7.6875],
			"to": [16.625, 6.9375, 8.1875],
			"faces": {
				"north": {"uv": [8, 4, 8.25, 4.25], "texture": "#main", "cullface": "east"},
				"east": {"uv": [8, 4, 8.25, 4.25], "texture": "#main", "cullface": "east"},
				"south": {"uv": [8, 4, 8.25, 4.25], "texture": "#main", "cullface": "east"},
				"west": {"uv": [8, 4, 8.25, 4.25], "texture": "#main", "cullface": "east"},
				"up": {"uv": [8, 4, 8.25, 4.25], "texture": "#main", "cullface": "east"},
				"down": {"uv": [8, 4, 8.25, 4.25], "texture": "#main", "cullface": "east"}
			}
		},
		{
			"name": "Black*",
			"from": [15.5, 7.0625, 7.6875],
			"to": [16, 8.5625, 8.1875],
			"rotation": {"angle": -22.5, "axis": "z", "origin": [15.5, 8.5625, 7.6875]},
			"faces": {
				"north": {"uv": [8, 4, 8.25, 4.25], "texture": "#main"},
				"east": {"uv": [8, 4, 8.25, 4.25], "texture": "#main", "cullface": "east"},
				"south": {"uv": [8, 4, 8.25, 4.25], "texture": "#main"},
				"west": {"uv": [8, 4, 8.25, 4.25], "texture": "#main"},
				"up": {"uv": [8, 4, 8.25, 4.25], "texture": "#main"},
				"down": {"uv": [8, 4, 8.25, 4.25], "texture": "#main"}
			}
		},
		{
			"name": "Black*",
			"from": [1, 7.75, 7.25],
			"to": [1.5, 9.25, 8.75],
			"faces": {
				"north": {"uv": [8, 4, 8.25, 4.25], "texture": "#main"},
				"east": {"uv": [8, 4, 8.25, 4.25], "texture": "#main"},
				"south": {"uv": [8, 4, 8.25, 4.25], "texture": "#main"},
				"west": {"uv": [8, 4, 8.25, 4.25], "texture": "#main"},
				"up": {"uv": [8, 4, 8.25, 4.25], "texture": "#main"},
				"down": {"uv": [8, 4, 8.25, 4.25], "texture": "#main"}
			}
		},
		{
			"name": "Black*",
			"from": [2, 7.75, 7.25],
			"to": [2.5, 9.25, 8.75],
			"faces": {
				"north": {"uv": [8, 4, 8.25, 4.25], "texture": "#main"},
				"east": {"uv": [8, 4, 8.25, 4.25], "texture": "#main"},
				"south": {"uv": [8, 4, 8.25, 4.25], "texture": "#main"},
				"west": {"uv": [8, 4, 8.25, 4.25], "texture": "#main"},
				"up": {"uv": [8, 4, 8.25, 4.25], "texture": "#main"},
				"down": {"uv": [8, 4, 8.25, 4.25], "texture": "#main"}
			}
		},
		{
			"name": "Black*",
			"from": [3, 7.75, 7.25],
			"to": [3.5, 9.25, 8.75],
			"faces": {
				"north": {"uv": [8, 4, 8.25, 4.25], "texture": "#main"},
				"east": {"uv": [8, 4, 8.25, 4.25], "texture": "#main"},
				"south": {"uv": [8, 4, 8.25, 4.25], "texture": "#main"},
				"west": {"uv": [8, 4, 8.25, 4.25], "texture": "#main"},
				"up": {"uv": [8, 4, 8.25, 4.25], "texture": "#main"},
				"down": {"uv": [8, 4, 8.25, 4.25], "texture": "#main"}
			}
		},
		{
			"name": "Black*",
			"from": [4, 7.75, 7.25],
			"to": [4.5, 9.25, 8.75],
			"faces": {
				"north": {"uv": [8, 4, 8.25, 4.25], "texture": "#main"},
				"east": {"uv": [8, 4, 8.25, 4.25], "texture": "#main"},
				"south": {"uv": [8, 4, 8.25, 4.25], "texture": "#main"},
				"west": {"uv": [8, 4, 8.25, 4.25], "texture": "#main"},
				"up": {"uv": [8, 4, 8.25, 4.25], "texture": "#main"},
				"down": {"uv": [8, 4, 8.25, 4.25], "texture": "#main"}
			}
		},
		{
			"from": [6.25, 10.25, 7.75],
			"to": [6.75, 10.75, 8.25],
			"rotation": {"angle": -22.5, "axis": "z", "origin": [0, 0, 0]},
			"faces": {
				"north": {"uv": [12, 0, 12.125, 0.125], "texture": "#main"},
				"east": {"uv": [12, 0, 12.125, 0.125], "texture": "#main"},
				"south": {"uv": [12, 0, 12.125, 0.125], "texture": "#main"},
				"west": {"uv": [12, 0, 12.125, 0.125], "texture": "#main"},
				"up": {"uv": [12, 0, 12.125, 0.125], "texture": "#main"},
				"down": {"uv": [12, 0, 12.125, 0.125], "texture": "#main"}
			}
		},
		{
			"from": [5, 10.25, 7.75],
			"to": [6.25, 10.75, 8.25],
			"rotation": {"angle": -22.5, "axis": "z", "origin": [0, 0, 0]},
			"faces": {
				"north": {"uv": [8, 0, 8.3125, 0.125], "texture": "#main"},
				"east": {"uv": [8, 0, 8.125, 0.125], "texture": "#main"},
				"south": {"uv": [8, 0, 8.3125, 0.125], "texture": "#main"},
				"west": {"uv": [8, 0, 8.125, 0.125], "texture": "#main"},
				"up": {"uv": [8, 0, 8.3125, 0.125], "texture": "#main"},
				"down": {"uv": [8, 0, 8.3125, 0.125], "texture": "#main"}
			}
		},
		{
			"name": "Black",
			"from": [-5, 9.25, 7.5],
			"to": [-3.5, 10.25, 8.5],
			"faces": {
				"north": {"uv": [0, 12, 0.25, 12.25], "texture": "#main", "cullface": "west"},
				"east": {"uv": [0, 12, 0.25, 12.25], "texture": "#main", "cullface": "west"},
				"south": {"uv": [0, 12, 0.25, 12.25], "texture": "#main", "cullface": "west"},
				"west": {"uv": [0, 12, 0.25, 12.25], "texture": "#main", "cullface": "west"},
				"up": {"uv": [0, 12, 0.25, 12.25], "texture": "#main", "cullface": "west"},
				"down": {"uv": [0, 12, 0.25, 12.25], "texture": "#main", "cullface": "west"}
			}
		},
		{
			"name": "Light_Black",
			"from": [-3.5, 9.5, 7.75],
			"to": [7.5, 10, 8.25],
			"faces": {
				"north": {"uv": [4.625, 12, 4.875, 12.25], "texture": "#main", "cullface": "west"},
				"east": {"uv": [4.625, 12, 4.875, 12.25], "texture": "#main", "cullface": "west"},
				"south": {"uv": [4.625, 12, 4.875, 12.25], "texture": "#main", "cullface": "west"},
				"up": {"uv": [4.625, 12, 4.875, 12.25], "texture": "#main", "cullface": "west"},
				"down": {"uv": [4.5, 12, 4.75, 12.25], "texture": "#main", "cullface": "west"}
			}
		},
		{
			"name": "Light_Black*",
			"from": [-3.5, 8.5, 7.75],
			"to": [7.5, 9, 8.25],
			"faces": {
				"north": {"uv": [4.625, 12, 4.875, 12.25], "texture": "#main", "cullface": "west"},
				"south": {"uv": [4.625, 12, 4.875, 12.25], "texture": "#main", "cullface": "west"},
				"up": {"uv": [4.625, 12, 4.875, 12.25], "texture": "#main", "cullface": "west"},
				"down": {"uv": [4.5, 12, 4.75, 12.25], "texture": "#main", "cullface": "west"}
			}
		},
		{
			"name": "Black*",
			"from": [0.5, 8, 7.5],
			"to": [5, 9.5, 8.5],
			"faces": {
				"north": {"uv": [0, 12, 0.25, 12.25], "texture": "#main"},
				"east": {"uv": [0, 12, 0.25, 12.25], "texture": "#main"},
				"south": {"uv": [0, 12, 0.25, 12.25], "texture": "#main"},
				"west": {"uv": [0, 12, 0.25, 12.25], "texture": "#main"},
				"up": {"uv": [0, 12, 0.25, 12.25], "texture": "#main"},
				"down": {"uv": [0, 12, 0.25, 12.25], "texture": "#main"}
			}
		},
		{
			"name": "Black*",
			"from": [-4, 8.25, 7.5],
			"to": [-3.5, 9.25, 8.5],
			"faces": {
				"north": {"uv": [0, 12, 0.25, 12.25], "texture": "#main", "cullface": "west"},
				"east": {"uv": [0, 12, 0.25, 12.25], "texture": "#main", "cullface": "west"},
				"south": {"uv": [0, 12, 0.25, 12.25], "texture": "#main", "cullface": "west"},
				"west": {"uv": [0, 12, 0.25, 12.25], "texture": "#main", "cullface": "west"},
				"down": {"uv": [0, 12, 0.25, 12.25], "texture": "#main", "cullface": "west"}
			}
		},
		{
			"name": "Light_Black*",
			"from": [5, 9, 7.75],
			"to": [7.5, 9.5, 8.25],
			"faces": {
				"north": {"uv": [4.625, 12, 4.875, 12.25], "texture": "#main"},
				"east": {"uv": [4.625, 12, 4.875, 12.25], "texture": "#main"},
				"south": {"uv": [4.625, 12, 4.875, 12.25], "texture": "#main"}
			}
		},
		{
			"name": "Light_Black*",
			"from": [7.5, 9.75, 7.5],
			"to": [14, 10.25, 8.5],
			"faces": {
				"north": {"uv": [4.625, 12, 4.875, 12.25], "texture": "#main"},
				"south": {"uv": [4.625, 12, 4.875, 12.25], "texture": "#main"},
				"west": {"uv": [4.625, 12, 4.875, 12.25], "texture": "#main"},
				"up": {"uv": [4.625, 12, 4.875, 12.25], "texture": "#main"},
				"down": {"uv": [4.5, 12, 4.75, 12.25], "texture": "#main"}
			}
		},
		{
			"name": "Light_Black*",
			"from": [14, 8.25, 7.5],
			"to": [16, 10.25, 8.5],
			"rotation": {"angle": -22.5, "axis": "z", "origin": [14, 10.25, 7.5]},
			"faces": {
				"north": {"uv": [4.625, 12, 4.875, 12.25], "texture": "#main"},
				"east": {"uv": [4.625, 12, 4.875, 12.25], "texture": "#main", "cullface": "east"},
				"south": {"uv": [4.625, 12, 4.875, 12.25], "texture": "#main"},
				"west": {"uv": [4.625, 12, 4.875, 12.25], "texture": "#main"},
				"up": {"uv": [4.625, 12, 4.875, 12.25], "texture": "#main"},
				"down": {"uv": [4.5, 12, 4.75, 12.25], "texture": "#main"}
			}
		},
		{
			"name": "Black*",
			"from": [9, 9.25, 7.75],
			"to": [10.5, 9.75, 8.25],
			"faces": {
				"north": {"uv": [0, 12, 0.25, 12.25], "texture": "#main"},
				"south": {"uv": [0, 12, 0.25, 12.25], "texture": "#main"}
			}
		},
		{
			"name": "Light_Black*",
			"from": [7.5, 8.25, 7.5],
			"to": [14, 9.25, 8.5],
			"faces": {
				"north": {"uv": [4.625, 12, 4.875, 12.25], "texture": "#main"},
				"south": {"uv": [4.625, 12, 4.875, 12.25], "texture": "#main"},
				"west": {"uv": [4.625, 12, 4.875, 12.25], "texture": "#main"},
				"up": {"uv": [4.625, 12, 4.875, 12.25], "texture": "#main"},
				"down": {"uv": [4.5, 12, 4.75, 12.25], "texture": "#main"}
			}
		},
		{
			"name": "Light_Black*",
			"from": [7.5, 9.25, 7.5],
			"to": [9, 9.75, 8.5],
			"faces": {
				"north": {"uv": [4.625, 12, 4.875, 12.25], "texture": "#main"},
				"east": {"uv": [4.625, 12, 4.875, 12.25], "texture": "#main"},
				"south": {"uv": [4.625, 12, 4.875, 12.25], "texture": "#main"},
				"west": {"uv": [4.625, 12, 4.875, 12.25], "texture": "#main"}
			}
		},
		{
			"name": "Light_Black*",
			"from": [10.5, 9.25, 7.5],
			"to": [14, 9.75, 8.5],
			"faces": {
				"north": {"uv": [4.625, 12, 4.875, 12.25], "texture": "#main"},
				"south": {"uv": [4.625, 12, 4.875, 12.25], "texture": "#main"},
				"west": {"uv": [4.625, 12, 4.875, 12.25], "texture": "#main"}
			}
		},
		{
			"name": "Black*",
			"from": [15.5, 7.5625, 7.4375],
			"to": [18, 9.6875, 8.5625],
			"rotation": {"angle": -22.5, "axis": "z", "origin": [15.5, 9.6875, 7.4375]},
			"faces": {
				"north": {"uv": [0, 12, 0.25, 12.25], "texture": "#main", "cullface": "east"},
				"east": {"uv": [0, 12, 0.25, 12.25], "texture": "#main", "cullface": "east"},
				"south": {"uv": [0, 12, 0.25, 12.25], "texture": "#main", "cullface": "east"},
				"west": {"uv": [0, 12, 0.25, 12.25], "texture": "#main", "cullface": "east"},
				"up": {"uv": [0, 12, 0.25, 12.25], "texture": "#main", "cullface": "east"},
				"down": {"uv": [0, 12, 0.25, 12.25], "texture": "#main", "cullface": "east"}
			}
		},
		{
			"name": "Black*",
			"from": [15.5, 4, 7.4375],
			"to": [17, 8, 8.5625],
			"rotation": {"angle": 22.5, "axis": "z", "origin": [15.5, 8, 7.4375]},
			"faces": {
				"north": {"uv": [0, 12, 0.25, 12.25], "texture": "#main", "cullface": "east"},
				"east": {"uv": [0, 12, 0.25, 12.25], "texture": "#main", "cullface": "east"},
				"south": {"uv": [0, 12, 0.25, 12.25], "texture": "#main", "cullface": "east"},
				"west": {"uv": [0, 12, 0.25, 12.25], "texture": "#main", "cullface": "east"},
				"up": {"uv": [0, 12, 0.25, 12.25], "texture": "#main", "cullface": "east"},
				"down": {"uv": [0, 12, 0.25, 12.25], "texture": "#main", "cullface": "east"}
			}
		},
		{
			"name": "Black*",
			"from": [11.5, 7.5, 7.6875],
			"to": [12.5, 8.5, 8.1875],
			"faces": {
				"north": {"uv": [0, 12, 0.25, 12.25], "texture": "#main"},
				"east": {"uv": [0, 12, 0.25, 12.25], "texture": "#main"},
				"south": {"uv": [0, 12, 0.25, 12.25], "texture": "#main"},
				"west": {"uv": [0, 12, 0.25, 12.25], "texture": "#main"},
				"up": {"uv": [0, 12, 0.25, 12.25], "texture": "#main"},
				"down": {"uv": [0, 12, 0.25, 12.25], "texture": "#main"}
			}
		},
		{
			"name": "Black*",
			"from": [11.6875, 7.5, 7.6875],
			"to": [14.6875, 8, 8.1875],
			"rotation": {"angle": -22.5, "axis": "z", "origin": [11.6875, 8, 7.6875]},
			"faces": {
				"north": {"uv": [0, 12, 0.25, 12.25], "texture": "#main"},
				"east": {"uv": [0, 12, 0.25, 12.25], "texture": "#main"},
				"south": {"uv": [0, 12, 0.25, 12.25], "texture": "#main"},
				"west": {"uv": [0, 12, 0.25, 12.25], "texture": "#main"},
				"up": {"uv": [0, 12, 0.25, 12.25], "texture": "#main"},
				"down": {"uv": [0, 12, 0.25, 12.25], "texture": "#main"}
			}
		},
		{
			"name": "Black*",
			"from": [14.125, 6.375, 7.6875],
			"to": [16.625, 6.9375, 8.1875],
			"faces": {
				"north": {"uv": [0, 12, 0.25, 12.25], "texture": "#main", "cullface": "east"},
				"east": {"uv": [0, 12, 0.25, 12.25], "texture": "#main", "cullface": "east"},
				"south": {"uv": [0, 12, 0.25, 12.25], "texture": "#main", "cullface": "east"},
				"west": {"uv": [0, 12, 0.25, 12.25], "texture": "#main", "cullface": "east"},
				"up": {"uv": [0, 12, 0.25, 12.25], "texture": "#main", "cullface": "east"},
				"down": {"uv": [0, 12, 0.25, 12.25], "texture": "#main", "cullface": "east"}
			}
		},
		{
			"name": "Black*",
			"from": [15.5, 7.0625, 7.6875],
			"to": [16, 8.5625, 8.1875],
			"rotation": {"angle": -22.5, "axis": "z", "origin": [15.5, 8.5625, 7.6875]},
			"faces": {
				"north": {"uv": [0, 12, 0.25, 12.25], "texture": "#main"},
				"east": {"uv": [0, 12, 0.25, 12.25], "texture": "#main", "cullface": "east"},
				"south": {"uv": [0, 12, 0.25, 12.25], "texture": "#main"},
				"west": {"uv": [0, 12, 0.25, 12.25], "texture": "#main"},
				"up": {"uv": [0, 12, 0.25, 12.25], "texture": "#main"},
				"down": {"uv": [0, 12, 0.25, 12.25], "texture": "#main"}
			}
		},
		{
			"name": "Black*",
			"from": [1, 7.75, 7.25],
			"to": [1.5, 9.25, 8.75],
			"faces": {
				"north": {"uv": [0, 12, 0.25, 12.25], "texture": "#main"},
				"east": {"uv": [0, 12, 0.25, 12.25], "texture": "#main"},
				"south": {"uv": [0, 12, 0.25, 12.25], "texture": "#main"},
				"west": {"uv": [0, 12, 0.25, 12.25], "texture": "#main"},
				"up": {"uv": [0, 12, 0.25, 12.25], "texture": "#main"},
				"down": {"uv": [0, 12, 0.25, 12.25], "texture": "#main"}
			}
		},
		{
			"name": "Black*",
			"from": [2, 7.75, 7.25],
			"to": [2.5, 9.25, 8.75],
			"faces": {
				"north": {"uv": [0, 12, 0.25, 12.25], "texture": "#main"},
				"east": {"uv": [0, 12, 0.25, 12.25], "texture": "#main"},
				"south": {"uv": [0, 12, 0.25, 12.25], "texture": "#main"},
				"west": {"uv": [0, 12, 0.25, 12.25], "texture": "#main"},
				"up": {"uv": [0, 12, 0.25, 12.25], "texture": "#main"},
				"down": {"uv": [0, 12, 0.25, 12.25], "texture": "#main"}
			}
		},
		{
			"name": "Black*",
			"from": [3, 7.75, 7.25],
			"to": [3.5, 9.25, 8.75],
			"faces": {
				"north": {"uv": [0, 12, 0.25, 12.25], "texture": "#main"},
				"east": {"uv": [0, 12, 0.25, 12.25], "texture": "#main"},
				"south": {"uv": [0, 12, 0.25, 12.25], "texture": "#main"},
				"west": {"uv": [0, 12, 0.25, 12.25], "texture": "#main"},
				"up": {"uv": [0, 12, 0.25, 12.25], "texture": "#main"},
				"down": {"uv": [0, 12, 0.25, 12.25], "texture": "#main"}
			}
		},
		{
			"name": "Black*",
			"from": [4, 7.75, 7.25],
			"to": [4.5, 9.25, 8.75],
			"faces": {
				"north": {"uv": [0, 12, 0.25, 12.25], "texture": "#main"},
				"east": {"uv": [0, 12, 0.25, 12.25], "texture": "#main"},
				"south": {"uv": [0, 12, 0.25, 12.25], "texture": "#main"},
				"west": {"uv": [0, 12, 0.25, 12.25], "texture": "#main"},
				"up": {"uv": [0, 12, 0.25, 12.25], "texture": "#main"},
				"down": {"uv": [0, 12, 0.25, 12.25], "texture": "#main"}
			}
		},
		{
			"from": [5.75, 11, 7.75],
			"to": [6.25, 11.5, 8.25],
			"rotation": {"angle": -22.5, "axis": "z", "origin": [0, 0, 0]},
			"faces": {
				"north": {"uv": [4, 8, 4.125, 8.125], "texture": "#main"},
				"east": {"uv": [4, 8, 4.125, 8.125], "texture": "#main"},
				"south": {"uv": [4, 8, 4.125, 8.125], "texture": "#main"},
				"west": {"uv": [4, 8, 4.125, 8.125], "texture": "#main"},
				"up": {"uv": [4, 8, 4.125, 8.125], "texture": "#main"},
				"down": {"uv": [4, 8, 4.125, 8.125], "texture": "#main"}
			}
		},
		{
			"from": [4.5, 11, 7.75],
			"to": [5.75, 11.5, 8.25],
			"rotation": {"angle": -22.5, "axis": "z", "origin": [0, 0, 0]},
			"faces": {
				"north": {"uv": [0, 8, 0.3125, 8.125], "texture": "#main"},
				"east": {"uv": [0, 8, 0.125, 8.125], "texture": "#main"},
				"south": {"uv": [0, 8, 0.3125, 8.125], "texture": "#main"},
				"west": {"uv": [0, 8, 0.125, 8.125], "texture": "#main"},
				"up": {"uv": [0, 8, 0.3125, 8.125], "texture": "#main"},
				"down": {"uv": [0, 8, 0.3125, 8.125], "texture": "#main"}
			}
		}
	],
	"display": {
		"thirdperson_righthand": {
			"rotation": [0, -37, 0],
			"translation": [-5.48, 0.38, -3.02],
			"scale": [0.8, 0.8, 0.8]
		},
		"thirdperson_lefthand": {
			"rotation": [0, 137, 0],
			"translation": [-5.48, 0.38, -3.4],
			"scale": [0.8, 0.8, 0.8]
		},
		"firstperson_righthand": {
			"rotation": [29.72, -62.5, -5.03],
			"translation": [-4.38, 5.21, -2.46]
		},
		"firstperson_lefthand": {
			"rotation": [1, 91, 4],
			"translation": [-1.13, 2.46, -2.46]
		},
		"ground": {
			"translation": [0, 1.51, 0],
			"scale": [0.6, 0.6, 0.6]
		},
		"gui": {
			"rotation": [30, 225, 0],
			"scale": [0.625, 0.625, 0.625]
		},
		"head": {
			"rotation": [0, 0, 45],
			"translation": [2.08, -14.17, 3.59]
		},
		"fixed": {
			"translation": [1.13, -0.57, 0],
			"scale": [0.8, 0.8, 0.8]
		}
	}
}