{
	"credit": "Made with Blockbench",
	"textures": {
		"main": "nubx/guns/olympia"
	},
	"elements": [
		{
			"name": "Gray",
			"from": [-6.65307, 6.6875, 6.4375],
			"to": [9.87193, 7.1875, 6.9375],
			"rotation": {"angle": 22.5, "axis": "z", "origin": [0.09693, -0.0625, 0]},
			"faces": {
				"north": {"uv": [2, 2, 2.125, 2.125], "texture": "#main", "cullface": "west"},
				"east": {"uv": [2, 2, 2.125, 2.125], "texture": "#main", "cullface": "west"},
				"south": {"uv": [2, 2, 2.125, 2.125], "texture": "#main", "cullface": "west"},
				"west": {"uv": [2, 2, 2.125, 2.125], "texture": "#main", "cullface": "west"},
				"up": {"uv": [2, 2, 2.125, 2.125], "texture": "#main", "cullface": "west"},
				"down": {"uv": [2, 2, 2.125, 2.125], "texture": "#main", "cullface": "west"}
			}
		},
		{
			"name": "Brown",
			"from": [7, 9.25, 6.25],
			"to": [8, 10.25, 7.75],
			"faces": {
				"north": {"uv": [0, 2, 0.125, 2.125], "texture": "#main", "cullface": "west"},
				"south": {"uv": [0, 2, 0.125, 2.125], "texture": "#main", "cullface": "west"},
				"west": {"uv": [0, 2, 0.125, 2.125], "texture": "#main", "cullface": "west"},
				"up": {"uv": [0, 2, 0.125, 2.125], "texture": "#main", "cullface": "west"},
				"down": {"uv": [0, 2, 0.125, 2.125], "texture": "#main", "cullface": "west"}
			}
		},
		{
			"name": "Brown",
			"from": [-0.15307, 5.9375, 6.25],
			"to": [9.84693, 6.9375, 7.75],
			"rotation": {"angle": 22.5, "axis": "z", "origin": [0.09693, -0.0625, 0]},
			"faces": {
				"north": {"uv": [0, 2, 0.125, 2.125], "texture": "#main", "cullface": "west"},
				"east": {"uv": [0, 2, 0.125, 2.125], "texture": "#main", "cullface": "west"},
				"south": {"uv": [0, 2, 0.125, 2.125], "texture": "#main", "cullface": "west"},
				"west": {"uv": [0, 2, 0.125, 2.125], "texture": "#main", "cullface": "west"},
				"up": {"uv": [0, 2, 0.125, 2.125], "texture": "#main", "cullface": "west"},
				"down": {"uv": [0, 2, 0.125, 2.125], "texture": "#main", "cullface": "west"}
			}
		},
		{
			"name": "Gray*",
			"from": [-6.65307, 6.6875, 7.0625],
			"to": [9.87193, 7.1875, 7.5625],
			"rotation": {"angle": 22.5, "axis": "z", "origin": [0.09693, -0.0625, 0]},
			"faces": {
				"north": {"uv": [2, 2, 2.125, 2.125], "texture": "#main", "cullface": "west"},
				"east": {"uv": [2, 2, 2.125, 2.125], "texture": "#main", "cullface": "west"},
				"south": {"uv": [2, 2, 2.125, 2.125], "texture": "#main", "cullface": "west"},
				"west": {"uv": [2, 2, 2.125, 2.125], "texture": "#main", "cullface": "west"},
				"up": {"uv": [2, 2, 2.125, 2.125], "texture": "#main", "cullface": "west"},
				"down": {"uv": [2, 2, 2.125, 2.125], "texture": "#main", "cullface": "west"}
			}
		},
		{
			"name": "Gray*",
			"from": [8.44693, 6.7125, 7.0875],
			"to": [9.69693, 7.1625, 7.5375],
			"rotation": {"angle": 22.5, "axis": "z", "origin": [0.09693, -0.0625, 0]},
			"faces": {
				"north": {"uv": [0, 0, 0.125, 0.125], "texture": "#main", "cullface": "west"},
				"east": {"uv": [0, 0, 0.125, 0.125], "texture": "#main", "cullface": "west"},
				"south": {"uv": [0, 0, 0.125, 0.125], "texture": "#main", "cullface": "west"},
				"west": {"uv": [0, 0, 0.125, 0.125], "texture": "#main", "cullface": "west"},
				"up": {"uv": [0, 0, 0.125, 0.125], "texture": "#main", "cullface": "west"},
				"down": {"uv": [0, 0, 0.125, 0.125], "texture": "#main", "cullface": "west"}
			}
		},
		{
			"name": "Gray",
			"from": [8.44693, 6.7125, 6.4625],
			"to": [9.69693, 7.1625, 6.9125],
			"rotation": {"angle": 22.5, "axis": "z", "origin": [0.09693, -0.0625, 0]},
			"faces": {
				"north": {"uv": [0, 0, 0.125, 0.125], "texture": "#main", "cullface": "west"},
				"east": {"uv": [0, 0, 0.125, 0.125], "texture": "#main", "cullface": "west"},
				"south": {"uv": [0, 0, 0.125, 0.125], "texture": "#main", "cullface": "west"},
				"west": {"uv": [0, 0, 0.125, 0.125], "texture": "#main", "cullface": "west"},
				"up": {"uv": [0, 0, 0.125, 0.125], "texture": "#main", "cullface": "west"},
				"down": {"uv": [0, 0, 0.125, 0.125], "texture": "#main", "cullface": "west"}
			}
		},
		{
			"name": "Gray",
			"from": [9.69693, 6.7125, 6.4625],
			"to": [9.97193, 7.1625, 6.9125],
			"rotation": {"angle": 22.5, "axis": "z", "origin": [0.09693, -0.0625, 0]},
			"faces": {
				"north": {"uv": [2, 0, 2.125, 0.125], "texture": "#main", "cullface": "west"},
				"east": {"uv": [2, 0, 2.125, 0.125], "texture": "#main", "cullface": "west"},
				"south": {"uv": [2, 0, 2.125, 0.125], "texture": "#main", "cullface": "west"},
				"west": {"uv": [2, 0, 2.125, 0.125], "texture": "#main", "cullface": "west"},
				"up": {"uv": [2, 0, 2.125, 0.125], "texture": "#main", "cullface": "west"},
				"down": {"uv": [2, 0, 2.125, 0.125], "texture": "#main", "cullface": "west"}
			}
		},
		{
			"name": "Gray*",
			"from": [9.69693, 6.7125, 7.0875],
			"to": [9.97193, 7.1625, 7.5375],
			"rotation": {"angle": 22.5, "axis": "z", "origin": [0.09693, -0.0625, 0]},
			"faces": {
				"north": {"uv": [2, 0, 2.125, 0.125], "texture": "#main", "cullface": "west"},
				"east": {"uv": [2, 0, 2.125, 0.125], "texture": "#main", "cullface": "west"},
				"south": {"uv": [2, 0, 2.125, 0.125], "texture": "#main", "cullface": "west"},
				"west": {"uv": [2, 0, 2.125, 0.125], "texture": "#main", "cullface": "west"},
				"up": {"uv": [2, 0, 2.125, 0.125], "texture": "#main", "cullface": "west"},
				"down": {"uv": [2, 0, 2.125, 0.125], "texture": "#main", "cullface": "west"}
			}
		},
		{
			"name": "Brown*",
			"from": [7, 8.75, 6.5],
			"to": [8, 9.25, 7.5],
			"faces": {
				"north": {"uv": [0, 2, 0.125, 2.125], "texture": "#main", "cullface": "west"},
				"east": {"uv": [0, 2, 0.125, 2.125], "texture": "#main", "cullface": "west"},
				"south": {"uv": [0, 2, 0.125, 2.125], "texture": "#main", "cullface": "west"},
				"west": {"uv": [0, 2, 0.125, 2.125], "texture": "#main", "cullface": "west"},
				"down": {"uv": [0, 2, 0.125, 2.125], "texture": "#main", "cullface": "west"}
			}
		},
		{
			"name": "Brown*",
			"from": [1.34693, 5.4375, 6.5],
			"to": [9.84693, 5.9375, 7.5],
			"rotation": {"angle": 22.5, "axis": "z", "origin": [0.09693, -0.0625, 0]},
			"faces": {
				"north": {"uv": [0, 2, 0.125, 2.125], "texture": "#main", "cullface": "west"},
				"east": {"uv": [0, 2, 0.125, 2.125], "texture": "#main", "cullface": "west"},
				"south": {"uv": [0, 2, 0.125, 2.125], "texture": "#main", "cullface": "west"},
				"west": {"uv": [0, 2, 0.125, 2.125], "texture": "#main", "cullface": "west"},
				"down": {"uv": [0, 2, 0.125, 2.125], "texture": "#main", "cullface": "west"}
			}
		},
		{
			"name": "Gray*",
			"from": [7.1875, 10, 7.0625],
			"to": [7.6875, 10.5, 7.5625],
			"faces": {
				"north": {"uv": [2, 2, 2.125, 2.125], "texture": "#main"},
				"east": {"uv": [2, 2, 2.125, 2.125], "texture": "#main"},
				"south": {"uv": [2, 2, 2.125, 2.125], "texture": "#main"},
				"west": {"uv": [2, 2, 2.125, 2.125], "texture": "#main"},
				"up": {"uv": [2, 2, 2.125, 2.125], "texture": "#main"},
				"down": {"uv": [2, 2, 2.125, 2.125], "texture": "#main"}
			}
		},
		{
			"name": "Gray*",
			"from": [7.25, 10, 6.5],
			"to": [7.75, 10.5, 7],
			"faces": {
				"north": {"uv": [2, 2, 2.125, 2.125], "texture": "#main"},
				"east": {"uv": [2, 2, 2.125, 2.125], "texture": "#main"},
				"south": {"uv": [2, 2, 2.125, 2.125], "texture": "#main"},
				"west": {"uv": [2, 2, 2.125, 2.125], "texture": "#main"},
				"up": {"uv": [2, 2, 2.125, 2.125], "texture": "#main"},
				"down": {"uv": [2, 2, 2.125, 2.125], "texture": "#main"}
			}
		},
		{
			"name": "Brown*",
			"from": [8, 9.25, 6.25],
			"to": [14.5, 10.25, 7.75],
			"rotation": {"angle": -22.5, "axis": "z", "origin": [8, 10.25, 6.25]},
			"faces": {
				"north": {"uv": [0, 2, 0.125, 2.125], "texture": "#main"},
				"east": {"uv": [0, 2, 0.125, 2.125], "texture": "#main"},
				"south": {"uv": [0, 2, 0.125, 2.125], "texture": "#main"},
				"up": {"uv": [0, 2, 0.125, 2.125], "texture": "#main"},
				"down": {"uv": [0, 2, 0.125, 2.125], "texture": "#main"}
			}
		},
		{
			"name": "Brown*",
			"from": [11, 7.9375, 6.25],
			"to": [16.5, 9.5, 7.75],
			"faces": {
				"north": {"uv": [0, 2, 0.125, 2.125], "texture": "#main", "cullface": "east"},
				"east": {"uv": [0, 2, 0.125, 2.125], "texture": "#main", "cullface": "east"},
				"south": {"uv": [0, 2, 0.125, 2.125], "texture": "#main", "cullface": "east"},
				"west": {"uv": [0, 2, 0.125, 2.125], "texture": "#main", "cullface": "east"},
				"up": {"uv": [0, 2, 0.125, 2.125], "texture": "#main", "cullface": "east"},
				"down": {"uv": [0, 2, 0.125, 2.125], "texture": "#main", "cullface": "east"}
			}
		},
		{
			"name": "Brown*",
			"from": [7.3125, 9.125, 6.5],
			"to": [14.3125, 10.125, 7.5],
			"rotation": {"angle": -22.5, "axis": "z", "origin": [7.3125, 10.125, 6.5]},
			"faces": {
				"north": {"uv": [0, 2, 0.125, 2.125], "texture": "#main"},
				"east": {"uv": [0, 2, 0.125, 2.125], "texture": "#main"},
				"south": {"uv": [0, 2, 0.125, 2.125], "texture": "#main"},
				"west": {"uv": [0, 2, 0.125, 2.125], "texture": "#main"},
				"up": {"uv": [0, 2, 0.125, 2.125], "texture": "#main"},
				"down": {"uv": [0, 2, 0.125, 2.125], "texture": "#main"}
			}
		},
		{
			"name": "Gray*",
			"from": [7.875, 9.875, 7.5625],
			"to": [8.1875, 10.875, 8.0625],
			"rotation": {"angle": -45, "axis": "z", "origin": [7.875, 10.875, 7.5625]},
			"faces": {
				"north": {"uv": [2, 2, 2.125, 2.125], "texture": "#main"},
				"east": {"uv": [2, 2, 2.125, 2.125], "texture": "#main"},
				"south": {"uv": [2, 2, 2.125, 2.125], "texture": "#main"},
				"west": {"uv": [2, 2, 2.125, 2.125], "texture": "#main"},
				"up": {"uv": [2, 2, 2.125, 2.125], "texture": "#main"},
				"down": {"uv": [2, 2, 2.125, 2.125], "texture": "#main"}
			}
		},
		{
			"name": "Gray*",
			"from": [7.9375, 9.9375, 6.0625],
			"to": [8.25, 10.9375, 6.5625],
			"rotation": {"angle": -45, "axis": "z", "origin": [7.9375, 10.9375, 6.0625]},
			"faces": {
				"north": {"uv": [2, 2, 2.125, 2.125], "texture": "#main"},
				"east": {"uv": [2, 2, 2.125, 2.125], "texture": "#main"},
				"south": {"uv": [2, 2, 2.125, 2.125], "texture": "#main"},
				"west": {"uv": [2, 2, 2.125, 2.125], "texture": "#main"},
				"up": {"uv": [2, 2, 2.125, 2.125], "texture": "#main"},
				"down": {"uv": [2, 2, 2.125, 2.125], "texture": "#main"}
			}
		},
		{
			"name": "Brown*",
			"from": [11, 9.5, 6.5],
			"to": [16.5, 10, 7.5],
			"faces": {
				"north": {"uv": [0, 2, 0.125, 2.125], "texture": "#main", "cullface": "east"},
				"east": {"uv": [0, 2, 0.125, 2.125], "texture": "#main", "cullface": "east"},
				"south": {"uv": [0, 2, 0.125, 2.125], "texture": "#main", "cullface": "east"},
				"west": {"uv": [0, 2, 0.125, 2.125], "texture": "#main", "cullface": "east"},
				"up": {"uv": [0, 2, 0.125, 2.125], "texture": "#main", "cullface": "east"}
			}
		},
		{
			"name": "Brown*",
			"from": [15.4375, 7.5, 6.25],
			"to": [16.9375, 9, 7.75],
			"rotation": {"angle": -45, "axis": "z", "origin": [15.4375, 9, 6.25]},
			"faces": {
				"north": {"uv": [0, 2, 0.125, 2.125], "texture": "#main", "cullface": "east"},
				"east": {"uv": [0, 2, 0.125, 2.125], "texture": "#main", "cullface": "east"},
				"south": {"uv": [0, 2, 0.125, 2.125], "texture": "#main", "cullface": "east"},
				"west": {"uv": [0, 2, 0.125, 2.125], "texture": "#main", "cullface": "east"},
				"up": {"uv": [0, 2, 0.125, 2.125], "texture": "#main", "cullface": "east"},
				"down": {"uv": [0, 2, 0.125, 2.125], "texture": "#main", "cullface": "east"}
			}
		},
		{
			"name": "Brown*",
			"from": [11, 8.375, 6.25],
			"to": [12, 9.375, 7.75],
			"rotation": {"angle": -45, "axis": "z", "origin": [11, 9.375, 6.25]},
			"faces": {
				"north": {"uv": [0, 2, 0.125, 2.125], "texture": "#main"},
				"east": {"uv": [0, 2, 0.125, 2.125], "texture": "#main"},
				"south": {"uv": [0, 2, 0.125, 2.125], "texture": "#main"},
				"west": {"uv": [0, 2, 0.125, 2.125], "texture": "#main"},
				"up": {"uv": [0, 2, 0.125, 2.125], "texture": "#main"},
				"down": {"uv": [0, 2, 0.125, 2.125], "texture": "#main"}
			}
		},
		{
			"name": "Gray*",
			"from": [8, 10, 6.8125],
			"to": [10, 10.5, 7.3125],
			"rotation": {"angle": -22.5, "axis": "z", "origin": [8, 10.5, 6.8125]},
			"faces": {
				"north": {"uv": [2, 2, 2.125, 2.125], "texture": "#main"},
				"east": {"uv": [2, 2, 2.125, 2.125], "texture": "#main"},
				"south": {"uv": [2, 2, 2.125, 2.125], "texture": "#main"},
				"west": {"uv": [2, 2, 2.125, 2.125], "texture": "#main"},
				"up": {"uv": [2, 2, 2.125, 2.125], "texture": "#main"},
				"down": {"uv": [2, 2, 2.125, 2.125], "texture": "#main"}
			}
		},
		{
			"name": "Gray*",
			"from": [7.5, 7.5, 6.8125],
			"to": [9, 8, 7.3125],
			"faces": {
				"north": {"uv": [2, 2, 2.125, 2.125], "texture": "#main"},
				"south": {"uv": [2, 2, 2.125, 2.125], "texture": "#main"},
				"up": {"uv": [2, 2, 2.125, 2.125], "texture": "#main"},
				"down": {"uv": [2, 2, 2.125, 2.125], "texture": "#main"}
			}
		},
		{
			"name": "Gray*",
			"from": [7, 7.5, 6.8125],
			"to": [7.5, 9, 7.3125],
			"faces": {
				"north": {"uv": [2, 2, 2.125, 2.125], "texture": "#main"},
				"east": {"uv": [2, 2, 2.125, 2.125], "texture": "#main"},
				"south": {"uv": [2, 2, 2.125, 2.125], "texture": "#main"},
				"west": {"uv": [2, 2, 2.125, 2.125], "texture": "#main"},
				"up": {"uv": [2, 2, 2.125, 2.125], "texture": "#main"},
				"down": {"uv": [2, 2, 2.125, 2.125], "texture": "#main"}
			}
		},
		{
			"name": "Gray*",
			"from": [9, 7.5, 6.8125],
			"to": [9.5, 9, 7.3125],
			"faces": {
				"north": {"uv": [2, 2, 2.125, 2.125], "texture": "#main"},
				"east": {"uv": [2, 2, 2.125, 2.125], "texture": "#main"},
				"south": {"uv": [2, 2, 2.125, 2.125], "texture": "#main"},
				"west": {"uv": [2, 2, 2.125, 2.125], "texture": "#main"},
				"up": {"uv": [2, 2, 2.125, 2.125], "texture": "#main"},
				"down": {"uv": [2, 2, 2.125, 2.125], "texture": "#main"}
			}
		},
		{
			"name": "Gray*",
			"from": [8.375, 8.25, 6.8125],
			"to": [8.875, 9.75, 7.3125],
			"rotation": {"angle": -22.5, "axis": "z", "origin": [8.375, 9.75, 6.8125]},
			"faces": {
				"north": {"uv": [2, 2, 2.125, 2.125], "texture": "#main"},
				"east": {"uv": [2, 2, 2.125, 2.125], "texture": "#main"},
				"south": {"uv": [2, 2, 2.125, 2.125], "texture": "#main"},
				"west": {"uv": [2, 2, 2.125, 2.125], "texture": "#main"},
				"up": {"uv": [2, 2, 2.125, 2.125], "texture": "#main"},
				"down": {"uv": [2, 2, 2.125, 2.125], "texture": "#main"}
			}
		},
		{
			"name": "Gray",
			"from": [-3.2552, -8.78338, 6.4375],
			"to": [-2.7552, 7.74162, 6.9375],
			"rotation": {"angle": -45, "axis": "z", "origin": [3.9948, -2.03338, 0]},
			"faces": {
				"north": {"uv": [6, 2, 6.125, 2.125], "rotation": 90, "texture": "#main", "cullface": "west"},
				"east": {"uv": [6, 2, 6.125, 2.125], "rotation": 270, "texture": "#main", "cullface": "west"},
				"south": {"uv": [6, 2, 6.125, 2.125], "rotation": 270, "texture": "#main", "cullface": "west"},
				"west": {"uv": [6, 2, 6.125, 2.125], "rotation": 270, "texture": "#main", "cullface": "west"},
				"up": {"uv": [6, 2, 6.125, 2.125], "rotation": 270, "texture": "#main", "cullface": "west"},
				"down": {"uv": [6, 2, 6.125, 2.125], "rotation": 270, "texture": "#main", "cullface": "west"}
			}
		},
		{
			"name": "Brown",
			"from": [7, 9.25, 6.25],
			"to": [8, 10.25, 7.75],
			"faces": {
				"north": {"uv": [4, 2, 4.125, 2.125], "texture": "#main", "cullface": "west"},
				"south": {"uv": [4, 2, 4.125, 2.125], "texture": "#main", "cullface": "west"},
				"west": {"uv": [4, 2, 4.125, 2.125], "texture": "#main", "cullface": "west"},
				"up": {"uv": [4, 2, 4.125, 2.125], "texture": "#main", "cullface": "west"},
				"down": {"uv": [4, 2, 4.125, 2.125], "texture": "#main", "cullface": "west"}
			}
		},
		{
			"name": "Brown",
			"from": [-3.0052, -2.28338, 6.25],
			"to": [-2.0052, 7.71662, 7.75],
			"rotation": {"angle": -45, "axis": "z", "origin": [3.9948, -2.03338, 0]},
			"faces": {
				"north": {"uv": [4, 2, 4.125, 2.125], "rotation": 90, "texture": "#main", "cullface": "west"},
				"east": {"uv": [4, 2, 4.125, 2.125], "rotation": 270, "texture": "#main", "cullface": "west"},
				"south": {"uv": [4, 2, 4.125, 2.125], "rotation": 270, "texture": "#main", "cullface": "west"},
				"west": {"uv": [4, 2, 4.125, 2.125], "rotation": 270, "texture": "#main", "cullface": "west"},
				"up": {"uv": [4, 2, 4.125, 2.125], "rotation": 270, "texture": "#main", "cullface": "west"},
				"down": {"uv": [4, 2, 4.125, 2.125], "rotation": 270, "texture": "#main", "cullface": "west"}
			}
		},
		{
			"name": "Gray*",
			"from": [-3.2552, -8.78338, 7.0625],
			"to": [-2.7552, 7.74162, 7.5625],
			"rotation": {"angle": -45, "axis": "z", "origin": [3.9948, -2.03338, 0]},
			"faces": {
				"north": {"uv": [6, 2, 6.125, 2.125], "rotation": 90, "texture": "#main", "cullface": "west"},
				"east": {"uv": [6, 2, 6.125, 2.125], "rotation": 270, "texture": "#main", "cullface": "west"},
				"south": {"uv": [6, 2, 6.125, 2.125], "rotation": 270, "texture": "#main", "cullface": "west"},
				"west": {"uv": [6, 2, 6.125, 2.125], "rotation": 270, "texture": "#main", "cullface": "west"},
				"up": {"uv": [6, 2, 6.125, 2.125], "rotation": 270, "texture": "#main", "cullface": "west"},
				"down": {"uv": [6, 2, 6.125, 2.125], "rotation": 270, "texture": "#main", "cullface": "west"}
			}
		},
		{
			"name": "Gray*",
			"from": [-3.2302, 6.31662, 7.0875],
			"to": [-2.7802, 7.56662, 7.5375],
			"rotation": {"angle": -45, "axis": "z", "origin": [3.9948, -2.03338, 0]},
			"faces": {
				"north": {"uv": [4, 0, 4.125, 0.125], "rotation": 90, "texture": "#main", "cullface": "west"},
				"east": {"uv": [4, 0, 4.125, 0.125], "rotation": 270, "texture": "#main", "cullface": "west"},
				"south": {"uv": [4, 0, 4.125, 0.125], "rotation": 270, "texture": "#main", "cullface": "west"},
				"west": {"uv": [4, 0, 4.125, 0.125], "rotation": 270, "texture": "#main", "cullface": "west"},
				"up": {"uv": [4, 0, 4.125, 0.125], "rotation": 270, "texture": "#main", "cullface": "west"},
				"down": {"uv": [4, 0, 4.125, 0.125], "rotation": 270, "texture": "#main", "cullface": "west"}
			}
		},
		{
			"name": "Gray",
			"from": [-3.2302, 6.31662, 6.4625],
			"to": [-2.7802, 7.56662, 6.9125],
			"rotation": {"angle": -45, "axis": "z", "origin": [3.9948, -2.03338, 0]},
			"faces": {
				"north": {"uv": [4, 0, 4.125, 0.125], "rotation": 90, "texture": "#main", "cullface": "west"},
				"east": {"uv": [4, 0, 4.125, 0.125], "rotation": 270, "texture": "#main", "cullface": "west"},
				"south": {"uv": [4, 0, 4.125, 0.125], "rotation": 270, "texture": "#main", "cullface": "west"},
				"west": {"uv": [4, 0, 4.125, 0.125], "rotation": 270, "texture": "#main", "cullface": "west"},
				"up": {"uv": [4, 0, 4.125, 0.125], "rotation": 270, "texture": "#main", "cullface": "west"},
				"down": {"uv": [4, 0, 4.125, 0.125], "rotation": 270, "texture": "#main", "cullface": "west"}
			}
		},
		{
			"name": "Gray",
			"from": [-3.2302, 7.56662, 6.4625],
			"to": [-2.7802, 7.84162, 6.9125],
			"rotation": {"angle": -45, "axis": "z", "origin": [3.9948, -2.03338, 0]},
			"faces": {
				"north": {"uv": [6, 0, 6.125, 0.125], "rotation": 90, "texture": "#main", "cullface": "west"},
				"east": {"uv": [6, 0, 6.125, 0.125], "rotation": 270, "texture": "#main", "cullface": "west"},
				"south": {"uv": [6, 0, 6.125, 0.125], "rotation": 270, "texture": "#main", "cullface": "west"},
				"west": {"uv": [6, 0, 6.125, 0.125], "rotation": 270, "texture": "#main", "cullface": "west"},
				"up": {"uv": [6, 0, 6.125, 0.125], "rotation": 270, "texture": "#main", "cullface": "west"},
				"down": {"uv": [6, 0, 6.125, 0.125], "rotation": 270, "texture": "#main", "cullface": "west"}
			}
		},
		{
			"name": "Gray*",
			"from": [-3.2302, 7.56662, 7.0875],
			"to": [-2.7802, 7.84162, 7.5375],
			"rotation": {"angle": -45, "axis": "z", "origin": [3.9948, -2.03338, 0]},
			"faces": {
				"north": {"uv": [6, 0, 6.125, 0.125], "rotation": 90, "texture": "#main", "cullface": "west"},
				"east": {"uv": [6, 0, 6.125, 0.125], "rotation": 270, "texture": "#main", "cullface": "west"},
				"south": {"uv": [6, 0, 6.125, 0.125], "rotation": 270, "texture": "#main", "cullface": "west"},
				"west": {"uv": [6, 0, 6.125, 0.125], "rotation": 270, "texture": "#main", "cullface": "west"},
				"up": {"uv": [6, 0, 6.125, 0.125], "rotation": 270, "texture": "#main", "cullface": "west"},
				"down": {"uv": [6, 0, 6.125, 0.125], "rotation": 270, "texture": "#main", "cullface": "west"}
			}
		},
		{
			"name": "Brown*",
			"from": [7, 8.75, 6.5],
			"to": [8, 9.25, 7.5],
			"faces": {
				"north": {"uv": [4, 2, 4.125, 2.125], "texture": "#main", "cullface": "west"},
				"east": {"uv": [4, 2, 4.125, 2.125], "texture": "#main", "cullface": "west"},
				"south": {"uv": [4, 2, 4.125, 2.125], "texture": "#main", "cullface": "west"},
				"west": {"uv": [4, 2, 4.125, 2.125], "texture": "#main", "cullface": "west"},
				"down": {"uv": [4, 2, 4.125, 2.125], "texture": "#main", "cullface": "west"}
			}
		},
		{
			"name": "Brown*",
			"from": [-2.0052, -0.78338, 6.5],
			"to": [-1.5052, 7.71662, 7.5],
			"rotation": {"angle": -45, "axis": "z", "origin": [3.9948, -2.03338, 0]},
			"faces": {
				"north": {"uv": [4, 2, 4.125, 2.125], "rotation": 90, "texture": "#main", "cullface": "west"},
				"east": {"uv": [4, 2, 4.125, 2.125], "rotation": 270, "texture": "#main", "cullface": "west"},
				"south": {"uv": [4, 2, 4.125, 2.125], "rotation": 270, "texture": "#main", "cullface": "west"},
				"up": {"uv": [4, 2, 4.125, 2.125], "rotation": 270, "texture": "#main", "cullface": "west"},
				"down": {"uv": [4, 2, 4.125, 2.125], "rotation": 270, "texture": "#main", "cullface": "west"}
			}
		},
		{
			"name": "Gray*",
			"from": [7.1875, 10, 7.0625],
			"to": [7.6875, 10.5, 7.5625],
			"faces": {
				"north": {"uv": [6, 2, 6.125, 2.125], "texture": "#main"},
				"east": {"uv": [6, 2, 6.125, 2.125], "texture": "#main"},
				"south": {"uv": [6, 2, 6.125, 2.125], "texture": "#main"},
				"west": {"uv": [6, 2, 6.125, 2.125], "texture": "#main"},
				"up": {"uv": [6, 2, 6.125, 2.125], "texture": "#main"},
				"down": {"uv": [6, 2, 6.125, 2.125], "texture": "#main"}
			}
		},
		{
			"name": "Gray*",
			"from": [7.25, 10, 6.5],
			"to": [7.75, 10.5, 7],
			"faces": {
				"north": {"uv": [6, 2, 6.125, 2.125], "texture": "#main"},
				"east": {"uv": [6, 2, 6.125, 2.125], "texture": "#main"},
				"south": {"uv": [6, 2, 6.125, 2.125], "texture": "#main"},
				"west": {"uv": [6, 2, 6.125, 2.125], "texture": "#main"},
				"up": {"uv": [6, 2, 6.125, 2.125], "texture": "#main"},
				"down": {"uv": [6, 2, 6.125, 2.125], "texture": "#main"}
			}
		},
		{
			"name": "Brown*",
			"from": [8, 9.25, 6.25],
			"to": [14.5, 10.25, 7.75],
			"rotation": {"angle": -22.5, "axis": "z", "origin": [8, 10.25, 6.25]},
			"faces": {
				"north": {"uv": [4, 2, 4.125, 2.125], "texture": "#main"},
				"east": {"uv": [4, 2, 4.125, 2.125], "texture": "#main"},
				"south": {"uv": [4, 2, 4.125, 2.125], "texture": "#main"},
				"up": {"uv": [4, 2, 4.125, 2.125], "texture": "#main"},
				"down": {"uv": [4, 2, 4.125, 2.125], "texture": "#main"}
			}
		},
		{
			"name": "Brown*",
			"from": [11, 7.9375, 6.25],
			"to": [16.5, 9.5, 7.75],
			"faces": {
				"north": {"uv": [4, 2, 4.125, 2.125], "texture": "#main", "cullface": "east"},
				"east": {"uv": [4, 2, 4.125, 2.125], "texture": "#main", "cullface": "east"},
				"south": {"uv": [4, 2, 4.125, 2.125], "texture": "#main", "cullface": "east"},
				"west": {"uv": [4, 2, 4.125, 2.125], "texture": "#main", "cullface": "east"},
				"up": {"uv": [4, 2, 4.125, 2.125], "texture": "#main", "cullface": "east"},
				"down": {"uv": [4, 2, 4.125, 2.125], "texture": "#main", "cullface": "east"}
			}
		},
		{
			"name": "Brown*",
			"from": [7.3125, 9.125, 6.5],
			"to": [14.3125, 10.125, 7.5],
			"rotation": {"angle": -22.5, "axis": "z", "origin": [7.3125, 10.125, 6.5]},
			"faces": {
				"north": {"uv": [4, 2, 4.125, 2.125], "texture": "#main"},
				"east": {"uv": [4, 2, 4.125, 2.125], "texture": "#main"},
				"south": {"uv": [4, 2, 4.125, 2.125], "texture": "#main"},
				"west": {"uv": [4, 2, 4.125, 2.125], "texture": "#main"},
				"up": {"uv": [4, 2, 4.125, 2.125], "texture": "#main"},
				"down": {"uv": [4, 2, 4.125, 2.125], "texture": "#main"}
			}
		},
		{
			"name": "Gray*",
			"from": [7.875, 9.875, 7.5625],
			"to": [8.1875, 10.875, 8.0625],
			"rotation": {"angle": -45, "axis": "z", "origin": [7.875, 10.875, 7.5625]},
			"faces": {
				"north": {"uv": [6, 2, 6.125, 2.125], "texture": "#main"},
				"east": {"uv": [6, 2, 6.125, 2.125], "texture": "#main"},
				"south": {"uv": [6, 2, 6.125, 2.125], "texture": "#main"},
				"west": {"uv": [6, 2, 6.125, 2.125], "texture": "#main"},
				"up": {"uv": [6, 2, 6.125, 2.125], "texture": "#main"},
				"down": {"uv": [6, 2, 6.125, 2.125], "texture": "#main"}
			}
		},
		{
			"name": "Gray*",
			"from": [7.9375, 9.9375, 6.0625],
			"to": [8.25, 10.9375, 6.5625],
			"rotation": {"angle": -45, "axis": "z", "origin": [7.9375, 10.9375, 6.0625]},
			"faces": {
				"north": {"uv": [6, 2, 6.125, 2.125], "texture": "#main"},
				"east": {"uv": [6, 2, 6.125, 2.125], "texture": "#main"},
				"south": {"uv": [6, 2, 6.125, 2.125], "texture": "#main"},
				"west": {"uv": [6, 2, 6.125, 2.125], "texture": "#main"},
				"up": {"uv": [6, 2, 6.125, 2.125], "texture": "#main"},
				"down": {"uv": [6, 2, 6.125, 2.125], "texture": "#main"}
			}
		},
		{
			"name": "Brown*",
			"from": [11, 9.5, 6.5],
			"to": [16.5, 10, 7.5],
			"faces": {
				"north": {"uv": [4, 2, 4.125, 2.125], "texture": "#main", "cullface": "east"},
				"east": {"uv": [4, 2, 4.125, 2.125], "texture": "#main", "cullface": "east"},
				"south": {"uv": [4, 2, 4.125, 2.125], "texture": "#main", "cullface": "east"},
				"west": {"uv": [4, 2, 4.125, 2.125], "texture": "#main", "cullface": "east"},
				"up": {"uv": [4, 2, 4.125, 2.125], "texture": "#main", "cullface": "east"}
			}
		},
		{
			"name": "Brown*",
			"from": [15.4375, 7.5, 6.25],
			"to": [16.9375, 9, 7.75],
			"rotation": {"angle": -45, "axis": "z", "origin": [15.4375, 9, 6.25]},
			"faces": {
				"north": {"uv": [4, 2, 4.125, 2.125], "texture": "#main", "cullface": "east"},
				"east": {"uv": [4, 2, 4.125, 2.125], "texture": "#main", "cullface": "east"},
				"south": {"uv": [4, 2, 4.125, 2.125], "texture": "#main", "cullface": "east"},
				"west": {"uv": [4, 2, 4.125, 2.125], "texture": "#main", "cullface": "east"},
				"up": {"uv": [4, 2, 4.125, 2.125], "texture": "#main", "cullface": "east"},
				"down": {"uv": [4, 2, 4.125, 2.125], "texture": "#main", "cullface": "east"}
			}
		},
		{
			"name": "Brown*",
			"from": [11, 8.375, 6.25],
			"to": [12, 9.375, 7.75],
			"rotation": {"angle": -45, "axis": "z", "origin": [11, 9.375, 6.25]},
			"faces": {
				"north": {"uv": [4, 2, 4.125, 2.125], "texture": "#main"},
				"east": {"uv": [4, 2, 4.125, 2.125], "texture": "#main"},
				"south": {"uv": [4, 2, 4.125, 2.125], "texture": "#main"},
				"west": {"uv": [4, 2, 4.125, 2.125], "texture": "#main"},
				"up": {"uv": [4, 2, 4.125, 2.125], "texture": "#main"},
				"down": {"uv": [4, 2, 4.125, 2.125], "texture": "#main"}
			}
		},
		{
			"name": "Gray*",
			"from": [8, 10, 6.8125],
			"to": [10, 10.5, 7.3125],
			"rotation": {"angle": -22.5, "axis": "z", "origin": [8, 10.5, 6.8125]},
			"faces": {
				"north": {"uv": [6, 2, 6.125, 2.125], "texture": "#main"},
				"east": {"uv": [6, 2, 6.125, 2.125], "texture": "#main"},
				"south": {"uv": [6, 2, 6.125, 2.125], "texture": "#main"},
				"west": {"uv": [6, 2, 6.125, 2.125], "texture": "#main"},
				"up": {"uv": [6, 2, 6.125, 2.125], "texture": "#main"},
				"down": {"uv": [6, 2, 6.125, 2.125], "texture": "#main"}
			}
		},
		{
			"name": "Gray*",
			"from": [7.5, 7.5, 6.8125],
			"to": [9, 8, 7.3125],
			"faces": {
				"north": {"uv": [6, 2, 6.125, 2.125], "texture": "#main"},
				"south": {"uv": [6, 2, 6.125, 2.125], "texture": "#main"},
				"up": {"uv": [6, 2, 6.125, 2.125], "texture": "#main"},
				"down": {"uv": [6, 2, 6.125, 2.125], "texture": "#main"}
			}
		},
		{
			"name": "Gray*",
			"from": [7, 7.5, 6.8125],
			"to": [7.5, 9, 7.3125],
			"faces": {
				"north": {"uv": [6, 2, 6.125, 2.125], "texture": "#main"},
				"east": {"uv": [6, 2, 6.125, 2.125], "texture": "#main"},
				"south": {"uv": [6, 2, 6.125, 2.125], "texture": "#main"},
				"west": {"uv": [6, 2, 6.125, 2.125], "texture": "#main"},
				"up": {"uv": [6, 2, 6.125, 2.125], "texture": "#main"},
				"down": {"uv": [6, 2, 6.125, 2.125], "texture": "#main"}
			}
		},
		{
			"name": "Gray*",
			"from": [9, 7.5, 6.8125],
			"to": [9.5, 9, 7.3125],
			"faces": {
				"north": {"uv": [6, 2, 6.125, 2.125], "texture": "#main"},
				"east": {"uv": [6, 2, 6.125, 2.125], "texture": "#main"},
				"south": {"uv": [6, 2, 6.125, 2.125], "texture": "#main"},
				"west": {"uv": [6, 2, 6.125, 2.125], "texture": "#main"},
				"up": {"uv": [6, 2, 6.125, 2.125], "texture": "#main"},
				"down": {"uv": [6, 2, 6.125, 2.125], "texture": "#main"}
			}
		},
		{
			"name": "Gray*",
			"from": [8.375, 8.25, 6.8125],
			"to": [8.875, 9.75, 7.3125],
			"rotation": {"angle": -22.5, "axis": "z", "origin": [8.375, 9.75, 6.8125]},
			"faces": {
				"north": {"uv": [6, 2, 6.125, 2.125], "texture": "#main"},
				"east": {"uv": [6, 2, 6.125, 2.125], "texture": "#main"},
				"south": {"uv": [6, 2, 6.125, 2.125], "texture": "#main"},
				"west": {"uv": [6, 2, 6.125, 2.125], "texture": "#main"},
				"up": {"uv": [6, 2, 6.125, 2.125], "texture": "#main"},
				"down": {"uv": [6, 2, 6.125, 2.125], "texture": "#main"}
			}
		},
		{
			"name": "Gray",
			"from": [1.10017, -9.11258, 6.4375],
			"to": [1.60017, 7.41242, 6.9375],
			"rotation": {"angle": -22.5, "axis": "z", "origin": [8.35017, -2.36258, 0]},
			"faces": {
				"north": {"uv": [10, 2, 10.125, 2.125], "rotation": 90, "texture": "#main", "cullface": "west"},
				"east": {"uv": [10, 2, 10.125, 2.125], "rotation": 270, "texture": "#main", "cullface": "west"},
				"south": {"uv": [10, 2, 10.125, 2.125], "rotation": 270, "texture": "#main", "cullface": "west"},
				"west": {"uv": [10, 2, 10.125, 2.125], "rotation": 270, "texture": "#main", "cullface": "west"},
				"up": {"uv": [10, 2, 10.125, 2.125], "rotation": 270, "texture": "#main", "cullface": "west"},
				"down": {"uv": [10, 2, 10.125, 2.125], "rotation": 270, "texture": "#main", "cullface": "west"}
			}
		},
		{
			"name": "Brown",
			"from": [7, 9.25, 6.25],
			"to": [8, 10.25, 7.75],
			"faces": {
				"north": {"uv": [8, 2, 8.125, 2.125], "texture": "#main", "cullface": "west"},
				"south": {"uv": [8, 2, 8.125, 2.125], "texture": "#main", "cullface": "west"},
				"west": {"uv": [8, 2, 8.125, 2.125], "texture": "#main", "cullface": "west"},
				"up": {"uv": [8, 2, 8.125, 2.125], "texture": "#main", "cullface": "west"},
				"down": {"uv": [8, 2, 8.125, 2.125], "texture": "#main", "cullface": "west"}
			}
		},
		{
			"name": "Brown",
			"from": [1.35017, -2.61258, 6.25],
			"to": [2.35017, 7.38742, 7.75],
			"rotation": {"angle": -22.5, "axis": "z", "origin": [8.35017, -2.36258, 0]},
			"faces": {
				"north": {"uv": [8, 2, 8.125, 2.125], "rotation": 90, "texture": "#main", "cullface": "west"},
				"east": {"uv": [8, 2, 8.125, 2.125], "rotation": 270, "texture": "#main", "cullface": "west"},
				"south": {"uv": [8, 2, 8.125, 2.125], "rotation": 270, "texture": "#main", "cullface": "west"},
				"west": {"uv": [8, 2, 8.125, 2.125], "rotation": 270, "texture": "#main", "cullface": "west"},
				"up": {"uv": [8, 2, 8.125, 2.125], "rotation": 270, "texture": "#main", "cullface": "west"},
				"down": {"uv": [8, 2, 8.125, 2.125], "rotation": 270, "texture": "#main", "cullface": "west"}
			}
		},
		{
			"name": "Gray*",
			"from": [1.10017, -9.11258, 7.0625],
			"to": [1.60017, 7.41242, 7.5625],
			"rotation": {"angle": -22.5, "axis": "z", "origin": [8.35017, -2.36258, 0]},
			"faces": {
				"north": {"uv": [10, 2, 10.125, 2.125], "rotation": 90, "texture": "#main", "cullface": "west"},
				"east": {"uv": [10, 2, 10.125, 2.125], "rotation": 270, "texture": "#main", "cullface": "west"},
				"south": {"uv": [10, 2, 10.125, 2.125], "rotation": 270, "texture": "#main", "cullface": "west"},
				"west": {"uv": [10, 2, 10.125, 2.125], "rotation": 270, "texture": "#main", "cullface": "west"},
				"up": {"uv": [10, 2, 10.125, 2.125], "rotation": 270, "texture": "#main", "cullface": "west"},
				"down": {"uv": [10, 2, 10.125, 2.125], "rotation": 270, "texture": "#main", "cullface": "west"}
			}
		},
		{
			"name": "Gray*",
			"from": [1.12517, 5.98742, 7.0875],
			"to": [1.57517, 7.23742, 7.5375],
			"rotation": {"angle": -22.5, "axis": "z", "origin": [8.35017, -2.36258, 0]},
			"faces": {
				"north": {"uv": [8, 0, 8.125, 0.125], "rotation": 90, "texture": "#main", "cullface": "west"},
				"east": {"uv": [8, 0, 8.125, 0.125], "rotation": 270, "texture": "#main", "cullface": "west"},
				"south": {"uv": [8, 0, 8.125, 0.125], "rotation": 270, "texture": "#main", "cullface": "west"},
				"west": {"uv": [8, 0, 8.125, 0.125], "rotation": 270, "texture": "#main", "cullface": "west"},
				"up": {"uv": [8, 0, 8.125, 0.125], "rotation": 270, "texture": "#main", "cullface": "west"},
				"down": {"uv": [8, 0, 8.125, 0.125], "rotation": 270, "texture": "#main", "cullface": "west"}
			}
		},
		{
			"name": "Gray",
			"from": [1.12517, 5.98742, 6.4625],
			"to": [1.57517, 7.23742, 6.9125],
			"rotation": {"angle": -22.5, "axis": "z", "origin": [8.35017, -2.36258, 0]},
			"faces": {
				"north": {"uv": [8, 0, 8.125, 0.125], "rotation": 90, "texture": "#main", "cullface": "west"},
				"east": {"uv": [8, 0, 8.125, 0.125], "rotation": 270, "texture": "#main", "cullface": "west"},
				"south": {"uv": [8, 0, 8.125, 0.125], "rotation": 270, "texture": "#main", "cullface": "west"},
				"west": {"uv": [8, 0, 8.125, 0.125], "rotation": 270, "texture": "#main", "cullface": "west"},
				"up": {"uv": [8, 0, 8.125, 0.125], "rotation": 270, "texture": "#main", "cullface": "west"},
				"down": {"uv": [8, 0, 8.125, 0.125], "rotation": 270, "texture": "#main", "cullface": "west"}
			}
		},
		{
			"name": "Gray",
			"from": [1.12517, 7.23742, 6.4625],
			"to": [1.57517, 7.51242, 6.9125],
			"rotation": {"angle": -22.5, "axis": "z", "origin": [8.35017, -2.36258, 0]},
			"faces": {
				"north": {"uv": [10, 0, 10.125, 0.125], "rotation": 90, "texture": "#main", "cullface": "west"},
				"east": {"uv": [10, 0, 10.125, 0.125], "rotation": 270, "texture": "#main", "cullface": "west"},
				"south": {"uv": [10, 0, 10.125, 0.125], "rotation": 270, "texture": "#main", "cullface": "west"},
				"west": {"uv": [10, 0, 10.125, 0.125], "rotation": 270, "texture": "#main", "cullface": "west"},
				"up": {"uv": [10, 0, 10.125, 0.125], "rotation": 270, "texture": "#main", "cullface": "west"},
				"down": {"uv": [10, 0, 10.125, 0.125], "rotation": 270, "texture": "#main", "cullface": "west"}
			}
		},
		{
			"name": "Gray*",
			"from": [1.12517, 7.23742, 7.0875],
			"to": [1.57517, 7.51242, 7.5375],
			"rotation": {"angle": -22.5, "axis": "z", "origin": [8.35017, -2.36258, 0]},
			"faces": {
				"north": {"uv": [10, 0, 10.125, 0.125], "rotation": 90, "texture": "#main", "cullface": "west"},
				"east": {"uv": [10, 0, 10.125, 0.125], "rotation": 270, "texture": "#main", "cullface": "west"},
				"south": {"uv": [10, 0, 10.125, 0.125], "rotation": 270, "texture": "#main", "cullface": "west"},
				"west": {"uv": [10, 0, 10.125, 0.125], "rotation": 270, "texture": "#main", "cullface": "west"},
				"up": {"uv": [10, 0, 10.125, 0.125], "rotation": 270, "texture": "#main", "cullface": "west"},
				"down": {"uv": [10, 0, 10.125, 0.125], "rotation": 270, "texture": "#main", "cullface": "west"}
			}
		},
		{
			"name": "Brown*",
			"from": [7, 8.75, 6.5],
			"to": [8, 9.25, 7.5],
			"faces": {
				"north": {"uv": [8, 2, 8.125, 2.125], "texture": "#main", "cullface": "west"},
				"east": {"uv": [8, 2, 8.125, 2.125], "texture": "#main", "cullface": "west"},
				"south": {"uv": [8, 2, 8.125, 2.125], "texture": "#main", "cullface": "west"},
				"west": {"uv": [8, 2, 8.125, 2.125], "texture": "#main", "cullface": "west"},
				"down": {"uv": [8, 2, 8.125, 2.125], "texture": "#main", "cullface": "west"}
			}
		},
		{
			"name": "Brown*",
			"from": [2.35017, -1.11258, 6.5],
			"to": [2.85017, 7.38742, 7.5],
			"rotation": {"angle": -22.5, "axis": "z", "origin": [8.35017, -2.36258, 0]},
			"faces": {
				"north": {"uv": [8, 2, 8.125, 2.125], "rotation": 90, "texture": "#main", "cullface": "west"},
				"east": {"uv": [8, 2, 8.125, 2.125], "rotation": 270, "texture": "#main", "cullface": "west"},
				"south": {"uv": [8, 2, 8.125, 2.125], "rotation": 270, "texture": "#main", "cullface": "west"},
				"up": {"uv": [8, 2, 8.125, 2.125], "rotation": 270, "texture": "#main", "cullface": "west"},
				"down": {"uv": [8, 2, 8.125, 2.125], "rotation": 270, "texture": "#main", "cullface": "west"}
			}
		},
		{
			"name": "Gray*",
			"from": [7.1875, 10, 7.0625],
			"to": [7.6875, 10.5, 7.5625],
			"faces": {
				"north": {"uv": [10, 2, 10.125, 2.125], "texture": "#main"},
				"east": {"uv": [10, 2, 10.125, 2.125], "texture": "#main"},
				"south": {"uv": [10, 2, 10.125, 2.125], "texture": "#main"},
				"west": {"uv": [10, 2, 10.125, 2.125], "texture": "#main"},
				"up": {"uv": [10, 2, 10.125, 2.125], "texture": "#main"},
				"down": {"uv": [10, 2, 10.125, 2.125], "texture": "#main"}
			}
		},
		{
			"name": "Gray*",
			"from": [7.25, 10, 6.5],
			"to": [7.75, 10.5, 7],
			"faces": {
				"north": {"uv": [10, 2, 10.125, 2.125], "texture": "#main"},
				"east": {"uv": [10, 2, 10.125, 2.125], "texture": "#main"},
				"south": {"uv": [10, 2, 10.125, 2.125], "texture": "#main"},
				"west": {"uv": [10, 2, 10.125, 2.125], "texture": "#main"},
				"up": {"uv": [10, 2, 10.125, 2.125], "texture": "#main"},
				"down": {"uv": [10, 2, 10.125, 2.125], "texture": "#main"}
			}
		},
		{
			"name": "Brown*",
			"from": [8, 9.25, 6.25],
			"to": [14.5, 10.25, 7.75],
			"rotation": {"angle": -22.5, "axis": "z", "origin": [8, 10.25, 6.25]},
			"faces": {
				"north": {"uv": [8, 2, 8.125, 2.125], "texture": "#main"},
				"east": {"uv": [8, 2, 8.125, 2.125], "texture": "#main"},
				"south": {"uv": [8, 2, 8.125, 2.125], "texture": "#main"},
				"up": {"uv": [8, 2, 8.125, 2.125], "texture": "#main"},
				"down": {"uv": [8, 2, 8.125, 2.125], "texture": "#main"}
			}
		},
		{
			"name": "Brown*",
			"from": [11, 7.9375, 6.25],
			"to": [16.5, 9.5, 7.75],
			"faces": {
				"north": {"uv": [8, 2, 8.125, 2.125], "texture": "#main", "cullface": "east"},
				"east": {"uv": [8, 2, 8.125, 2.125], "texture": "#main", "cullface": "east"},
				"south": {"uv": [8, 2, 8.125, 2.125], "texture": "#main", "cullface": "east"},
				"west": {"uv": [8, 2, 8.125, 2.125], "texture": "#main", "cullface": "east"},
				"up": {"uv": [8, 2, 8.125, 2.125], "texture": "#main", "cullface": "east"},
				"down": {"uv": [8, 2, 8.125, 2.125], "texture": "#main", "cullface": "east"}
			}
		},
		{
			"name": "Brown*",
			"from": [7.3125, 9.125, 6.5],
			"to": [14.3125, 10.125, 7.5],
			"rotation": {"angle": -22.5, "axis": "z", "origin": [7.3125, 10.125, 6.5]},
			"faces": {
				"north": {"uv": [8, 2, 8.125, 2.125], "texture": "#main"},
				"east": {"uv": [8, 2, 8.125, 2.125], "texture": "#main"},
				"south": {"uv": [8, 2, 8.125, 2.125], "texture": "#main"},
				"west": {"uv": [8, 2, 8.125, 2.125], "texture": "#main"},
				"up": {"uv": [8, 2, 8.125, 2.125], "texture": "#main"},
				"down": {"uv": [8, 2, 8.125, 2.125], "texture": "#main"}
			}
		},
		{
			"name": "Gray*",
			"from": [7.875, 9.875, 7.5625],
			"to": [8.1875, 10.875, 8.0625],
			"rotation": {"angle": -45, "axis": "z", "origin": [7.875, 10.875, 7.5625]},
			"faces": {
				"north": {"uv": [10, 2, 10.125, 2.125], "texture": "#main"},
				"east": {"uv": [10, 2, 10.125, 2.125], "texture": "#main"},
				"south": {"uv": [10, 2, 10.125, 2.125], "texture": "#main"},
				"west": {"uv": [10, 2, 10.125, 2.125], "texture": "#main"},
				"up": {"uv": [10, 2, 10.125, 2.125], "texture": "#main"},
				"down": {"uv": [10, 2, 10.125, 2.125], "texture": "#main"}
			}
		},
		{
			"name": "Gray*",
			"from": [7.9375, 9.9375, 6.0625],
			"to": [8.25, 10.9375, 6.5625],
			"rotation": {"angle": -45, "axis": "z", "origin": [7.9375, 10.9375, 6.0625]},
			"faces": {
				"north": {"uv": [10, 2, 10.125, 2.125], "texture": "#main"},
				"east": {"uv": [10, 2, 10.125, 2.125], "texture": "#main"},
				"south": {"uv": [10, 2, 10.125, 2.125], "texture": "#main"},
				"west": {"uv": [10, 2, 10.125, 2.125], "texture": "#main"},
				"up": {"uv": [10, 2, 10.125, 2.125], "texture": "#main"},
				"down": {"uv": [10, 2, 10.125, 2.125], "texture": "#main"}
			}
		},
		{
			"name": "Brown*",
			"from": [11, 9.5, 6.5],
			"to": [16.5, 10, 7.5],
			"faces": {
				"north": {"uv": [8, 2, 8.125, 2.125], "texture": "#main", "cullface": "east"},
				"east": {"uv": [8, 2, 8.125, 2.125], "texture": "#main", "cullface": "east"},
				"south": {"uv": [8, 2, 8.125, 2.125], "texture": "#main", "cullface": "east"},
				"west": {"uv": [8, 2, 8.125, 2.125], "texture": "#main", "cullface": "east"},
				"up": {"uv": [8, 2, 8.125, 2.125], "texture": "#main", "cullface": "east"}
			}
		},
		{
			"name": "Brown*",
			"from": [15.4375, 7.5, 6.25],
			"to": [16.9375, 9, 7.75],
			"rotation": {"angle": -45, "axis": "z", "origin": [15.4375, 9, 6.25]},
			"faces": {
				"north": {"uv": [8, 2, 8.125, 2.125], "texture": "#main", "cullface": "east"},
				"east": {"uv": [8, 2, 8.125, 2.125], "texture": "#main", "cullface": "east"},
				"south": {"uv": [8, 2, 8.125, 2.125], "texture": "#main", "cullface": "east"},
				"west": {"uv": [8, 2, 8.125, 2.125], "texture": "#main", "cullface": "east"},
				"up": {"uv": [8, 2, 8.125, 2.125], "texture": "#main", "cullface": "east"},
				"down": {"uv": [8, 2, 8.125, 2.125], "texture": "#main", "cullface": "east"}
			}
		},
		{
			"name": "Brown*",
			"from": [11, 8.375, 6.25],
			"to": [12, 9.375, 7.75],
			"rotation": {"angle": -45, "axis": "z", "origin": [11, 9.375, 6.25]},
			"faces": {
				"north": {"uv": [8, 2, 8.125, 2.125], "texture": "#main"},
				"east": {"uv": [8, 2, 8.125, 2.125], "texture": "#main"},
				"south": {"uv": [8, 2, 8.125, 2.125], "texture": "#main"},
				"west": {"uv": [8, 2, 8.125, 2.125], "texture": "#main"},
				"up": {"uv": [8, 2, 8.125, 2.125], "texture": "#main"},
				"down": {"uv": [8, 2, 8.125, 2.125], "texture": "#main"}
			}
		},
		{
			"name": "Gray*",
			"from": [8, 10, 6.8125],
			"to": [10, 10.5, 7.3125],
			"rotation": {"angle": -22.5, "axis": "z", "origin": [8, 10.5, 6.8125]},
			"faces": {
				"north": {"uv": [10, 2, 10.125, 2.125], "texture": "#main"},
				"east": {"uv": [10, 2, 10.125, 2.125], "texture": "#main"},
				"south": {"uv": [10, 2, 10.125, 2.125], "texture": "#main"},
				"west": {"uv": [10, 2, 10.125, 2.125], "texture": "#main"},
				"up": {"uv": [10, 2, 10.125, 2.125], "texture": "#main"},
				"down": {"uv": [10, 2, 10.125, 2.125], "texture": "#main"}
			}
		},
		{
			"name": "Gray*",
			"from": [7.5, 7.5, 6.8125],
			"to": [9, 8, 7.3125],
			"faces": {
				"north": {"uv": [10, 2, 10.125, 2.125], "texture": "#main"},
				"south": {"uv": [10, 2, 10.125, 2.125], "texture": "#main"},
				"up": {"uv": [10, 2, 10.125, 2.125], "texture": "#main"},
				"down": {"uv": [10, 2, 10.125, 2.125], "texture": "#main"}
			}
		},
		{
			"name": "Gray*",
			"from": [7, 7.5, 6.8125],
			"to": [7.5, 9, 7.3125],
			"faces": {
				"north": {"uv": [10, 2, 10.125, 2.125], "texture": "#main"},
				"east": {"uv": [10, 2, 10.125, 2.125], "texture": "#main"},
				"south": {"uv": [10, 2, 10.125, 2.125], "texture": "#main"},
				"west": {"uv": [10, 2, 10.125, 2.125], "texture": "#main"},
				"up": {"uv": [10, 2, 10.125, 2.125], "texture": "#main"},
				"down": {"uv": [10, 2, 10.125, 2.125], "texture": "#main"}
			}
		},
		{
			"name": "Gray*",
			"from": [9, 7.5, 6.8125],
			"to": [9.5, 9, 7.3125],
			"faces": {
				"north": {"uv": [10, 2, 10.125, 2.125], "texture": "#main"},
				"east": {"uv": [10, 2, 10.125, 2.125], "texture": "#main"},
				"south": {"uv": [10, 2, 10.125, 2.125], "texture": "#main"},
				"west": {"uv": [10, 2, 10.125, 2.125], "texture": "#main"},
				"up": {"uv": [10, 2, 10.125, 2.125], "texture": "#main"},
				"down": {"uv": [10, 2, 10.125, 2.125], "texture": "#main"}
			}
		},
		{
			"name": "Gray*",
			"from": [8.375, 8.25, 6.8125],
			"to": [8.875, 9.75, 7.3125],
			"rotation": {"angle": -22.5, "axis": "z", "origin": [8.375, 9.75, 6.8125]},
			"faces": {
				"north": {"uv": [10, 2, 10.125, 2.125], "texture": "#main"},
				"east": {"uv": [10, 2, 10.125, 2.125], "texture": "#main"},
				"south": {"uv": [10, 2, 10.125, 2.125], "texture": "#main"},
				"west": {"uv": [10, 2, 10.125, 2.125], "texture": "#main"},
				"up": {"uv": [10, 2, 10.125, 2.125], "texture": "#main"},
				"down": {"uv": [10, 2, 10.125, 2.125], "texture": "#main"}
			}
		},
		{
			"name": "Gray",
			"from": [1.10017, -9.11258, 6.4375],
			"to": [1.60017, 7.41242, 6.9375],
			"rotation": {"angle": -22.5, "axis": "z", "origin": [8.35017, -2.36258, 0]},
			"faces": {
				"north": {"uv": [14, 2, 14.125, 2.125], "rotation": 90, "texture": "#main", "cullface": "west"},
				"east": {"uv": [14, 2, 14.125, 2.125], "rotation": 270, "texture": "#main", "cullface": "west"},
				"south": {"uv": [14, 2, 14.125, 2.125], "rotation": 270, "texture": "#main", "cullface": "west"},
				"west": {"uv": [14, 2, 14.125, 2.125], "rotation": 270, "texture": "#main", "cullface": "west"},
				"up": {"uv": [14, 2, 14.125, 2.125], "rotation": 270, "texture": "#main", "cullface": "west"},
				"down": {"uv": [14, 2, 14.125, 2.125], "rotation": 270, "texture": "#main", "cullface": "west"}
			}
		},
		{
			"name": "Brown",
			"from": [7, 9.25, 6.25],
			"to": [8, 10.25, 7.75],
			"faces": {
				"north": {"uv": [12, 2, 12.125, 2.125], "texture": "#main", "cullface": "west"},
				"south": {"uv": [12, 2, 12.125, 2.125], "texture": "#main", "cullface": "west"},
				"west": {"uv": [12, 2, 12.125, 2.125], "texture": "#main", "cullface": "west"},
				"up": {"uv": [12, 2, 12.125, 2.125], "texture": "#main", "cullface": "west"},
				"down": {"uv": [12, 2, 12.125, 2.125], "texture": "#main", "cullface": "west"}
			}
		},
		{
			"name": "Brown",
			"from": [1.35017, -2.61258, 6.25],
			"to": [2.35017, 7.38742, 7.75],
			"rotation": {"angle": -22.5, "axis": "z", "origin": [8.35017, -2.36258, 0]},
			"faces": {
				"north": {"uv": [12, 2, 12.125, 2.125], "rotation": 90, "texture": "#main", "cullface": "west"},
				"east": {"uv": [12, 2, 12.125, 2.125], "rotation": 270, "texture": "#main", "cullface": "west"},
				"south": {"uv": [12, 2, 12.125, 2.125], "rotation": 270, "texture": "#main", "cullface": "west"},
				"west": {"uv": [12, 2, 12.125, 2.125], "rotation": 270, "texture": "#main", "cullface": "west"},
				"up": {"uv": [12, 2, 12.125, 2.125], "rotation": 270, "texture": "#main", "cullface": "west"},
				"down": {"uv": [12, 2, 12.125, 2.125], "rotation": 270, "texture": "#main", "cullface": "west"}
			}
		},
		{
			"name": "Gray*",
			"from": [1.10017, -9.11258, 7.0625],
			"to": [1.60017, 7.41242, 7.5625],
			"rotation": {"angle": -22.5, "axis": "z", "origin": [8.35017, -2.36258, 0]},
			"faces": {
				"north": {"uv": [14, 2, 14.125, 2.125], "rotation": 90, "texture": "#main", "cullface": "west"},
				"east": {"uv": [14, 2, 14.125, 2.125], "rotation": 270, "texture": "#main", "cullface": "west"},
				"south": {"uv": [14, 2, 14.125, 2.125], "rotation": 270, "texture": "#main", "cullface": "west"},
				"west": {"uv": [14, 2, 14.125, 2.125], "rotation": 270, "texture": "#main", "cullface": "west"},
				"up": {"uv": [14, 2, 14.125, 2.125], "rotation": 270, "texture": "#main", "cullface": "west"},
				"down": {"uv": [14, 2, 14.125, 2.125], "rotation": 270, "texture": "#main", "cullface": "west"}
			}
		},
		{
			"name": "Gray*",
			"from": [1.12517, 7.98742, 7.0875],
			"to": [1.57517, 9.23742, 7.5375],
			"rotation": {"angle": -22.5, "axis": "z", "origin": [8.35017, -2.36258, 0]},
			"faces": {
				"north": {"uv": [12, 0, 12.125, 0.125], "rotation": 90, "texture": "#main", "cullface": "west"},
				"east": {"uv": [12, 0, 12.125, 0.125], "rotation": 270, "texture": "#main", "cullface": "west"},
				"south": {"uv": [12, 0, 12.125, 0.125], "rotation": 270, "texture": "#main", "cullface": "west"},
				"west": {"uv": [12, 0, 12.125, 0.125], "rotation": 270, "texture": "#main", "cullface": "west"},
				"up": {"uv": [12, 0, 12.125, 0.125], "rotation": 270, "texture": "#main", "cullface": "west"},
				"down": {"uv": [12, 0, 12.125, 0.125], "rotation": 270, "texture": "#main", "cullface": "west"}
			}
		},
		{
			"name": "Gray",
			"from": [1.12517, 7.98742, 6.4625],
			"to": [1.57517, 9.23742, 6.9125],
			"rotation": {"angle": -22.5, "axis": "z", "origin": [8.35017, -2.36258, 0]},
			"faces": {
				"north": {"uv": [12, 0, 12.125, 0.125], "rotation": 90, "texture": "#main", "cullface": "west"},
				"east": {"uv": [12, 0, 12.125, 0.125], "rotation": 270, "texture": "#main", "cullface": "west"},
				"south": {"uv": [12, 0, 12.125, 0.125], "rotation": 270, "texture": "#main", "cullface": "west"},
				"west": {"uv": [12, 0, 12.125, 0.125], "rotation": 270, "texture": "#main", "cullface": "west"},
				"up": {"uv": [12, 0, 12.125, 0.125], "rotation": 270, "texture": "#main", "cullface": "west"},
				"down": {"uv": [12, 0, 12.125, 0.125], "rotation": 270, "texture": "#main", "cullface": "west"}
			}
		},
		{
			"name": "Gray",
			"from": [1.12517, 9.23742, 6.4625],
			"to": [1.57517, 9.51242, 6.9125],
			"rotation": {"angle": -22.5, "axis": "z", "origin": [8.35017, -2.36258, 0]},
			"faces": {
				"north": {"uv": [14, 0, 14.125, 0.125], "rotation": 90, "texture": "#main", "cullface": "west"},
				"east": {"uv": [14, 0, 14.125, 0.125], "rotation": 270, "texture": "#main", "cullface": "west"},
				"south": {"uv": [14, 0, 14.125, 0.125], "rotation": 270, "texture": "#main", "cullface": "west"},
				"west": {"uv": [14, 0, 14.125, 0.125], "rotation": 270, "texture": "#main", "cullface": "west"},
				"up": {"uv": [14, 0, 14.125, 0.125], "rotation": 270, "texture": "#main", "cullface": "west"},
				"down": {"uv": [14, 0, 14.125, 0.125], "rotation": 270, "texture": "#main", "cullface": "west"}
			}
		},
		{
			"name": "Gray*",
			"from": [1.12517, 9.23742, 7.0875],
			"to": [1.57517, 9.51242, 7.5375],
			"rotation": {"angle": -22.5, "axis": "z", "origin": [8.35017, -2.36258, 0]},
			"faces": {
				"north": {"uv": [14, 0, 14.125, 0.125], "rotation": 90, "texture": "#main", "cullface": "west"},
				"east": {"uv": [14, 0, 14.125, 0.125], "rotation": 270, "texture": "#main", "cullface": "west"},
				"south": {"uv": [14, 0, 14.125, 0.125], "rotation": 270, "texture": "#main", "cullface": "west"},
				"west": {"uv": [14, 0, 14.125, 0.125], "rotation": 270, "texture": "#main", "cullface": "west"},
				"up": {"uv": [14, 0, 14.125, 0.125], "rotation": 270, "texture": "#main", "cullface": "west"},
				"down": {"uv": [14, 0, 14.125, 0.125], "rotation": 270, "texture": "#main", "cullface": "west"}
			}
		},
		{
			"name": "Brown*",
			"from": [7, 8.75, 6.5],
			"to": [8, 9.25, 7.5],
			"faces": {
				"north": {"uv": [12, 2, 12.125, 2.125], "texture": "#main", "cullface": "west"},
				"east": {"uv": [12, 2, 12.125, 2.125], "texture": "#main", "cullface": "west"},
				"south": {"uv": [12, 2, 12.125, 2.125], "texture": "#main", "cullface": "west"},
				"west": {"uv": [12, 2, 12.125, 2.125], "texture": "#main", "cullface": "west"},
				"down": {"uv": [12, 2, 12.125, 2.125], "texture": "#main", "cullface": "west"}
			}
		},
		{
			"name": "Brown*",
			"from": [2.35017, -1.11258, 6.5],
			"to": [2.85017, 7.38742, 7.5],
			"rotation": {"angle": -22.5, "axis": "z", "origin": [8.35017, -2.36258, 0]},
			"faces": {
				"north": {"uv": [12, 2, 12.125, 2.125], "rotation": 90, "texture": "#main", "cullface": "west"},
				"east": {"uv": [12, 2, 12.125, 2.125], "rotation": 270, "texture": "#main", "cullface": "west"},
				"south": {"uv": [12, 2, 12.125, 2.125], "rotation": 270, "texture": "#main", "cullface": "west"},
				"up": {"uv": [12, 2, 12.125, 2.125], "rotation": 270, "texture": "#main", "cullface": "west"},
				"down": {"uv": [12, 2, 12.125, 2.125], "rotation": 270, "texture": "#main", "cullface": "west"}
			}
		},
		{
			"name": "Gray*",
			"from": [7.1875, 10, 7.0625],
			"to": [7.6875, 10.5, 7.5625],
			"faces": {
				"north": {"uv": [14, 2, 14.125, 2.125], "texture": "#main"},
				"east": {"uv": [14, 2, 14.125, 2.125], "texture": "#main"},
				"south": {"uv": [14, 2, 14.125, 2.125], "texture": "#main"},
				"west": {"uv": [14, 2, 14.125, 2.125], "texture": "#main"},
				"up": {"uv": [14, 2, 14.125, 2.125], "texture": "#main"},
				"down": {"uv": [14, 2, 14.125, 2.125], "texture": "#main"}
			}
		},
		{
			"name": "Gray*",
			"from": [7.25, 10, 6.5],
			"to": [7.75, 10.5, 7],
			"faces": {
				"north": {"uv": [14, 2, 14.125, 2.125], "texture": "#main"},
				"east": {"uv": [14, 2, 14.125, 2.125], "texture": "#main"},
				"south": {"uv": [14, 2, 14.125, 2.125], "texture": "#main"},
				"west": {"uv": [14, 2, 14.125, 2.125], "texture": "#main"},
				"up": {"uv": [14, 2, 14.125, 2.125], "texture": "#main"},
				"down": {"uv": [14, 2, 14.125, 2.125], "texture": "#main"}
			}
		},
		{
			"name": "Brown*",
			"from": [8, 9.25, 6.25],
			"to": [14.5, 10.25, 7.75],
			"rotation": {"angle": -22.5, "axis": "z", "origin": [8, 10.25, 6.25]},
			"faces": {
				"north": {"uv": [12, 2, 12.125, 2.125], "texture": "#main"},
				"east": {"uv": [12, 2, 12.125, 2.125], "texture": "#main"},
				"south": {"uv": [12, 2, 12.125, 2.125], "texture": "#main"},
				"up": {"uv": [12, 2, 12.125, 2.125], "texture": "#main"},
				"down": {"uv": [12, 2, 12.125, 2.125], "texture": "#main"}
			}
		},
		{
			"name": "Brown*",
			"from": [11, 7.9375, 6.25],
			"to": [16.5, 9.5, 7.75],
			"faces": {
				"north": {"uv": [12, 2, 12.125, 2.125], "texture": "#main", "cullface": "east"},
				"east": {"uv": [12, 2, 12.125, 2.125], "texture": "#main", "cullface": "east"},
				"south": {"uv": [12, 2, 12.125, 2.125], "texture": "#main", "cullface": "east"},
				"west": {"uv": [12, 2, 12.125, 2.125], "texture": "#main", "cullface": "east"},
				"up": {"uv": [12, 2, 12.125, 2.125], "texture": "#main", "cullface": "east"},
				"down": {"uv": [12, 2, 12.125, 2.125], "texture": "#main", "cullface": "east"}
			}
		},
		{
			"name": "Brown*",
			"from": [7.3125, 9.125, 6.5],
			"to": [14.3125, 10.125, 7.5],
			"rotation": {"angle": -22.5, "axis": "z", "origin": [7.3125, 10.125, 6.5]},
			"faces": {
				"north": {"uv": [12, 2, 12.125, 2.125], "texture": "#main"},
				"east": {"uv": [12, 2, 12.125, 2.125], "texture": "#main"},
				"south": {"uv": [12, 2, 12.125, 2.125], "texture": "#main"},
				"west": {"uv": [12, 2, 12.125, 2.125], "texture": "#main"},
				"up": {"uv": [12, 2, 12.125, 2.125], "texture": "#main"},
				"down": {"uv": [12, 2, 12.125, 2.125], "texture": "#main"}
			}
		},
		{
			"name": "Gray*",
			"from": [7.875, 9.875, 7.5625],
			"to": [8.1875, 10.875, 8.0625],
			"rotation": {"angle": -45, "axis": "z", "origin": [7.875, 10.875, 7.5625]},
			"faces": {
				"north": {"uv": [14, 2, 14.125, 2.125], "texture": "#main"},
				"east": {"uv": [14, 2, 14.125, 2.125], "texture": "#main"},
				"south": {"uv": [14, 2, 14.125, 2.125], "texture": "#main"},
				"west": {"uv": [14, 2, 14.125, 2.125], "texture": "#main"},
				"up": {"uv": [14, 2, 14.125, 2.125], "texture": "#main"},
				"down": {"uv": [14, 2, 14.125, 2.125], "texture": "#main"}
			}
		},
		{
			"name": "Gray*",
			"from": [7.9375, 9.9375, 6.0625],
			"to": [8.25, 10.9375, 6.5625],
			"rotation": {"angle": -45, "axis": "z", "origin": [7.9375, 10.9375, 6.0625]},
			"faces": {
				"north": {"uv": [14, 2, 14.125, 2.125], "texture": "#main"},
				"east": {"uv": [14, 2, 14.125, 2.125], "texture": "#main"},
				"south": {"uv": [14, 2, 14.125, 2.125], "texture": "#main"},
				"west": {"uv": [14, 2, 14.125, 2.125], "texture": "#main"},
				"up": {"uv": [14, 2, 14.125, 2.125], "texture": "#main"},
				"down": {"uv": [14, 2, 14.125, 2.125], "texture": "#main"}
			}
		},
		{
			"name": "Brown*",
			"from": [11, 9.5, 6.5],
			"to": [16.5, 10, 7.5],
			"faces": {
				"north": {"uv": [12, 2, 12.125, 2.125], "texture": "#main", "cullface": "east"},
				"east": {"uv": [12, 2, 12.125, 2.125], "texture": "#main", "cullface": "east"},
				"south": {"uv": [12, 2, 12.125, 2.125], "texture": "#main", "cullface": "east"},
				"west": {"uv": [12, 2, 12.125, 2.125], "texture": "#main", "cullface": "east"},
				"up": {"uv": [12, 2, 12.125, 2.125], "texture": "#main", "cullface": "east"}
			}
		},
		{
			"name": "Brown*",
			"from": [15.4375, 7.5, 6.25],
			"to": [16.9375, 9, 7.75],
			"rotation": {"angle": -45, "axis": "z", "origin": [15.4375, 9, 6.25]},
			"faces": {
				"north": {"uv": [12, 2, 12.125, 2.125], "texture": "#main", "cullface": "east"},
				"east": {"uv": [12, 2, 12.125, 2.125], "texture": "#main", "cullface": "east"},
				"south": {"uv": [12, 2, 12.125, 2.125], "texture": "#main", "cullface": "east"},
				"west": {"uv": [12, 2, 12.125, 2.125], "texture": "#main", "cullface": "east"},
				"up": {"uv": [12, 2, 12.125, 2.125], "texture": "#main", "cullface": "east"},
				"down": {"uv": [12, 2, 12.125, 2.125], "texture": "#main", "cullface": "east"}
			}
		},
		{
			"name": "Brown*",
			"from": [11, 8.375, 6.25],
			"to": [12, 9.375, 7.75],
			"rotation": {"angle": -45, "axis": "z", "origin": [11, 9.375, 6.25]},
			"faces": {
				"north": {"uv": [12, 2, 12.125, 2.125], "texture": "#main"},
				"east": {"uv": [12, 2, 12.125, 2.125], "texture": "#main"},
				"south": {"uv": [12, 2, 12.125, 2.125], "texture": "#main"},
				"west": {"uv": [12, 2, 12.125, 2.125], "texture": "#main"},
				"up": {"uv": [12, 2, 12.125, 2.125], "texture": "#main"},
				"down": {"uv": [12, 2, 12.125, 2.125], "texture": "#main"}
			}
		},
		{
			"name": "Gray*",
			"from": [8, 10, 6.8125],
			"to": [10, 10.5, 7.3125],
			"rotation": {"angle": -22.5, "axis": "z", "origin": [8, 10.5, 6.8125]},
			"faces": {
				"north": {"uv": [14, 2, 14.125, 2.125], "texture": "#main"},
				"east": {"uv": [14, 2, 14.125, 2.125], "texture": "#main"},
				"south": {"uv": [14, 2, 14.125, 2.125], "texture": "#main"},
				"west": {"uv": [14, 2, 14.125, 2.125], "texture": "#main"},
				"up": {"uv": [14, 2, 14.125, 2.125], "texture": "#main"},
				"down": {"uv": [14, 2, 14.125, 2.125], "texture": "#main"}
			}
		},
		{
			"name": "Gray*",
			"from": [7.5, 7.5, 6.8125],
			"to": [9, 8, 7.3125],
			"faces": {
				"north": {"uv": [14, 2, 14.125, 2.125], "texture": "#main"},
				"south": {"uv": [14, 2, 14.125, 2.125], "texture": "#main"},
				"up": {"uv": [14, 2, 14.125, 2.125], "texture": "#main"},
				"down": {"uv": [14, 2, 14.125, 2.125], "texture": "#main"}
			}
		},
		{
			"name": "Gray*",
			"from": [7, 7.5, 6.8125],
			"to": [7.5, 9, 7.3125],
			"faces": {
				"north": {"uv": [14, 2, 14.125, 2.125], "texture": "#main"},
				"east": {"uv": [14, 2, 14.125, 2.125], "texture": "#main"},
				"south": {"uv": [14, 2, 14.125, 2.125], "texture": "#main"},
				"west": {"uv": [14, 2, 14.125, 2.125], "texture": "#main"},
				"up": {"uv": [14, 2, 14.125, 2.125], "texture": "#main"},
				"down": {"uv": [14, 2, 14.125, 2.125], "texture": "#main"}
			}
		},
		{
			"name": "Gray*",
			"from": [9, 7.5, 6.8125],
			"to": [9.5, 9, 7.3125],
			"faces": {
				"north": {"uv": [14, 2, 14.125, 2.125], "texture": "#main"},
				"east": {"uv": [14, 2, 14.125, 2.125], "texture": "#main"},
				"south": {"uv": [14, 2, 14.125, 2.125], "texture": "#main"},
				"west": {"uv": [14, 2, 14.125, 2.125], "texture": "#main"},
				"up": {"uv": [14, 2, 14.125, 2.125], "texture": "#main"},
				"down": {"uv": [14, 2, 14.125, 2.125], "texture": "#main"}
			}
		},
		{
			"name": "Gray*",
			"from": [8.375, 8.25, 6.8125],
			"to": [8.875, 9.75, 7.3125],
			"rotation": {"angle": -22.5, "axis": "z", "origin": [8.375, 9.75, 6.8125]},
			"faces": {
				"north": {"uv": [14, 2, 14.125, 2.125], "texture": "#main"},
				"east": {"uv": [14, 2, 14.125, 2.125], "texture": "#main"},
				"south": {"uv": [14, 2, 14.125, 2.125], "texture": "#main"},
				"west": {"uv": [14, 2, 14.125, 2.125], "texture": "#main"},
				"up": {"uv": [14, 2, 14.125, 2.125], "texture": "#main"},
				"down": {"uv": [14, 2, 14.125, 2.125], "texture": "#main"}
			}
		},
		{
			"name": "Gray",
			"from": [1.10017, -9.11258, 6.4375],
			"to": [1.60017, 7.41242, 6.9375],
			"rotation": {"angle": -22.5, "axis": "z", "origin": [8.35017, -2.36258, 0]},
			"faces": {
				"north": {"uv": [2, 6, 2.125, 6.125], "rotation": 90, "texture": "#main", "cullface": "west"},
				"east": {"uv": [2, 6, 2.125, 6.125], "rotation": 270, "texture": "#main", "cullface": "west"},
				"south": {"uv": [2, 6, 2.125, 6.125], "rotation": 270, "texture": "#main", "cullface": "west"},
				"west": {"uv": [2, 6, 2.125, 6.125], "rotation": 270, "texture": "#main", "cullface": "west"},
				"up": {"uv": [2, 6, 2.125, 6.125], "rotation": 270, "texture": "#main", "cullface": "west"},
				"down": {"uv": [2, 6, 2.125, 6.125], "rotation": 270, "texture": "#main", "cullface": "west"}
			}
		},
		{
			"name": "Brown",
			"from": [7, 9.25, 6.25],
			"to": [8, 10.25, 7.75],
			"faces": {
				"north": {"uv": [0, 6, 0.125, 6.125], "texture": "#main", "cullface": "west"},
				"south": {"uv": [0, 6, 0.125, 6.125], "texture": "#main", "cullface": "west"},
				"west": {"uv": [0, 6, 0.125, 6.125], "texture": "#main", "cullface": "west"},
				"up": {"uv": [0, 6, 0.125, 6.125], "texture": "#main", "cullface": "west"},
				"down": {"uv": [0, 6, 0.125, 6.125], "texture": "#main", "cullface": "west"}
			}
		},
		{
			"name": "Brown",
			"from": [1.35017, -2.61258, 6.25],
			"to": [2.35017, 7.38742, 7.75],
			"rotation": {"angle": -22.5, "axis": "z", "origin": [8.35017, -2.36258, 0]},
			"faces": {
				"north": {"uv": [0, 6, 0.125, 6.125], "rotation": 90, "texture": "#main", "cullface": "west"},
				"east": {"uv": [0, 6, 0.125, 6.125], "rotation": 270, "texture": "#main", "cullface": "west"},
				"south": {"uv": [0, 6, 0.125, 6.125], "rotation": 270, "texture": "#main", "cullface": "west"},
				"west": {"uv": [0, 6, 0.125, 6.125], "rotation": 270, "texture": "#main", "cullface": "west"},
				"up": {"uv": [0, 6, 0.125, 6.125], "rotation": 270, "texture": "#main", "cullface": "west"},
				"down": {"uv": [0, 6, 0.125, 6.125], "rotation": 270, "texture": "#main", "cullface": "west"}
			}
		},
		{
			"name": "Gray*",
			"from": [1.10017, -9.11258, 7.0625],
			"to": [1.60017, 7.41242, 7.5625],
			"rotation": {"angle": -22.5, "axis": "z", "origin": [8.35017, -2.36258, 0]},
			"faces": {
				"north": {"uv": [2, 6, 2.125, 6.125], "rotation": 90, "texture": "#main", "cullface": "west"},
				"east": {"uv": [2, 6, 2.125, 6.125], "rotation": 270, "texture": "#main", "cullface": "west"},
				"south": {"uv": [2, 6, 2.125, 6.125], "rotation": 270, "texture": "#main", "cullface": "west"},
				"west": {"uv": [2, 6, 2.125, 6.125], "rotation": 270, "texture": "#main", "cullface": "west"},
				"up": {"uv": [2, 6, 2.125, 6.125], "rotation": 270, "texture": "#main", "cullface": "west"},
				"down": {"uv": [2, 6, 2.125, 6.125], "rotation": 270, "texture": "#main", "cullface": "west"}
			}
		},
		{
			"name": "Gray*",
			"from": [1.12517, 11.98742, 7.0875],
			"to": [1.57517, 13.23742, 7.5375],
			"rotation": {"angle": -22.5, "axis": "z", "origin": [8.35017, -2.36258, 0]},
			"faces": {
				"north": {"uv": [0, 4, 0.125, 4.125], "rotation": 90, "texture": "#main", "cullface": "west"},
				"east": {"uv": [0, 4, 0.125, 4.125], "rotation": 270, "texture": "#main", "cullface": "west"},
				"south": {"uv": [0, 4, 0.125, 4.125], "rotation": 270, "texture": "#main", "cullface": "west"},
				"west": {"uv": [0, 4, 0.125, 4.125], "rotation": 270, "texture": "#main", "cullface": "west"},
				"up": {"uv": [0, 4, 0.125, 4.125], "rotation": 270, "texture": "#main", "cullface": "west"},
				"down": {"uv": [0, 4, 0.125, 4.125], "rotation": 270, "texture": "#main", "cullface": "west"}
			}
		},
		{
			"name": "Gray",
			"from": [1.12517, 11.98742, 6.4625],
			"to": [1.57517, 13.23742, 6.9125],
			"rotation": {"angle": -22.5, "axis": "z", "origin": [8.35017, -2.36258, 0]},
			"faces": {
				"north": {"uv": [0, 4, 0.125, 4.125], "rotation": 90, "texture": "#main", "cullface": "west"},
				"east": {"uv": [0, 4, 0.125, 4.125], "rotation": 270, "texture": "#main", "cullface": "west"},
				"south": {"uv": [0, 4, 0.125, 4.125], "rotation": 270, "texture": "#main", "cullface": "west"},
				"west": {"uv": [0, 4, 0.125, 4.125], "rotation": 270, "texture": "#main", "cullface": "west"},
				"up": {"uv": [0, 4, 0.125, 4.125], "rotation": 270, "texture": "#main", "cullface": "west"},
				"down": {"uv": [0, 4, 0.125, 4.125], "rotation": 270, "texture": "#main", "cullface": "west"}
			}
		},
		{
			"name": "Gray",
			"from": [1.12517, 13.23742, 6.4625],
			"to": [1.57517, 13.51242, 6.9125],
			"rotation": {"angle": -22.5, "axis": "z", "origin": [8.35017, -2.36258, 0]},
			"faces": {
				"north": {"uv": [2, 4, 2.125, 4.125], "rotation": 90, "texture": "#main", "cullface": "west"},
				"east": {"uv": [2, 4, 2.125, 4.125], "rotation": 270, "texture": "#main", "cullface": "west"},
				"south": {"uv": [2, 4, 2.125, 4.125], "rotation": 270, "texture": "#main", "cullface": "west"},
				"west": {"uv": [2, 4, 2.125, 4.125], "rotation": 270, "texture": "#main", "cullface": "west"},
				"up": {"uv": [2, 4, 2.125, 4.125], "rotation": 270, "texture": "#main", "cullface": "west"},
				"down": {"uv": [2, 4, 2.125, 4.125], "rotation": 270, "texture": "#main", "cullface": "west"}
			}
		},
		{
			"name": "Gray*",
			"from": [1.12517, 13.23742, 7.0875],
			"to": [1.57517, 13.51242, 7.5375],
			"rotation": {"angle": -22.5, "axis": "z", "origin": [8.35017, -2.36258, 0]},
			"faces": {
				"north": {"uv": [2, 4, 2.125, 4.125], "rotation": 90, "texture": "#main", "cullface": "west"},
				"east": {"uv": [2, 4, 2.125, 4.125], "rotation": 270, "texture": "#main", "cullface": "west"},
				"south": {"uv": [2, 4, 2.125, 4.125], "rotation": 270, "texture": "#main", "cullface": "west"},
				"west": {"uv": [2, 4, 2.125, 4.125], "rotation": 270, "texture": "#main", "cullface": "west"},
				"up": {"uv": [2, 4, 2.125, 4.125], "rotation": 270, "texture": "#main", "cullface": "west"},
				"down": {"uv": [2, 4, 2.125, 4.125], "rotation": 270, "texture": "#main", "cullface": "west"}
			}
		},
		{
			"name": "Brown*",
			"from": [7, 8.75, 6.5],
			"to": [8, 9.25, 7.5],
			"faces": {
				"north": {"uv": [0, 6, 0.125, 6.125], "texture": "#main", "cullface": "west"},
				"east": {"uv": [0, 6, 0.125, 6.125], "texture": "#main", "cullface": "west"},
				"south": {"uv": [0, 6, 0.125, 6.125], "texture": "#main", "cullface": "west"},
				"west": {"uv": [0, 6, 0.125, 6.125], "texture": "#main", "cullface": "west"},
				"down": {"uv": [0, 6, 0.125, 6.125], "texture": "#main", "cullface": "west"}
			}
		},
		{
			"name": "Brown*",
			"from": [2.35017, -1.11258, 6.5],
			"to": [2.85017, 7.38742, 7.5],
			"rotation": {"angle": -22.5, "axis": "z", "origin": [8.35017, -2.36258, 0]},
			"faces": {
				"north": {"uv": [0, 6, 0.125, 6.125], "rotation": 90, "texture": "#main", "cullface": "west"},
				"east": {"uv": [0, 6, 0.125, 6.125], "rotation": 270, "texture": "#main", "cullface": "west"},
				"south": {"uv": [0, 6, 0.125, 6.125], "rotation": 270, "texture": "#main", "cullface": "west"},
				"up": {"uv": [0, 6, 0.125, 6.125], "rotation": 270, "texture": "#main", "cullface": "west"},
				"down": {"uv": [0, 6, 0.125, 6.125], "rotation": 270, "texture": "#main", "cullface": "west"}
			}
		},
		{
			"name": "Gray*",
			"from": [7.1875, 10, 7.0625],
			"to": [7.6875, 10.5, 7.5625],
			"faces": {
				"north": {"uv": [2, 6, 2.125, 6.125], "texture": "#main"},
				"east": {"uv": [2, 6, 2.125, 6.125], "texture": "#main"},
				"south": {"uv": [2, 6, 2.125, 6.125], "texture": "#main"},
				"west": {"uv": [2, 6, 2.125, 6.125], "texture": "#main"},
				"up": {"uv": [2, 6, 2.125, 6.125], "texture": "#main"},
				"down": {"uv": [2, 6, 2.125, 6.125], "texture": "#main"}
			}
		},
		{
			"name": "Gray*",
			"from": [7.25, 10, 6.5],
			"to": [7.75, 10.5, 7],
			"faces": {
				"north": {"uv": [2, 6, 2.125, 6.125], "texture": "#main"},
				"east": {"uv": [2, 6, 2.125, 6.125], "texture": "#main"},
				"south": {"uv": [2, 6, 2.125, 6.125], "texture": "#main"},
				"west": {"uv": [2, 6, 2.125, 6.125], "texture": "#main"},
				"up": {"uv": [2, 6, 2.125, 6.125], "texture": "#main"},
				"down": {"uv": [2, 6, 2.125, 6.125], "texture": "#main"}
			}
		},
		{
			"name": "Brown*",
			"from": [8, 9.25, 6.25],
			"to": [14.5, 10.25, 7.75],
			"rotation": {"angle": -22.5, "axis": "z", "origin": [8, 10.25, 6.25]},
			"faces": {
				"north": {"uv": [0, 6, 0.125, 6.125], "texture": "#main"},
				"east": {"uv": [0, 6, 0.125, 6.125], "texture": "#main"},
				"south": {"uv": [0, 6, 0.125, 6.125], "texture": "#main"},
				"up": {"uv": [0, 6, 0.125, 6.125], "texture": "#main"},
				"down": {"uv": [0, 6, 0.125, 6.125], "texture": "#main"}
			}
		},
		{
			"name": "Brown*",
			"from": [11, 7.9375, 6.25],
			"to": [16.5, 9.5, 7.75],
			"faces": {
				"north": {"uv": [0, 6, 0.125, 6.125], "texture": "#main", "cullface": "east"},
				"east": {"uv": [0, 6, 0.125, 6.125], "texture": "#main", "cullface": "east"},
				"south": {"uv": [0, 6, 0.125, 6.125], "texture": "#main", "cullface": "east"},
				"west": {"uv": [0, 6, 0.125, 6.125], "texture": "#main", "cullface": "east"},
				"up": {"uv": [0, 6, 0.125, 6.125], "texture": "#main", "cullface": "east"},
				"down": {"uv": [0, 6, 0.125, 6.125], "texture": "#main", "cullface": "east"}
			}
		},
		{
			"name": "Brown*",
			"from": [7.3125, 9.125, 6.5],
			"to": [14.3125, 10.125, 7.5],
			"rotation": {"angle": -22.5, "axis": "z", "origin": [7.3125, 10.125, 6.5]},
			"faces": {
				"north": {"uv": [0, 6, 0.125, 6.125], "texture": "#main"},
				"east": {"uv": [0, 6, 0.125, 6.125], "texture": "#main"},
				"south": {"uv": [0, 6, 0.125, 6.125], "texture": "#main"},
				"west": {"uv": [0, 6, 0.125, 6.125], "texture": "#main"},
				"up": {"uv": [0, 6, 0.125, 6.125], "texture": "#main"},
				"down": {"uv": [0, 6, 0.125, 6.125], "texture": "#main"}
			}
		},
		{
			"name": "Gray*",
			"from": [7.875, 9.875, 7.5625],
			"to": [8.1875, 10.875, 8.0625],
			"rotation": {"angle": -45, "axis": "z", "origin": [7.875, 10.875, 7.5625]},
			"faces": {
				"north": {"uv": [2, 6, 2.125, 6.125], "texture": "#main"},
				"east": {"uv": [2, 6, 2.125, 6.125], "texture": "#main"},
				"south": {"uv": [2, 6, 2.125, 6.125], "texture": "#main"},
				"west": {"uv": [2, 6, 2.125, 6.125], "texture": "#main"},
				"up": {"uv": [2, 6, 2.125, 6.125], "texture": "#main"},
				"down": {"uv": [2, 6, 2.125, 6.125], "texture": "#main"}
			}
		},
		{
			"name": "Gray*",
			"from": [7.9375, 9.9375, 6.0625],
			"to": [8.25, 10.9375, 6.5625],
			"rotation": {"angle": -45, "axis": "z", "origin": [7.9375, 10.9375, 6.0625]},
			"faces": {
				"north": {"uv": [2, 6, 2.125, 6.125], "texture": "#main"},
				"east": {"uv": [2, 6, 2.125, 6.125], "texture": "#main"},
				"south": {"uv": [2, 6, 2.125, 6.125], "texture": "#main"},
				"west": {"uv": [2, 6, 2.125, 6.125], "texture": "#main"},
				"up": {"uv": [2, 6, 2.125, 6.125], "texture": "#main"},
				"down": {"uv": [2, 6, 2.125, 6.125], "texture": "#main"}
			}
		},
		{
			"name": "Brown*",
			"from": [11, 9.5, 6.5],
			"to": [16.5, 10, 7.5],
			"faces": {
				"north": {"uv": [0, 6, 0.125, 6.125], "texture": "#main", "cullface": "east"},
				"east": {"uv": [0, 6, 0.125, 6.125], "texture": "#main", "cullface": "east"},
				"south": {"uv": [0, 6, 0.125, 6.125], "texture": "#main", "cullface": "east"},
				"west": {"uv": [0, 6, 0.125, 6.125], "texture": "#main", "cullface": "east"},
				"up": {"uv": [0, 6, 0.125, 6.125], "texture": "#main", "cullface": "east"}
			}
		},
		{
			"name": "Brown*",
			"from": [15.4375, 7.5, 6.25],
			"to": [16.9375, 9, 7.75],
			"rotation": {"angle": -45, "axis": "z", "origin": [15.4375, 9, 6.25]},
			"faces": {
				"north": {"uv": [0, 6, 0.125, 6.125], "texture": "#main", "cullface": "east"},
				"east": {"uv": [0, 6, 0.125, 6.125], "texture": "#main", "cullface": "east"},
				"south": {"uv": [0, 6, 0.125, 6.125], "texture": "#main", "cullface": "east"},
				"west": {"uv": [0, 6, 0.125, 6.125], "texture": "#main", "cullface": "east"},
				"up": {"uv": [0, 6, 0.125, 6.125], "texture": "#main", "cullface": "east"},
				"down": {"uv": [0, 6, 0.125, 6.125], "texture": "#main", "cullface": "east"}
			}
		},
		{
			"name": "Brown*",
			"from": [11, 8.375, 6.25],
			"to": [12, 9.375, 7.75],
			"rotation": {"angle": -45, "axis": "z", "origin": [11, 9.375, 6.25]},
			"faces": {
				"north": {"uv": [0, 6, 0.125, 6.125], "texture": "#main"},
				"east": {"uv": [0, 6, 0.125, 6.125], "texture": "#main"},
				"south": {"uv": [0, 6, 0.125, 6.125], "texture": "#main"},
				"west": {"uv": [0, 6, 0.125, 6.125], "texture": "#main"},
				"up": {"uv": [0, 6, 0.125, 6.125], "texture": "#main"},
				"down": {"uv": [0, 6, 0.125, 6.125], "texture": "#main"}
			}
		},
		{
			"name": "Gray*",
			"from": [8, 10, 6.8125],
			"to": [10, 10.5, 7.3125],
			"rotation": {"angle": -22.5, "axis": "z", "origin": [8, 10.5, 6.8125]},
			"faces": {
				"north": {"uv": [2, 6, 2.125, 6.125], "texture": "#main"},
				"east": {"uv": [2, 6, 2.125, 6.125], "texture": "#main"},
				"south": {"uv": [2, 6, 2.125, 6.125], "texture": "#main"},
				"west": {"uv": [2, 6, 2.125, 6.125], "texture": "#main"},
				"up": {"uv": [2, 6, 2.125, 6.125], "texture": "#main"},
				"down": {"uv": [2, 6, 2.125, 6.125], "texture": "#main"}
			}
		},
		{
			"name": "Gray*",
			"from": [7.5, 7.5, 6.8125],
			"to": [9, 8, 7.3125],
			"faces": {
				"north": {"uv": [2, 6, 2.125, 6.125], "texture": "#main"},
				"south": {"uv": [2, 6, 2.125, 6.125], "texture": "#main"},
				"up": {"uv": [2, 6, 2.125, 6.125], "texture": "#main"},
				"down": {"uv": [2, 6, 2.125, 6.125], "texture": "#main"}
			}
		},
		{
			"name": "Gray*",
			"from": [7, 7.5, 6.8125],
			"to": [7.5, 9, 7.3125],
			"faces": {
				"north": {"uv": [2, 6, 2.125, 6.125], "texture": "#main"},
				"east": {"uv": [2, 6, 2.125, 6.125], "texture": "#main"},
				"south": {"uv": [2, 6, 2.125, 6.125], "texture": "#main"},
				"west": {"uv": [2, 6, 2.125, 6.125], "texture": "#main"},
				"up": {"uv": [2, 6, 2.125, 6.125], "texture": "#main"},
				"down": {"uv": [2, 6, 2.125, 6.125], "texture": "#main"}
			}
		},
		{
			"name": "Gray*",
			"from": [9, 7.5, 6.8125],
			"to": [9.5, 9, 7.3125],
			"faces": {
				"north": {"uv": [2, 6, 2.125, 6.125], "texture": "#main"},
				"east": {"uv": [2, 6, 2.125, 6.125], "texture": "#main"},
				"south": {"uv": [2, 6, 2.125, 6.125], "texture": "#main"},
				"west": {"uv": [2, 6, 2.125, 6.125], "texture": "#main"},
				"up": {"uv": [2, 6, 2.125, 6.125], "texture": "#main"},
				"down": {"uv": [2, 6, 2.125, 6.125], "texture": "#main"}
			}
		},
		{
			"name": "Gray*",
			"from": [8.375, 8.25, 6.8125],
			"to": [8.875, 9.75, 7.3125],
			"rotation": {"angle": -22.5, "axis": "z", "origin": [8.375, 9.75, 6.8125]},
			"faces": {
				"north": {"uv": [2, 6, 2.125, 6.125], "texture": "#main"},
				"east": {"uv": [2, 6, 2.125, 6.125], "texture": "#main"},
				"south": {"uv": [2, 6, 2.125, 6.125], "texture": "#main"},
				"west": {"uv": [2, 6, 2.125, 6.125], "texture": "#main"},
				"up": {"uv": [2, 6, 2.125, 6.125], "texture": "#main"},
				"down": {"uv": [2, 6, 2.125, 6.125], "texture": "#main"}
			}
		},
		{
			"name": "Gray",
			"from": [1.10017, -9.11258, 6.4375],
			"to": [1.60017, 7.41242, 6.9375],
			"rotation": {"angle": -22.5, "axis": "z", "origin": [8.35017, -2.36258, 0]},
			"faces": {
				"north": {"uv": [6, 6, 6.125, 6.125], "rotation": 90, "texture": "#main", "cullface": "west"},
				"east": {"uv": [6, 6, 6.125, 6.125], "rotation": 270, "texture": "#main", "cullface": "west"},
				"south": {"uv": [6, 6, 6.125, 6.125], "rotation": 270, "texture": "#main", "cullface": "west"},
				"west": {"uv": [6, 6, 6.125, 6.125], "rotation": 270, "texture": "#main", "cullface": "west"},
				"up": {"uv": [6, 6, 6.125, 6.125], "rotation": 270, "texture": "#main", "cullface": "west"},
				"down": {"uv": [6, 6, 6.125, 6.125], "rotation": 270, "texture": "#main", "cullface": "west"}
			}
		},
		{
			"name": "Brown",
			"from": [7, 9.25, 6.25],
			"to": [8, 10.25, 7.75],
			"faces": {
				"north": {"uv": [4, 6, 4.125, 6.125], "texture": "#main", "cullface": "west"},
				"south": {"uv": [4, 6, 4.125, 6.125], "texture": "#main", "cullface": "west"},
				"west": {"uv": [4, 6, 4.125, 6.125], "texture": "#main", "cullface": "west"},
				"up": {"uv": [4, 6, 4.125, 6.125], "texture": "#main", "cullface": "west"},
				"down": {"uv": [4, 6, 4.125, 6.125], "texture": "#main", "cullface": "west"}
			}
		},
		{
			"name": "Brown",
			"from": [1.35017, -2.61258, 6.25],
			"to": [2.35017, 7.38742, 7.75],
			"rotation": {"angle": -22.5, "axis": "z", "origin": [8.35017, -2.36258, 0]},
			"faces": {
				"north": {"uv": [4, 6, 4.125, 6.125], "rotation": 90, "texture": "#main", "cullface": "west"},
				"east": {"uv": [4, 6, 4.125, 6.125], "rotation": 270, "texture": "#main", "cullface": "west"},
				"south": {"uv": [4, 6, 4.125, 6.125], "rotation": 270, "texture": "#main", "cullface": "west"},
				"west": {"uv": [4, 6, 4.125, 6.125], "rotation": 270, "texture": "#main", "cullface": "west"},
				"up": {"uv": [4, 6, 4.125, 6.125], "rotation": 270, "texture": "#main", "cullface": "west"},
				"down": {"uv": [4, 6, 4.125, 6.125], "rotation": 270, "texture": "#main", "cullface": "west"}
			}
		},
		{
			"name": "Gray*",
			"from": [1.10017, -9.11258, 7.0625],
			"to": [1.60017, 7.41242, 7.5625],
			"rotation": {"angle": -22.5, "axis": "z", "origin": [8.35017, -2.36258, 0]},
			"faces": {
				"north": {"uv": [6, 6, 6.125, 6.125], "rotation": 90, "texture": "#main", "cullface": "west"},
				"east": {"uv": [6, 6, 6.125, 6.125], "rotation": 270, "texture": "#main", "cullface": "west"},
				"south": {"uv": [6, 6, 6.125, 6.125], "rotation": 270, "texture": "#main", "cullface": "west"},
				"west": {"uv": [6, 6, 6.125, 6.125], "rotation": 270, "texture": "#main", "cullface": "west"},
				"up": {"uv": [6, 6, 6.125, 6.125], "rotation": 270, "texture": "#main", "cullface": "west"},
				"down": {"uv": [6, 6, 6.125, 6.125], "rotation": 270, "texture": "#main", "cullface": "west"}
			}
		},
		{
			"name": "Gray*",
			"from": [1.12517, 14.98742, 7.0875],
			"to": [1.57517, 16.23742, 7.5375],
			"rotation": {"angle": -22.5, "axis": "z", "origin": [8.35017, -2.36258, 0]},
			"faces": {
				"north": {"uv": [4, 4, 4.125, 4.125], "rotation": 90, "texture": "#main", "cullface": "west"},
				"east": {"uv": [4, 4, 4.125, 4.125], "rotation": 270, "texture": "#main", "cullface": "west"},
				"south": {"uv": [4, 4, 4.125, 4.125], "rotation": 270, "texture": "#main", "cullface": "west"},
				"west": {"uv": [4, 4, 4.125, 4.125], "rotation": 270, "texture": "#main", "cullface": "west"},
				"up": {"uv": [4, 4, 4.125, 4.125], "rotation": 270, "texture": "#main", "cullface": "west"},
				"down": {"uv": [4, 4, 4.125, 4.125], "rotation": 270, "texture": "#main", "cullface": "west"}
			}
		},
		{
			"name": "Gray",
			"from": [1.12517, 14.98742, 6.4625],
			"to": [1.57517, 16.23742, 6.9125],
			"rotation": {"angle": -22.5, "axis": "z", "origin": [8.35017, -2.36258, 0]},
			"faces": {
				"north": {"uv": [4, 4, 4.125, 4.125], "rotation": 90, "texture": "#main", "cullface": "west"},
				"east": {"uv": [4, 4, 4.125, 4.125], "rotation": 270, "texture": "#main", "cullface": "west"},
				"south": {"uv": [4, 4, 4.125, 4.125], "rotation": 270, "texture": "#main", "cullface": "west"},
				"west": {"uv": [4, 4, 4.125, 4.125], "rotation": 270, "texture": "#main", "cullface": "west"},
				"up": {"uv": [4, 4, 4.125, 4.125], "rotation": 270, "texture": "#main", "cullface": "west"},
				"down": {"uv": [4, 4, 4.125, 4.125], "rotation": 270, "texture": "#main", "cullface": "west"}
			}
		},
		{
			"name": "Gray",
			"from": [1.12517, 16.23742, 6.4625],
			"to": [1.57517, 16.51242, 6.9125],
			"rotation": {"angle": -22.5, "axis": "z", "origin": [8.35017, -2.36258, 0]},
			"faces": {
				"north": {"uv": [6, 4, 6.125, 4.125], "rotation": 90, "texture": "#main", "cullface": "west"},
				"east": {"uv": [6, 4, 6.125, 4.125], "rotation": 270, "texture": "#main", "cullface": "west"},
				"south": {"uv": [6, 4, 6.125, 4.125], "rotation": 270, "texture": "#main", "cullface": "west"},
				"west": {"uv": [6, 4, 6.125, 4.125], "rotation": 270, "texture": "#main", "cullface": "west"},
				"up": {"uv": [6, 4, 6.125, 4.125], "rotation": 270, "texture": "#main", "cullface": "west"},
				"down": {"uv": [6, 4, 6.125, 4.125], "rotation": 270, "texture": "#main", "cullface": "west"}
			}
		},
		{
			"name": "Gray*",
			"from": [1.12517, 16.23742, 7.0875],
			"to": [1.57517, 16.51242, 7.5375],
			"rotation": {"angle": -22.5, "axis": "z", "origin": [8.35017, -2.36258, 0]},
			"faces": {
				"north": {"uv": [6, 4, 6.125, 4.125], "rotation": 90, "texture": "#main", "cullface": "west"},
				"east": {"uv": [6, 4, 6.125, 4.125], "rotation": 270, "texture": "#main", "cullface": "west"},
				"south": {"uv": [6, 4, 6.125, 4.125], "rotation": 270, "texture": "#main", "cullface": "west"},
				"west": {"uv": [6, 4, 6.125, 4.125], "rotation": 270, "texture": "#main", "cullface": "west"},
				"up": {"uv": [6, 4, 6.125, 4.125], "rotation": 270, "texture": "#main", "cullface": "west"},
				"down": {"uv": [6, 4, 6.125, 4.125], "rotation": 270, "texture": "#main", "cullface": "west"}
			}
		},
		{
			"name": "Brown*",
			"from": [7, 8.75, 6.5],
			"to": [8, 9.25, 7.5],
			"faces": {
				"north": {"uv": [4, 6, 4.125, 6.125], "texture": "#main", "cullface": "west"},
				"east": {"uv": [4, 6, 4.125, 6.125], "texture": "#main", "cullface": "west"},
				"south": {"uv": [4, 6, 4.125, 6.125], "texture": "#main", "cullface": "west"},
				"west": {"uv": [4, 6, 4.125, 6.125], "texture": "#main", "cullface": "west"},
				"down": {"uv": [4, 6, 4.125, 6.125], "texture": "#main", "cullface": "west"}
			}
		},
		{
			"name": "Brown*",
			"from": [2.35017, -1.11258, 6.5],
			"to": [2.85017, 7.38742, 7.5],
			"rotation": {"angle": -22.5, "axis": "z", "origin": [8.35017, -2.36258, 0]},
			"faces": {
				"north": {"uv": [4, 6, 4.125, 6.125], "rotation": 90, "texture": "#main", "cullface": "west"},
				"east": {"uv": [4, 6, 4.125, 6.125], "rotation": 270, "texture": "#main", "cullface": "west"},
				"south": {"uv": [4, 6, 4.125, 6.125], "rotation": 270, "texture": "#main", "cullface": "west"},
				"up": {"uv": [4, 6, 4.125, 6.125], "rotation": 270, "texture": "#main", "cullface": "west"},
				"down": {"uv": [4, 6, 4.125, 6.125], "rotation": 270, "texture": "#main", "cullface": "west"}
			}
		},
		{
			"name": "Gray*",
			"from": [7.1875, 10, 7.0625],
			"to": [7.6875, 10.5, 7.5625],
			"faces": {
				"north": {"uv": [6, 6, 6.125, 6.125], "texture": "#main"},
				"east": {"uv": [6, 6, 6.125, 6.125], "texture": "#main"},
				"south": {"uv": [6, 6, 6.125, 6.125], "texture": "#main"},
				"west": {"uv": [6, 6, 6.125, 6.125], "texture": "#main"},
				"up": {"uv": [6, 6, 6.125, 6.125], "texture": "#main"},
				"down": {"uv": [6, 6, 6.125, 6.125], "texture": "#main"}
			}
		},
		{
			"name": "Gray*",
			"from": [7.25, 10, 6.5],
			"to": [7.75, 10.5, 7],
			"faces": {
				"north": {"uv": [6, 6, 6.125, 6.125], "texture": "#main"},
				"east": {"uv": [6, 6, 6.125, 6.125], "texture": "#main"},
				"south": {"uv": [6, 6, 6.125, 6.125], "texture": "#main"},
				"west": {"uv": [6, 6, 6.125, 6.125], "texture": "#main"},
				"up": {"uv": [6, 6, 6.125, 6.125], "texture": "#main"},
				"down": {"uv": [6, 6, 6.125, 6.125], "texture": "#main"}
			}
		},
		{
			"name": "Brown*",
			"from": [8, 9.25, 6.25],
			"to": [14.5, 10.25, 7.75],
			"rotation": {"angle": -22.5, "axis": "z", "origin": [8, 10.25, 6.25]},
			"faces": {
				"north": {"uv": [4, 6, 4.125, 6.125], "texture": "#main"},
				"east": {"uv": [4, 6, 4.125, 6.125], "texture": "#main"},
				"south": {"uv": [4, 6, 4.125, 6.125], "texture": "#main"},
				"up": {"uv": [4, 6, 4.125, 6.125], "texture": "#main"},
				"down": {"uv": [4, 6, 4.125, 6.125], "texture": "#main"}
			}
		},
		{
			"name": "Brown*",
			"from": [11, 7.9375, 6.25],
			"to": [16.5, 9.5, 7.75],
			"faces": {
				"north": {"uv": [4, 6, 4.125, 6.125], "texture": "#main", "cullface": "east"},
				"east": {"uv": [4, 6, 4.125, 6.125], "texture": "#main", "cullface": "east"},
				"south": {"uv": [4, 6, 4.125, 6.125], "texture": "#main", "cullface": "east"},
				"west": {"uv": [4, 6, 4.125, 6.125], "texture": "#main", "cullface": "east"},
				"up": {"uv": [4, 6, 4.125, 6.125], "texture": "#main", "cullface": "east"},
				"down": {"uv": [4, 6, 4.125, 6.125], "texture": "#main", "cullface": "east"}
			}
		},
		{
			"name": "Brown*",
			"from": [7.3125, 9.125, 6.5],
			"to": [14.3125, 10.125, 7.5],
			"rotation": {"angle": -22.5, "axis": "z", "origin": [7.3125, 10.125, 6.5]},
			"faces": {
				"north": {"uv": [4, 6, 4.125, 6.125], "texture": "#main"},
				"east": {"uv": [4, 6, 4.125, 6.125], "texture": "#main"},
				"south": {"uv": [4, 6, 4.125, 6.125], "texture": "#main"},
				"west": {"uv": [4, 6, 4.125, 6.125], "texture": "#main"},
				"up": {"uv": [4, 6, 4.125, 6.125], "texture": "#main"},
				"down": {"uv": [4, 6, 4.125, 6.125], "texture": "#main"}
			}
		},
		{
			"name": "Gray*",
			"from": [7.875, 9.875, 7.5625],
			"to": [8.1875, 10.875, 8.0625],
			"rotation": {"angle": -45, "axis": "z", "origin": [7.875, 10.875, 7.5625]},
			"faces": {
				"north": {"uv": [6, 6, 6.125, 6.125], "texture": "#main"},
				"east": {"uv": [6, 6, 6.125, 6.125], "texture": "#main"},
				"south": {"uv": [6, 6, 6.125, 6.125], "texture": "#main"},
				"west": {"uv": [6, 6, 6.125, 6.125], "texture": "#main"},
				"up": {"uv": [6, 6, 6.125, 6.125], "texture": "#main"},
				"down": {"uv": [6, 6, 6.125, 6.125], "texture": "#main"}
			}
		},
		{
			"name": "Gray*",
			"from": [7.9375, 9.9375, 6.0625],
			"to": [8.25, 10.9375, 6.5625],
			"rotation": {"angle": -45, "axis": "z", "origin": [7.9375, 10.9375, 6.0625]},
			"faces": {
				"north": {"uv": [6, 6, 6.125, 6.125], "texture": "#main"},
				"east": {"uv": [6, 6, 6.125, 6.125], "texture": "#main"},
				"south": {"uv": [6, 6, 6.125, 6.125], "texture": "#main"},
				"west": {"uv": [6, 6, 6.125, 6.125], "texture": "#main"},
				"up": {"uv": [6, 6, 6.125, 6.125], "texture": "#main"},
				"down": {"uv": [6, 6, 6.125, 6.125], "texture": "#main"}
			}
		},
		{
			"name": "Brown*",
			"from": [11, 9.5, 6.5],
			"to": [16.5, 10, 7.5],
			"faces": {
				"north": {"uv": [4, 6, 4.125, 6.125], "texture": "#main", "cullface": "east"},
				"east": {"uv": [4, 6, 4.125, 6.125], "texture": "#main", "cullface": "east"},
				"south": {"uv": [4, 6, 4.125, 6.125], "texture": "#main", "cullface": "east"},
				"west": {"uv": [4, 6, 4.125, 6.125], "texture": "#main", "cullface": "east"},
				"up": {"uv": [4, 6, 4.125, 6.125], "texture": "#main", "cullface": "east"}
			}
		},
		{
			"name": "Brown*",
			"from": [15.4375, 7.5, 6.25],
			"to": [16.9375, 9, 7.75],
			"rotation": {"angle": -45, "axis": "z", "origin": [15.4375, 9, 6.25]},
			"faces": {
				"north": {"uv": [4, 6, 4.125, 6.125], "texture": "#main", "cullface": "east"},
				"east": {"uv": [4, 6, 4.125, 6.125], "texture": "#main", "cullface": "east"},
				"south": {"uv": [4, 6, 4.125, 6.125], "texture": "#main", "cullface": "east"},
				"west": {"uv": [4, 6, 4.125, 6.125], "texture": "#main", "cullface": "east"},
				"up": {"uv": [4, 6, 4.125, 6.125], "texture": "#main", "cullface": "east"},
				"down": {"uv": [4, 6, 4.125, 6.125], "texture": "#main", "cullface": "east"}
			}
		},
		{
			"name": "Brown*",
			"from": [11, 8.375, 6.25],
			"to": [12, 9.375, 7.75],
			"rotation": {"angle": -45, "axis": "z", "origin": [11, 9.375, 6.25]},
			"faces": {
				"north": {"uv": [4, 6, 4.125, 6.125], "texture": "#main"},
				"east": {"uv": [4, 6, 4.125, 6.125], "texture": "#main"},
				"south": {"uv": [4, 6, 4.125, 6.125], "texture": "#main"},
				"west": {"uv": [4, 6, 4.125, 6.125], "texture": "#main"},
				"up": {"uv": [4, 6, 4.125, 6.125], "texture": "#main"},
				"down": {"uv": [4, 6, 4.125, 6.125], "texture": "#main"}
			}
		},
		{
			"name": "Gray*",
			"from": [8, 10, 6.8125],
			"to": [10, 10.5, 7.3125],
			"rotation": {"angle": -22.5, "axis": "z", "origin": [8, 10.5, 6.8125]},
			"faces": {
				"north": {"uv": [6, 6, 6.125, 6.125], "texture": "#main"},
				"east": {"uv": [6, 6, 6.125, 6.125], "texture": "#main"},
				"south": {"uv": [6, 6, 6.125, 6.125], "texture": "#main"},
				"west": {"uv": [6, 6, 6.125, 6.125], "texture": "#main"},
				"up": {"uv": [6, 6, 6.125, 6.125], "texture": "#main"},
				"down": {"uv": [6, 6, 6.125, 6.125], "texture": "#main"}
			}
		},
		{
			"name": "Gray*",
			"from": [7.5, 7.5, 6.8125],
			"to": [9, 8, 7.3125],
			"faces": {
				"north": {"uv": [6, 6, 6.125, 6.125], "texture": "#main"},
				"south": {"uv": [6, 6, 6.125, 6.125], "texture": "#main"},
				"up": {"uv": [6, 6, 6.125, 6.125], "texture": "#main"},
				"down": {"uv": [6, 6, 6.125, 6.125], "texture": "#main"}
			}
		},
		{
			"name": "Gray*",
			"from": [7, 7.5, 6.8125],
			"to": [7.5, 9, 7.3125],
			"faces": {
				"north": {"uv": [6, 6, 6.125, 6.125], "texture": "#main"},
				"east": {"uv": [6, 6, 6.125, 6.125], "texture": "#main"},
				"south": {"uv": [6, 6, 6.125, 6.125], "texture": "#main"},
				"west": {"uv": [6, 6, 6.125, 6.125], "texture": "#main"},
				"up": {"uv": [6, 6, 6.125, 6.125], "texture": "#main"},
				"down": {"uv": [6, 6, 6.125, 6.125], "texture": "#main"}
			}
		},
		{
			"name": "Gray*",
			"from": [9, 7.5, 6.8125],
			"to": [9.5, 9, 7.3125],
			"faces": {
				"north": {"uv": [6, 6, 6.125, 6.125], "texture": "#main"},
				"east": {"uv": [6, 6, 6.125, 6.125], "texture": "#main"},
				"south": {"uv": [6, 6, 6.125, 6.125], "texture": "#main"},
				"west": {"uv": [6, 6, 6.125, 6.125], "texture": "#main"},
				"up": {"uv": [6, 6, 6.125, 6.125], "texture": "#main"},
				"down": {"uv": [6, 6, 6.125, 6.125], "texture": "#main"}
			}
		},
		{
			"name": "Gray*",
			"from": [8.375, 8.25, 6.8125],
			"to": [8.875, 9.75, 7.3125],
			"rotation": {"angle": -22.5, "axis": "z", "origin": [8.375, 9.75, 6.8125]},
			"faces": {
				"north": {"uv": [6, 6, 6.125, 6.125], "texture": "#main"},
				"east": {"uv": [6, 6, 6.125, 6.125], "texture": "#main"},
				"south": {"uv": [6, 6, 6.125, 6.125], "texture": "#main"},
				"west": {"uv": [6, 6, 6.125, 6.125], "texture": "#main"},
				"up": {"uv": [6, 6, 6.125, 6.125], "texture": "#main"},
				"down": {"uv": [6, 6, 6.125, 6.125], "texture": "#main"}
			}
		}
	],
	"display": {
		"thirdperson_righthand": {
			"rotation": [0, -48, 0],
			"translation": [-1.32, -0.38, 0.19],
			"scale": [0.7, 0.7, 0.7]
		},
		"thirdperson_lefthand": {
			"rotation": [0, 148, 0],
			"translation": [-1.32, -0.38, 0.19],
			"scale": [0.7, 0.7, 0.7]
		},
		"firstperson_righthand": {
			"rotation": [32.5, -59.75, 0],
			"translation": [-1.75, 0.94, 0]
		},
		"firstperson_lefthand": {
			"rotation": [0, 94, 0],
			"translation": [0, 0.94, 0]
		},
		"ground": {
			"translation": [0, 3.21, 0],
			"scale": [0.6, 0.6, 0.6]
		},
		"gui": {
			"rotation": [30, 45, 0],
			"translation": [1.7, 0.38, 0],
			"scale": [0.62, 0.62, 0.62]
		},
		"head": {
			"rotation": [0, 0, 45],
			"translation": [4.54, -12.66, 5.29]
		},
		"fixed": {
			"translation": [3.02, -0.38, 0],
			"scale": [0.7, 0.7, 0.7]
		}
	}
}