{
	"credit": "Made with Blockbench",
	"textures": {
		"voxels_atlas": "items/rpg_rocket"
	},
	"elements": [
		{
			"name": "Voxels",
			"from": [6.7826, 7.6522, 1.2174],
			"to": [25.91304, 8.34785, 1.73914],
			"faces": {
				"north": {"uv": [6.875, 15.75, 0, 16], "texture": "#voxels_atlas"},
				"east": {"uv": [1.25, 8.75, 1.0625, 9], "texture": "#voxels_atlas"},
				"south": {"uv": [0, 15.5, 6.875, 15.75], "texture": "#voxels_atlas"},
				"west": {"uv": [0.875, 10.6875, 1.0625, 10.9375], "texture": "#voxels_atlas"},
				"up": {"uv": [0, 15.3125, 6.875, 15.125], "texture": "#voxels_atlas"},
				"down": {"uv": [0, 15.3125, 6.875, 15.5], "texture": "#voxels_atlas"}
			}
		},
		{
			"name": "Voxels",
			"from": [14.9565, 6.6087, 1.3913],
			"to": [15.13041, 7.65218, 1.56521],
			"faces": {
				"north": {"uv": [2, 8.1875, 1.9375, 8.5625], "texture": "#voxels_atlas"},
				"east": {"uv": [1.8125, 8.1875, 1.75, 8.5625], "texture": "#voxels_atlas"},
				"south": {"uv": [1.875, 8.1875, 1.9375, 8.5625], "texture": "#voxels_atlas"},
				"west": {"uv": [1.8125, 8.1875, 1.875, 8.5625], "texture": "#voxels_atlas"},
				"up": {"uv": [2.25, 8.75, 2.3125, 8.6875], "texture": "#voxels_atlas"},
				"down": {"uv": [2.1875, 8.6875, 2.25, 8.75], "texture": "#voxels_atlas"}
			}
		},
		{
			"name": "Voxels",
			"from": [14.9565, 6.7826, 1.2174],
			"to": [15.13041, 7.65217, 1.39131],
			"faces": {
				"north": {"uv": [6.5625, 8.5, 6.5, 8.8125], "texture": "#voxels_atlas"},
				"east": {"uv": [6.375, 8.5, 6.3125, 8.8125], "texture": "#voxels_atlas"},
				"south": {"uv": [6.4375, 8.5, 6.5, 8.8125], "texture": "#voxels_atlas"},
				"west": {"uv": [6.375, 8.5, 6.4375, 8.8125], "texture": "#voxels_atlas"},
				"up": {"uv": [2.25, 8.6875, 2.3125, 8.625], "texture": "#voxels_atlas"},
				"down": {"uv": [2.1875, 8.625, 2.25, 8.6875], "texture": "#voxels_atlas"}
			}
		},
		{
			"name": "Voxels",
			"from": [14.9565, 6.7826, 1.5652],
			"to": [15.13041, 7.65217, 1.73911],
			"faces": {
				"north": {"uv": [6.3125, 8.1875, 6.25, 8.5], "texture": "#voxels_atlas"},
				"east": {"uv": [6.25, 8.5, 6.1875, 8.8125], "texture": "#voxels_atlas"},
				"south": {"uv": [6.25, 8.5, 6.3125, 8.8125], "texture": "#voxels_atlas"},
				"west": {"uv": [6.1875, 8.1875, 6.25, 8.5], "texture": "#voxels_atlas"},
				"up": {"uv": [6.8125, 10.5625, 6.875, 10.5], "texture": "#voxels_atlas"},
				"down": {"uv": [6.75, 10.5, 6.8125, 10.5625], "texture": "#voxels_atlas"}
			}
		},
		{
			"name": "Voxels",
			"from": [14.9565, 7.4783, 1.0435],
			"to": [24.17389, 8.52178, 1.21741],
			"faces": {
				"north": {"uv": [3.3125, 14.75, 0, 15.125], "texture": "#voxels_atlas"},
				"east": {"uv": [1.6875, 8, 1.625, 8.375], "texture": "#voxels_atlas"},
				"south": {"uv": [3.3125, 14.75, 6.625, 15.125], "texture": "#voxels_atlas"},
				"west": {"uv": [1.6875, 8.1875, 1.75, 8.5625], "texture": "#voxels_atlas"},
				"up": {"uv": [1.0625, 11.875, 4.375, 11.8125], "texture": "#voxels_atlas"},
				"down": {"uv": [1.0625, 12.125, 4.375, 12.1875], "texture": "#voxels_atlas"}
			}
		},
		{
			"name": "Voxels",
			"from": [14.9565, 7.4783, 1.7391],
			"to": [23.99998, 8.52178, 1.91301],
			"faces": {
				"north": {"uv": [3.25, 14.375, 0, 14.75], "texture": "#voxels_atlas"},
				"east": {"uv": [6.875, 14.375, 6.8125, 14.75], "texture": "#voxels_atlas"},
				"south": {"uv": [3.25, 14.375, 6.5, 14.75], "texture": "#voxels_atlas"},
				"west": {"uv": [1.5625, 8, 1.625, 8.375], "texture": "#voxels_atlas"},
				"up": {"uv": [1.0625, 11.75, 4.3125, 11.6875], "texture": "#voxels_atlas"},
				"down": {"uv": [1.0625, 11.75, 4.3125, 11.8125], "texture": "#voxels_atlas"}
			}
		},
		{
			"name": "Voxels",
			"from": [14.9565, 7.6522, 0.5217],
			"to": [15.30433, 8.34785, 1.04344],
			"faces": {
				"north": {"uv": [1.375, 8.3125, 1.25, 8.5625], "texture": "#voxels_atlas"},
				"east": {"uv": [1.25, 8.25, 1.0625, 8.5], "texture": "#voxels_atlas"},
				"south": {"uv": [0.9375, 11.3125, 1.0625, 11.5625], "texture": "#voxels_atlas"},
				"west": {"uv": [1.0625, 8.5, 1.25, 8.75], "texture": "#voxels_atlas"},
				"up": {"uv": [1.4375, 8.1875, 1.5625, 8], "texture": "#voxels_atlas"},
				"down": {"uv": [1.5625, 8.375, 1.6875, 8.5625], "texture": "#voxels_atlas"}
			}
		},
		{
			"name": "Voxels",
			"from": [14.9565, 7.6522, 1.913],
			"to": [15.47824, 8.34785, 2.08691],
			"faces": {
				"north": {"uv": [1.25, 8, 1.0625, 8.25], "texture": "#voxels_atlas"},
				"east": {"uv": [6.4375, 8.25, 6.375, 8.5], "texture": "#voxels_atlas"},
				"south": {"uv": [1.25, 8.75, 1.4375, 9], "texture": "#voxels_atlas"},
				"west": {"uv": [6.3125, 8, 6.375, 8.25], "texture": "#voxels_atlas"},
				"up": {"uv": [6.6875, 12, 6.875, 11.9375], "texture": "#voxels_atlas"},
				"down": {"uv": [6.6875, 12, 6.875, 12.0625], "texture": "#voxels_atlas"}
			}
		},
		{
			"name": "Voxels",
			"from": [14.9565, 7.6522, 2.087],
			"to": [15.30433, 8.34785, 2.26091],
			"faces": {
				"north": {"uv": [1.0625, 11.5625, 0.9375, 11.8125], "texture": "#voxels_atlas"},
				"east": {"uv": [6.5625, 8.25, 6.5, 8.5], "texture": "#voxels_atlas"},
				"south": {"uv": [6.75, 14.125, 6.875, 14.375], "texture": "#voxels_atlas"},
				"west": {"uv": [6.4375, 8, 6.5, 8.25], "texture": "#voxels_atlas"},
				"up": {"uv": [6.75, 12.125, 6.875, 12.0625], "texture": "#voxels_atlas"},
				"down": {"uv": [6.75, 12.125, 6.875, 12.1875], "texture": "#voxels_atlas"}
			}
		},
		{
			"name": "Voxels",
			"from": [14.9565, 7.8261, 0.1739],
			"to": [15.13041, 8.17393, 0.52173],
			"faces": {
				"north": {"uv": [7.75, 10.625, 7.6875, 10.75], "texture": "#voxels_atlas"},
				"east": {"uv": [6.8125, 12.6875, 6.6875, 12.8125], "texture": "#voxels_atlas"},
				"south": {"uv": [7.75, 10.75, 7.8125, 10.875], "texture": "#voxels_atlas"},
				"west": {"uv": [0.9375, 10.9375, 1.0625, 11.0625], "texture": "#voxels_atlas"},
				"up": {"uv": [7.6875, 10.875, 7.75, 10.75], "texture": "#voxels_atlas"},
				"down": {"uv": [6.8125, 12.4375, 6.875, 12.5625], "texture": "#voxels_atlas"}
			}
		},
		{
			"name": "Voxels",
			"from": [14.9565, 7.8261, 2.2609],
			"to": [15.30433, 8.17393, 2.43481],
			"faces": {
				"north": {"uv": [2.1875, 8.875, 2.0625, 9], "texture": "#voxels_atlas"},
				"east": {"uv": [7.8125, 10.625, 7.75, 10.75], "texture": "#voxels_atlas"},
				"south": {"uv": [2.1875, 8.875, 2.3125, 9], "texture": "#voxels_atlas"},
				"west": {"uv": [8, 10.5, 8.0625, 10.625], "texture": "#voxels_atlas"},
				"up": {"uv": [2.1875, 10.875, 2.3125, 10.8125], "texture": "#voxels_atlas"},
				"down": {"uv": [6.75, 11.375, 6.875, 11.4375], "texture": "#voxels_atlas"}
			}
		},
		{
			"name": "Voxels",
			"from": [14.9565, 7.8261, 2.4348],
			"to": [15.13041, 8.17393, 2.60871],
			"faces": {
				"north": {"uv": [7.9375, 10.75, 7.875, 10.875], "texture": "#voxels_atlas"},
				"east": {"uv": [8, 10.625, 7.9375, 10.75], "texture": "#voxels_atlas"},
				"south": {"uv": [7.875, 10.625, 7.9375, 10.75], "texture": "#voxels_atlas"},
				"west": {"uv": [7.9375, 10.75, 8, 10.875], "texture": "#voxels_atlas"},
				"up": {"uv": [4.25, 9.5, 4.3125, 9.4375], "texture": "#voxels_atlas"},
				"down": {"uv": [4.25, 9.5, 4.3125, 9.5625], "texture": "#voxels_atlas"}
			}
		},
		{
			"name": "Voxels",
			"from": [14.9565, 8.3478, 1.2174],
			"to": [25.21737, 8.52171, 1.56523],
			"faces": {
				"north": {"uv": [6.75, 12.375, 3.0625, 12.4375], "texture": "#voxels_atlas"},
				"east": {"uv": [2.3125, 10.6875, 2.1875, 10.75], "texture": "#voxels_atlas"},
				"south": {"uv": [3.0625, 12.3125, 6.75, 12.375], "texture": "#voxels_atlas"},
				"west": {"uv": [2.1875, 10.75, 2.3125, 10.8125], "texture": "#voxels_atlas"},
				"up": {"uv": [0, 13.8125, 3.6875, 13.6875], "texture": "#voxels_atlas"},
				"down": {"uv": [0, 13.8125, 3.6875, 13.9375], "texture": "#voxels_atlas"}
			}
		},
		{
			"name": "Voxels",
			"from": [14.9565, 8.3478, 1.5652],
			"to": [24.17389, 8.52171, 1.73911],
			"faces": {
				"north": {"uv": [4.375, 11.9375, 1.0625, 12], "texture": "#voxels_atlas"},
				"east": {"uv": [4.3125, 9.1875, 4.25, 9.25], "texture": "#voxels_atlas"},
				"south": {"uv": [1.0625, 11.875, 4.375, 11.9375], "texture": "#voxels_atlas"},
				"west": {"uv": [4.25, 9.25, 4.3125, 9.3125], "texture": "#voxels_atlas"},
				"up": {"uv": [1.0625, 12.0625, 4.375, 12], "texture": "#voxels_atlas"},
				"down": {"uv": [1.0625, 12.0625, 4.375, 12.125], "texture": "#voxels_atlas"}
			}
		},
		{
			"name": "Voxels",
			"from": [14.9565, 8.5217, 1.2174],
			"to": [23.65215, 8.69561, 1.73914],
			"faces": {
				"north": {"uv": [4.1875, 11.625, 1.0625, 11.6875], "texture": "#voxels_atlas"},
				"east": {"uv": [6.625, 8.8125, 6.4375, 8.875], "texture": "#voxels_atlas"},
				"south": {"uv": [1.0625, 11.5625, 4.1875, 11.625], "texture": "#voxels_atlas"},
				"west": {"uv": [6.25, 8.8125, 6.4375, 8.875], "texture": "#voxels_atlas"},
				"up": {"uv": [3.125, 14.125, 6.25, 13.9375], "texture": "#voxels_atlas"},
				"down": {"uv": [0, 13.9375, 3.125, 14.125], "texture": "#voxels_atlas"}
			}
		},
		{
			"name": "Voxels",
			"from": [14.9565, 8.6957, 1.2174],
			"to": [15.47824, 8.86961, 1.73914],
			"faces": {
				"north": {"uv": [6.8125, 8.8125, 6.625, 8.875], "texture": "#voxels_atlas"},
				"east": {"uv": [6.875, 8.875, 6.6875, 8.9375], "texture": "#voxels_atlas"},
				"south": {"uv": [15.625, 15.9375, 15.8125, 16], "texture": "#voxels_atlas"},
				"west": {"uv": [6.0625, 8.8125, 6.25, 8.875], "texture": "#voxels_atlas"},
				"up": {"uv": [0.875, 8.1875, 1.0625, 8], "texture": "#voxels_atlas"},
				"down": {"uv": [1.25, 8.5625, 1.4375, 8.75], "texture": "#voxels_atlas"}
			}
		},
		{
			"name": "Voxels",
			"from": [14.9565, 8.8696, 1.2174],
			"to": [15.30433, 9.04351, 1.73914],
			"faces": {
				"north": {"uv": [2.3125, 9.6875, 2.1875, 9.75], "texture": "#voxels_atlas"},
				"east": {"uv": [6.875, 9.125, 6.6875, 9.1875], "texture": "#voxels_atlas"},
				"south": {"uv": [2.1875, 9.75, 2.3125, 9.8125], "texture": "#voxels_atlas"},
				"west": {"uv": [6.6875, 9.0625, 6.875, 9.125], "texture": "#voxels_atlas"},
				"up": {"uv": [1.4375, 8.5625, 1.5625, 8.375], "texture": "#voxels_atlas"},
				"down": {"uv": [1.4375, 8.1875, 1.5625, 8.375], "texture": "#voxels_atlas"}
			}
		},
		{
			"name": "Voxels",
			"from": [14.9565, 9.0435, 1.2174],
			"to": [15.13041, 9.21741, 1.73914],
			"faces": {
				"north": {"uv": [8.5, 14.6875, 8.4375, 14.75], "texture": "#voxels_atlas"},
				"east": {"uv": [6.875, 9.5, 6.6875, 9.5625], "texture": "#voxels_atlas"},
				"south": {"uv": [8.375, 14.6875, 8.4375, 14.75], "texture": "#voxels_atlas"},
				"west": {"uv": [6.6875, 9.4375, 6.875, 9.5], "texture": "#voxels_atlas"},
				"up": {"uv": [1.9375, 8.1875, 2, 8], "texture": "#voxels_atlas"},
				"down": {"uv": [2.25, 8.375, 2.3125, 8.5625], "texture": "#voxels_atlas"}
			}
		},
		{
			"name": "Voxels",
			"from": [14.9565, 9.2174, 1.3913],
			"to": [15.13041, 9.39131, 1.56521],
			"faces": {
				"north": {"uv": [15.5, 15.5, 15.4375, 15.5625], "texture": "#voxels_atlas"},
				"east": {"uv": [15.125, 15.5, 15.0625, 15.5625], "texture": "#voxels_atlas"},
				"south": {"uv": [15.375, 15.5, 15.4375, 15.5625], "texture": "#voxels_atlas"},
				"west": {"uv": [4.25, 9.0625, 4.3125, 9.125], "texture": "#voxels_atlas"},
				"up": {"uv": [15.5, 15.5625, 15.5625, 15.5], "texture": "#voxels_atlas"},
				"down": {"uv": [15.5625, 15.5, 15.625, 15.5625], "texture": "#voxels_atlas"}
			}
		},
		{
			"name": "Voxels",
			"from": [15.1304, 6.7826, 1.3913],
			"to": [15.30431, 7.65217, 1.56521],
			"faces": {
				"north": {"uv": [6.125, 8.1875, 6.0625, 8.5], "texture": "#voxels_atlas"},
				"east": {"uv": [6.1875, 8.5, 6.125, 8.8125], "texture": "#voxels_atlas"},
				"south": {"uv": [6.0625, 8.5, 6.125, 8.8125], "texture": "#voxels_atlas"},
				"west": {"uv": [6.125, 8.1875, 6.1875, 8.5], "texture": "#voxels_atlas"},
				"up": {"uv": [15.9375, 15.625, 16, 15.5625], "texture": "#voxels_atlas"},
				"down": {"uv": [15, 15.5, 15.0625, 15.5625], "texture": "#voxels_atlas"}
			}
		},
		{
			"name": "Voxels",
			"from": [15.1304, 6.9565, 1.2174],
			"to": [15.30431, 7.65215, 1.39131],
			"faces": {
				"north": {"uv": [7.25, 10.625, 7.1875, 10.875], "texture": "#voxels_atlas"},
				"east": {"uv": [1.4375, 8.0625, 1.375, 8.3125], "texture": "#voxels_atlas"},
				"south": {"uv": [7.25, 10.625, 7.3125, 10.875], "texture": "#voxels_atlas"},
				"west": {"uv": [1.375, 8.3125, 1.4375, 8.5625], "texture": "#voxels_atlas"},
				"up": {"uv": [15.6875, 15.625, 15.75, 15.5625], "texture": "#voxels_atlas"},
				"down": {"uv": [15.875, 15.5625, 15.9375, 15.625], "texture": "#voxels_atlas"}
			}
		},
		{
			"name": "Voxels",
			"from": [15.1304, 6.9565, 1.5652],
			"to": [15.30431, 7.65215, 1.73911],
			"faces": {
				"north": {"uv": [6.625, 8.5625, 6.5625, 8.8125], "texture": "#voxels_atlas"},
				"east": {"uv": [6.8125, 8.5625, 6.75, 8.8125], "texture": "#voxels_atlas"},
				"south": {"uv": [6.625, 8.5625, 6.6875, 8.8125], "texture": "#voxels_atlas"},
				"west": {"uv": [6.6875, 8.5625, 6.75, 8.8125], "texture": "#voxels_atlas"},
				"up": {"uv": [15.5625, 15.625, 15.625, 15.5625], "texture": "#voxels_atlas"},
				"down": {"uv": [15.625, 15.5625, 15.6875, 15.625], "texture": "#voxels_atlas"}
			}
		},
		{
			"name": "Voxels",
			"from": [15.1304, 7.8261, 0.3478],
			"to": [15.30431, 8.17393, 0.52171],
			"faces": {
				"north": {"uv": [8.4375, 10.5, 8.375, 10.625], "texture": "#voxels_atlas"},
				"east": {"uv": [8, 10.5, 7.9375, 10.625], "texture": "#voxels_atlas"},
				"south": {"uv": [8.125, 10.5, 8.1875, 10.625], "texture": "#voxels_atlas"},
				"west": {"uv": [8.3125, 10.625, 8.375, 10.75], "texture": "#voxels_atlas"},
				"up": {"uv": [15.3125, 15.625, 15.375, 15.5625], "texture": "#voxels_atlas"},
				"down": {"uv": [15.5, 15.5625, 15.5625, 15.625], "texture": "#voxels_atlas"}
			}
		},
		{
			"name": "Voxels",
			"from": [15.1304, 9.0435, 1.3913],
			"to": [15.30431, 9.21741, 1.56521],
			"faces": {
				"north": {"uv": [15.625, 15.625, 15.5625, 15.6875], "texture": "#voxels_atlas"},
				"east": {"uv": [15.4375, 15.625, 15.375, 15.6875], "texture": "#voxels_atlas"},
				"south": {"uv": [15.5, 15.625, 15.5625, 15.6875], "texture": "#voxels_atlas"},
				"west": {"uv": [15.4375, 15.625, 15.5, 15.6875], "texture": "#voxels_atlas"},
				"up": {"uv": [15.75, 15.6875, 15.8125, 15.625], "texture": "#voxels_atlas"},
				"down": {"uv": [15.8125, 15.625, 15.875, 15.6875], "texture": "#voxels_atlas"}
			}
		},
		{
			"name": "Voxels",
			"from": [15.3043, 6.9565, 1.3913],
			"to": [15.47821, 7.65215, 1.56521],
			"faces": {
				"north": {"uv": [6.875, 8.5625, 6.8125, 8.8125], "texture": "#voxels_atlas"},
				"east": {"uv": [6.5, 8.25, 6.4375, 8.5], "texture": "#voxels_atlas"},
				"south": {"uv": [6.3125, 8.25, 6.375, 8.5], "texture": "#voxels_atlas"},
				"west": {"uv": [6.375, 8, 6.4375, 8.25], "texture": "#voxels_atlas"},
				"up": {"uv": [15.125, 15.6875, 15.1875, 15.625], "texture": "#voxels_atlas"},
				"down": {"uv": [15.1875, 15.625, 15.25, 15.6875], "texture": "#voxels_atlas"}
			}
		},
		{
			"name": "Voxels",
			"from": [15.3043, 7.1304, 1.2174],
			"to": [15.47821, 7.65214, 1.39131],
			"faces": {
				"north": {"uv": [7.625, 10.6875, 7.5625, 10.875], "texture": "#voxels_atlas"},
				"east": {"uv": [7.4375, 10.6875, 7.375, 10.875], "texture": "#voxels_atlas"},
				"south": {"uv": [7.5, 10.6875, 7.5625, 10.875], "texture": "#voxels_atlas"},
				"west": {"uv": [7.4375, 10.6875, 7.5, 10.875], "texture": "#voxels_atlas"},
				"up": {"uv": [15, 15.6875, 15.0625, 15.625], "texture": "#voxels_atlas"},
				"down": {"uv": [15.0625, 15.625, 15.125, 15.6875], "texture": "#voxels_atlas"}
			}
		},
		{
			"name": "Voxels",
			"from": [15.3043, 7.1304, 1.5652],
			"to": [15.47821, 7.65214, 1.73911],
			"faces": {
				"north": {"uv": [7.375, 10.6875, 7.3125, 10.875], "texture": "#voxels_atlas"},
				"east": {"uv": [1.9375, 8, 1.875, 8.1875], "texture": "#voxels_atlas"},
				"south": {"uv": [6.25, 8, 6.3125, 8.1875], "texture": "#voxels_atlas"},
				"west": {"uv": [6.1875, 8, 6.25, 8.1875], "texture": "#voxels_atlas"},
				"up": {"uv": [15.375, 15.75, 15.4375, 15.6875], "texture": "#voxels_atlas"},
				"down": {"uv": [15.4375, 15.6875, 15.5, 15.75], "texture": "#voxels_atlas"}
			}
		},
		{
			"name": "Voxels",
			"from": [15.3043, 7.6522, 0.6957],
			"to": [15.47821, 8.34785, 1.04353],
			"faces": {
				"north": {"uv": [6.5625, 8, 6.5, 8.25], "texture": "#voxels_atlas"},
				"east": {"uv": [1.375, 8.0625, 1.25, 8.3125], "texture": "#voxels_atlas"},
				"south": {"uv": [6.5625, 8.25, 6.625, 8.5], "texture": "#voxels_atlas"},
				"west": {"uv": [0.9375, 11.0625, 1.0625, 11.3125], "texture": "#voxels_atlas"},
				"up": {"uv": [7.4375, 10.625, 7.5, 10.5], "texture": "#voxels_atlas"},
				"down": {"uv": [7.5, 10.5, 7.5625, 10.625], "texture": "#voxels_atlas"}
			}
		},
		{
			"name": "Voxels",
			"from": [15.3043, 7.8261, 0.5217],
			"to": [15.47821, 8.17393, 0.69561],
			"faces": {
				"north": {"uv": [7.4375, 10.5, 7.375, 10.625], "texture": "#voxels_atlas"},
				"east": {"uv": [8.125, 10.5, 8.0625, 10.625], "texture": "#voxels_atlas"},
				"south": {"uv": [7.3125, 10.5, 7.375, 10.625], "texture": "#voxels_atlas"},
				"west": {"uv": [7.25, 10.5, 7.3125, 10.625], "texture": "#voxels_atlas"},
				"up": {"uv": [15.625, 15.875, 15.6875, 15.8125], "texture": "#voxels_atlas"},
				"down": {"uv": [15.6875, 15.8125, 15.75, 15.875], "texture": "#voxels_atlas"}
			}
		},
		{
			"name": "Voxels",
			"from": [15.3043, 7.8261, 2.087],
			"to": [15.47821, 8.17393, 2.26091],
			"faces": {
				"north": {"uv": [7.9375, 10.5, 7.875, 10.625], "texture": "#voxels_atlas"},
				"east": {"uv": [7.75, 10.5, 7.6875, 10.625], "texture": "#voxels_atlas"},
				"south": {"uv": [7.8125, 10.5, 7.875, 10.625], "texture": "#voxels_atlas"},
				"west": {"uv": [7.75, 10.5, 7.8125, 10.625], "texture": "#voxels_atlas"},
				"up": {"uv": [15.875, 16, 15.9375, 15.9375], "texture": "#voxels_atlas"},
				"down": {"uv": [15.9375, 15.9375, 16, 16], "texture": "#voxels_atlas"}
			}
		},
		{
			"name": "Voxels",
			"from": [15.3043, 8.8696, 1.3913],
			"to": [15.47821, 9.04351, 1.56521],
			"faces": {
				"north": {"uv": [6.875, 9.75, 6.8125, 9.8125], "texture": "#voxels_atlas"},
				"east": {"uv": [4.3125, 8, 4.25, 8.0625], "texture": "#voxels_atlas"},
				"south": {"uv": [6.8125, 9.8125, 6.875, 9.875], "texture": "#voxels_atlas"},
				"west": {"uv": [6.8125, 10, 6.875, 10.0625], "texture": "#voxels_atlas"},
				"up": {"uv": [6.8125, 9.75, 6.875, 9.6875], "texture": "#voxels_atlas"},
				"down": {"uv": [6.8125, 9.625, 6.875, 9.6875], "texture": "#voxels_atlas"}
			}
		},
		{
			"name": "Voxels",
			"from": [15.4783, 7.1304, 1.3913],
			"to": [15.82613, 7.65214, 1.56521],
			"faces": {
				"north": {"uv": [2.125, 8.375, 2, 8.5625], "texture": "#voxels_atlas"},
				"east": {"uv": [6.125, 8, 6.0625, 8.1875], "texture": "#voxels_atlas"},
				"south": {"uv": [2.125, 8.375, 2.25, 8.5625], "texture": "#voxels_atlas"},
				"west": {"uv": [6.125, 8, 6.1875, 8.1875], "texture": "#voxels_atlas"},
				"up": {"uv": [2.1875, 10.0625, 2.3125, 10], "texture": "#voxels_atlas"},
				"down": {"uv": [2.1875, 9.9375, 2.3125, 10], "texture": "#voxels_atlas"}
			}
		},
		{
			"name": "Voxels",
			"from": [15.4783, 7.3043, 1.2174],
			"to": [23.65221, 7.65213, 1.39131],
			"faces": {
				"north": {"uv": [6.625, 13.8125, 3.6875, 13.9375], "texture": "#voxels_atlas"},
				"east": {"uv": [7.625, 10.5, 7.5625, 10.625], "texture": "#voxels_atlas"},
				"south": {"uv": [3.6875, 13.6875, 6.625, 13.8125], "texture": "#voxels_atlas"},
				"west": {"uv": [7.625, 10.5, 7.6875, 10.625], "texture": "#voxels_atlas"},
				"up": {"uv": [2, 13.375, 4.9375, 13.3125], "texture": "#voxels_atlas"},
				"down": {"uv": [1.0625, 11.375, 4, 11.4375], "texture": "#voxels_atlas"}
			}
		},
		{
			"name": "Voxels",
			"from": [15.4783, 7.3043, 1.5652],
			"to": [23.65221, 7.65213, 1.73911],
			"faces": {
				"north": {"uv": [4.9375, 13.375, 2, 13.5], "texture": "#voxels_atlas"},
				"east": {"uv": [7.1875, 10.5, 7.125, 10.625], "texture": "#voxels_atlas"},
				"south": {"uv": [0, 13.1875, 2.9375, 13.3125], "texture": "#voxels_atlas"},
				"west": {"uv": [7.1875, 10.5, 7.25, 10.625], "texture": "#voxels_atlas"},
				"up": {"uv": [1.0625, 11.5, 4, 11.4375], "texture": "#voxels_atlas"},
				"down": {"uv": [1.0625, 11.5, 4, 11.5625], "texture": "#voxels_atlas"}
			}
		},
		{
			"name": "Voxels",
			"from": [15.4783, 7.6522, 0.8696],
			"to": [24.8696, 8.34785, 1.04351],
			"faces": {
				"north": {"uv": [3.375, 14.125, 0, 14.375], "texture": "#voxels_atlas"},
				"east": {"uv": [6.75, 8.25, 6.6875, 8.5], "texture": "#voxels_atlas"},
				"south": {"uv": [3.375, 14.125, 6.75, 14.375], "texture": "#voxels_atlas"},
				"west": {"uv": [6.625, 8.25, 6.6875, 8.5], "texture": "#voxels_atlas"},
				"up": {"uv": [1.0625, 12.3125, 4.4375, 12.25], "texture": "#voxels_atlas"},
				"down": {"uv": [1.0625, 12.1875, 4.4375, 12.25], "texture": "#voxels_atlas"}
			}
		},
		{
			"name": "Voxels",
			"from": [15.4783, 7.8261, 0.6957],
			"to": [15.82613, 8.17393, 0.86961],
			"faces": {
				"north": {"uv": [6.8125, 12.4375, 6.6875, 12.5625], "texture": "#voxels_atlas"},
				"east": {"uv": [7.0625, 10.5, 7, 10.625], "texture": "#voxels_atlas"},
				"south": {"uv": [6.75, 8.25, 6.875, 8.375], "texture": "#voxels_atlas"},
				"west": {"uv": [7.0625, 10.5, 7.125, 10.625], "texture": "#voxels_atlas"},
				"up": {"uv": [2.1875, 10.1875, 2.3125, 10.125], "texture": "#voxels_atlas"},
				"down": {"uv": [2.1875, 10.0625, 2.3125, 10.125], "texture": "#voxels_atlas"}
			}
		},
		{
			"name": "Voxels",
			"from": [15.4783, 7.8261, 1.913],
			"to": [15.82613, 8.17393, 2.08691],
			"faces": {
				"north": {"uv": [6.875, 12.3125, 6.75, 12.4375], "texture": "#voxels_atlas"},
				"east": {"uv": [6.9375, 10.5, 6.875, 10.625], "texture": "#voxels_atlas"},
				"south": {"uv": [6.75, 8.375, 6.875, 8.5], "texture": "#voxels_atlas"},
				"west": {"uv": [6.9375, 10.5, 7, 10.625], "texture": "#voxels_atlas"},
				"up": {"uv": [2.1875, 10.3125, 2.3125, 10.25], "texture": "#voxels_atlas"},
				"down": {"uv": [2.1875, 10.1875, 2.3125, 10.25], "texture": "#voxels_atlas"}
			}
		},
		{
			"name": "Voxels",
			"from": [15.4783, 8.6957, 1.3913],
			"to": [15.82613, 8.86961, 1.56521],
			"faces": {
				"north": {"uv": [2.3125, 10.4375, 2.1875, 10.5], "texture": "#voxels_atlas"},
				"east": {"uv": [2.3125, 8.75, 2.25, 8.8125], "texture": "#voxels_atlas"},
				"south": {"uv": [2.1875, 10.5, 2.3125, 10.5625], "texture": "#voxels_atlas"},
				"west": {"uv": [8.4375, 14.9375, 8.5, 15], "texture": "#voxels_atlas"},
				"up": {"uv": [2.1875, 10.4375, 2.3125, 10.375], "texture": "#voxels_atlas"},
				"down": {"uv": [2.1875, 10.3125, 2.3125, 10.375], "texture": "#voxels_atlas"}
			}
		},
		{
			"name": "Voxels",
			"from": [15.8261, 7.3043, 1.3913],
			"to": [23.65219, 7.65213, 1.56521],
			"faces": {
				"north": {"uv": [5.75, 13.1875, 2.9375, 13.3125], "texture": "#voxels_atlas"},
				"east": {"uv": [7.875, 10.75, 7.8125, 10.875], "texture": "#voxels_atlas"},
				"south": {"uv": [0, 13.0625, 2.8125, 13.1875], "texture": "#voxels_atlas"},
				"west": {"uv": [8.125, 10.75, 8.1875, 10.875], "texture": "#voxels_atlas"},
				"up": {"uv": [4, 11.5, 6.8125, 11.4375], "texture": "#voxels_atlas"},
				"down": {"uv": [4, 11.5, 6.8125, 11.5625], "texture": "#voxels_atlas"}
			}
		},
		{
			"name": "Voxels",
			"from": [17.2174, 7.1304, 1.2174],
			"to": [22.78262, 7.30431, 1.73914],
			"faces": {
				"north": {"uv": [4.3125, 10.125, 2.3125, 10.1875], "texture": "#voxels_atlas"},
				"east": {"uv": [1.0625, 8.1875, 0.875, 8.25], "texture": "#voxels_atlas"},
				"south": {"uv": [2.3125, 10.3125, 4.3125, 10.375], "texture": "#voxels_atlas"},
				"west": {"uv": [6.6875, 11.8125, 6.875, 11.875], "texture": "#voxels_atlas"},
				"up": {"uv": [0, 13.5, 2, 13.3125], "texture": "#voxels_atlas"},
				"down": {"uv": [4, 13.5, 6, 13.6875], "texture": "#voxels_atlas"}
			}
		},
		{
			"name": "Voxels",
			"from": [17.2174, 7.8261, 0.6957],
			"to": [23.8261, 8.17393, 0.86961],
			"faces": {
				"north": {"uv": [3.4375, 12.9375, 1.0625, 13.0625], "texture": "#voxels_atlas"},
				"east": {"uv": [8.25, 10.625, 8.1875, 10.75], "texture": "#voxels_atlas"},
				"south": {"uv": [2.8125, 13.0625, 5.1875, 13.1875], "texture": "#voxels_atlas"},
				"west": {"uv": [8.25, 10.75, 8.3125, 10.875], "texture": "#voxels_atlas"},
				"up": {"uv": [4.4375, 12.25, 6.8125, 12.1875], "texture": "#voxels_atlas"},
				"down": {"uv": [4.4375, 12.25, 6.8125, 12.3125], "texture": "#voxels_atlas"}
			}
		},
		{
			"name": "Voxels",
			"from": [17.2174, 7.8261, 1.913],
			"to": [23.8261, 8.17393, 2.08691],
			"faces": {
				"north": {"uv": [5.8125, 12.9375, 3.4375, 13.0625], "texture": "#voxels_atlas"},
				"east": {"uv": [6.875, 12.6875, 6.8125, 12.8125], "texture": "#voxels_atlas"},
				"south": {"uv": [1.0625, 12.8125, 3.4375, 12.9375], "texture": "#voxels_atlas"},
				"west": {"uv": [8.1875, 10.75, 8.25, 10.875], "texture": "#voxels_atlas"},
				"up": {"uv": [4.375, 12.1875, 6.75, 12.125], "texture": "#voxels_atlas"},
				"down": {"uv": [4.375, 12.0625, 6.75, 12.125], "texture": "#voxels_atlas"}
			}
		},
		{
			"name": "Voxels",
			"from": [17.2174, 8.6957, 1.2174],
			"to": [22.78262, 8.86961, 1.73914],
			"faces": {
				"north": {"uv": [4.3125, 10.375, 2.3125, 10.4375], "texture": "#voxels_atlas"},
				"east": {"uv": [1.0625, 8.375, 0.875, 8.4375], "texture": "#voxels_atlas"},
				"south": {"uv": [2.3125, 10.25, 4.3125, 10.3125], "texture": "#voxels_atlas"},
				"west": {"uv": [0.875, 8.3125, 1.0625, 8.375], "texture": "#voxels_atlas"},
				"up": {"uv": [2, 13.6875, 4, 13.5], "texture": "#voxels_atlas"},
				"down": {"uv": [0, 13.5, 2, 13.6875], "texture": "#voxels_atlas"}
			}
		},
		{
			"name": "Voxels",
			"from": [17.3913, 7.8261, 0.5217],
			"to": [23.47826, 8.17393, 0.69561],
			"faces": {
				"north": {"uv": [3.25, 12.5625, 1.0625, 12.6875], "texture": "#voxels_atlas"},
				"east": {"uv": [8.5, 10.75, 8.4375, 10.875], "texture": "#voxels_atlas"},
				"south": {"uv": [3.4375, 12.8125, 5.625, 12.9375], "texture": "#voxels_atlas"},
				"west": {"uv": [8.4375, 10.625, 8.5, 10.75], "texture": "#voxels_atlas"},
				"up": {"uv": [2.3125, 11.375, 4.5, 11.3125], "texture": "#voxels_atlas"},
				"down": {"uv": [4, 11.375, 6.1875, 11.4375], "texture": "#voxels_atlas"}
			}
		},
		{
			"name": "Voxels",
			"from": [17.3913, 7.8261, 2.087],
			"to": [23.47826, 8.17393, 2.26091],
			"faces": {
				"north": {"uv": [5.4375, 12.6875, 3.25, 12.8125], "texture": "#voxels_atlas"},
				"east": {"uv": [8.3125, 10.625, 8.25, 10.75], "texture": "#voxels_atlas"},
				"south": {"uv": [1.0625, 12.6875, 3.25, 12.8125], "texture": "#voxels_atlas"},
				"west": {"uv": [8.375, 10.75, 8.4375, 10.875], "texture": "#voxels_atlas"},
				"up": {"uv": [2.3125, 11.3125, 4.5, 11.25], "texture": "#voxels_atlas"},
				"down": {"uv": [4.5, 11.3125, 6.6875, 11.375], "texture": "#voxels_atlas"}
			}
		},
		{
			"name": "Voxels",
			"from": [17.5652, 7.4783, 0.8696],
			"to": [23.99998, 7.65221, 1.04351],
			"faces": {
				"north": {"uv": [6.5, 11.625, 4.1875, 11.6875], "texture": "#voxels_atlas"},
				"east": {"uv": [2.3125, 9.1875, 2.25, 9.25], "texture": "#voxels_atlas"},
				"south": {"uv": [4.1875, 11.5625, 6.5, 11.625], "texture": "#voxels_atlas"},
				"west": {"uv": [2.1875, 9.0625, 2.25, 9.125], "texture": "#voxels_atlas"},
				"up": {"uv": [4.3125, 11.75, 6.625, 11.6875], "texture": "#voxels_atlas"},
				"down": {"uv": [4.3125, 11.75, 6.625, 11.8125], "texture": "#voxels_atlas"}
			}
		},
		{
			"name": "Voxels",
			"from": [17.5652, 7.6522, 0.6957],
			"to": [23.47824, 7.82611, 0.86961],
			"faces": {
				"north": {"uv": [6.5625, 10.75, 4.4375, 10.8125], "texture": "#voxels_atlas"},
				"east": {"uv": [2.3125, 9.25, 2.25, 9.3125], "texture": "#voxels_atlas"},
				"south": {"uv": [2.3125, 10.75, 4.4375, 10.8125], "texture": "#voxels_atlas"},
				"west": {"uv": [2.1875, 9.1875, 2.25, 9.25], "texture": "#voxels_atlas"},
				"up": {"uv": [2.3125, 10.75, 4.4375, 10.6875], "texture": "#voxels_atlas"},
				"down": {"uv": [4.4375, 10.6875, 6.5625, 10.75], "texture": "#voxels_atlas"}
			}
		},
		{
			"name": "Voxels",
			"from": [17.5652, 7.6522, 1.913],
			"to": [23.47824, 7.82611, 2.08691],
			"faces": {
				"north": {"uv": [4.4375, 11.125, 2.3125, 11.1875], "texture": "#voxels_atlas"},
				"east": {"uv": [2.3125, 9.375, 2.25, 9.4375], "texture": "#voxels_atlas"},
				"south": {"uv": [4.4375, 10.625, 6.5625, 10.6875], "texture": "#voxels_atlas"},
				"west": {"uv": [2.1875, 9.25, 2.25, 9.3125], "texture": "#voxels_atlas"},
				"up": {"uv": [4.4375, 10.875, 6.5625, 10.8125], "texture": "#voxels_atlas"},
				"down": {"uv": [2.3125, 10.9375, 4.4375, 11], "texture": "#voxels_atlas"}
			}
		},
		{
			"name": "Voxels",
			"from": [17.5652, 8.1739, 0.6957],
			"to": [23.47824, 8.34781, 0.86961],
			"faces": {
				"north": {"uv": [6.5625, 10.5625, 4.4375, 10.625], "texture": "#voxels_atlas"},
				"east": {"uv": [2.3125, 9.4375, 2.25, 9.5], "texture": "#voxels_atlas"},
				"south": {"uv": [2.3125, 10.5, 4.4375, 10.5625], "texture": "#voxels_atlas"},
				"west": {"uv": [2.1875, 9.375, 2.25, 9.4375], "texture": "#voxels_atlas"},
				"up": {"uv": [4.4375, 11.1875, 6.5625, 11.125], "texture": "#voxels_atlas"},
				"down": {"uv": [2.3125, 11.1875, 4.4375, 11.25], "texture": "#voxels_atlas"}
			}
		},
		{
			"name": "Voxels",
			"from": [17.5652, 8.1739, 1.913],
			"to": [23.47824, 8.34781, 2.08691],
			"faces": {
				"north": {"uv": [6.5625, 11.1875, 4.4375, 11.25], "texture": "#voxels_atlas"},
				"east": {"uv": [6.875, 11.4375, 6.8125, 11.5], "texture": "#voxels_atlas"},
				"south": {"uv": [4.5, 11.25, 6.625, 11.3125], "texture": "#voxels_atlas"},
				"west": {"uv": [2.1875, 9.4375, 2.25, 9.5], "texture": "#voxels_atlas"},
				"up": {"uv": [2.3125, 10.625, 4.4375, 10.5625], "texture": "#voxels_atlas"},
				"down": {"uv": [2.3125, 10.625, 4.4375, 10.6875], "texture": "#voxels_atlas"}
			}
		},
		{
			"name": "Voxels",
			"from": [17.5652, 8.3478, 0.8696],
			"to": [23.99998, 8.52171, 1.04351],
			"faces": {
				"north": {"uv": [6.6875, 11.875, 4.375, 11.9375], "texture": "#voxels_atlas"},
				"east": {"uv": [6.875, 12.1875, 6.8125, 12.25], "texture": "#voxels_atlas"},
				"south": {"uv": [4.375, 11.8125, 6.6875, 11.875], "texture": "#voxels_atlas"},
				"west": {"uv": [6.8125, 11.5, 6.875, 11.5625], "texture": "#voxels_atlas"},
				"up": {"uv": [4.375, 12, 6.6875, 11.9375], "texture": "#voxels_atlas"},
				"down": {"uv": [4.375, 12, 6.6875, 12.0625], "texture": "#voxels_atlas"}
			}
		},
		{
			"name": "Voxels",
			"from": [17.7391, 7.3043, 1.0435],
			"to": [23.65214, 7.47821, 1.21741],
			"faces": {
				"north": {"uv": [6.5625, 10.875, 4.4375, 10.9375], "texture": "#voxels_atlas"},
				"east": {"uv": [1.0625, 8.5625, 1, 8.625], "texture": "#voxels_atlas"},
				"south": {"uv": [2.3125, 10.8125, 4.4375, 10.875], "texture": "#voxels_atlas"},
				"west": {"uv": [6.8125, 12.25, 6.875, 12.3125], "texture": "#voxels_atlas"},
				"up": {"uv": [2.3125, 10.9375, 4.4375, 10.875], "texture": "#voxels_atlas"},
				"down": {"uv": [4.4375, 10.9375, 6.5625, 11], "texture": "#voxels_atlas"}
			}
		},
		{
			"name": "Voxels",
			"from": [17.7391, 7.3043, 1.7391],
			"to": [23.30432, 7.47821, 1.91301],
			"faces": {
				"north": {"uv": [4.3125, 9.9375, 2.3125, 10], "texture": "#voxels_atlas"},
				"east": {"uv": [1.0625, 8.6875, 1, 8.75], "texture": "#voxels_atlas"},
				"south": {"uv": [2.3125, 9.8125, 4.3125, 9.875], "texture": "#voxels_atlas"},
				"west": {"uv": [1, 8.625, 1.0625, 8.6875], "texture": "#voxels_atlas"},
				"up": {"uv": [2.3125, 10.0625, 4.3125, 10], "texture": "#voxels_atlas"},
				"down": {"uv": [2.3125, 10.0625, 4.3125, 10.125], "texture": "#voxels_atlas"}
			}
		},
		{
			"name": "Voxels",
			"from": [17.7391, 7.4783, 0.6957],
			"to": [23.1304, 7.65221, 0.86961],
			"faces": {
				"north": {"uv": [6.25, 10.25, 4.3125, 10.3125], "texture": "#voxels_atlas"},
				"east": {"uv": [1.0625, 8.8125, 1, 8.875], "texture": "#voxels_atlas"},
				"south": {"uv": [4.3125, 10.1875, 6.25, 10.25], "texture": "#voxels_atlas"},
				"west": {"uv": [1, 8.75, 1.0625, 8.8125], "texture": "#voxels_atlas"},
				"up": {"uv": [4.3125, 10.4375, 6.25, 10.375], "texture": "#voxels_atlas"},
				"down": {"uv": [4.3125, 10.4375, 6.25, 10.5], "texture": "#voxels_atlas"}
			}
		},
		{
			"name": "Voxels",
			"from": [17.7391, 7.4783, 1.913],
			"to": [23.1304, 7.65221, 2.08691],
			"faces": {
				"north": {"uv": [4.25, 9.5, 2.3125, 9.5625], "texture": "#voxels_atlas"},
				"east": {"uv": [1.0625, 8.9375, 1, 9], "texture": "#voxels_atlas"},
				"south": {"uv": [2.3125, 9, 4.25, 9.0625], "texture": "#voxels_atlas"},
				"west": {"uv": [1, 8.875, 1.0625, 8.9375], "texture": "#voxels_atlas"},
				"up": {"uv": [2.3125, 9.125, 4.25, 9.0625], "texture": "#voxels_atlas"},
				"down": {"uv": [2.3125, 9.125, 4.25, 9.1875], "texture": "#voxels_atlas"}
			}
		},
		{
			"name": "Voxels",
			"from": [17.7391, 7.6522, 0.5217],
			"to": [23.1304, 7.82611, 0.69561],
			"faces": {
				"north": {"uv": [6.25, 10.0625, 4.3125, 10.125], "texture": "#voxels_atlas"},
				"east": {"uv": [1.0625, 9.3125, 1, 9.375], "texture": "#voxels_atlas"},
				"south": {"uv": [2.3125, 8.625, 4.25, 8.6875], "texture": "#voxels_atlas"},
				"west": {"uv": [1, 9, 1.0625, 9.0625], "texture": "#voxels_atlas"},
				"up": {"uv": [2.3125, 8.8125, 4.25, 8.75], "texture": "#voxels_atlas"},
				"down": {"uv": [2.3125, 8.8125, 4.25, 8.875], "texture": "#voxels_atlas"}
			}
		},
		{
			"name": "Voxels",
			"from": [17.7391, 7.6522, 2.087],
			"to": [23.1304, 7.82611, 2.26091],
			"faces": {
				"north": {"uv": [4.25, 8.3125, 2.3125, 8.375], "texture": "#voxels_atlas"},
				"east": {"uv": [1.0625, 9.4375, 1, 9.5], "texture": "#voxels_atlas"},
				"south": {"uv": [2.3125, 8.25, 4.25, 8.3125], "texture": "#voxels_atlas"},
				"west": {"uv": [1, 9.375, 1.0625, 9.4375], "texture": "#voxels_atlas"},
				"up": {"uv": [2.3125, 8.4375, 4.25, 8.375], "texture": "#voxels_atlas"},
				"down": {"uv": [2.3125, 8.4375, 4.25, 8.5], "texture": "#voxels_atlas"}
			}
		},
		{
			"name": "Voxels",
			"from": [17.7391, 7.8261, 0.3478],
			"to": [23.30432, 8.17393, 0.52171],
			"faces": {
				"north": {"uv": [5.0625, 12.4375, 3.0625, 12.5625], "texture": "#voxels_atlas"},
				"east": {"uv": [8.125, 10.625, 8.0625, 10.75], "texture": "#voxels_atlas"},
				"south": {"uv": [1.0625, 12.3125, 3.0625, 12.4375], "texture": "#voxels_atlas"},
				"west": {"uv": [8.125, 10.625, 8.1875, 10.75], "texture": "#voxels_atlas"},
				"up": {"uv": [2.3125, 10.5, 4.3125, 10.4375], "texture": "#voxels_atlas"},
				"down": {"uv": [2.3125, 10.1875, 4.3125, 10.25], "texture": "#voxels_atlas"}
			}
		},
		{
			"name": "Voxels",
			"from": [17.7391, 7.8261, 2.2609],
			"to": [23.30432, 8.17393, 2.43481],
			"faces": {
				"north": {"uv": [5.25, 12.5625, 3.25, 12.6875], "texture": "#voxels_atlas"},
				"east": {"uv": [7.875, 10.625, 7.8125, 10.75], "texture": "#voxels_atlas"},
				"south": {"uv": [1.0625, 12.4375, 3.0625, 12.5625], "texture": "#voxels_atlas"},
				"west": {"uv": [8.0625, 10.75, 8.125, 10.875], "texture": "#voxels_atlas"},
				"up": {"uv": [2.3125, 9.9375, 4.3125, 9.875], "texture": "#voxels_atlas"},
				"down": {"uv": [2.3125, 9.75, 4.3125, 9.8125], "texture": "#voxels_atlas"}
			}
		},
		{
			"name": "Voxels",
			"from": [17.7391, 8.1739, 0.5217],
			"to": [23.1304, 8.34781, 0.69561],
			"faces": {
				"north": {"uv": [4.25, 8.9375, 2.3125, 9], "texture": "#voxels_atlas"},
				"east": {"uv": [1.0625, 9.8125, 1, 9.875], "texture": "#voxels_atlas"},
				"south": {"uv": [2.3125, 8.1875, 4.25, 8.25], "texture": "#voxels_atlas"},
				"west": {"uv": [1, 9.625, 1.0625, 9.6875], "texture": "#voxels_atlas"},
				"up": {"uv": [4.3125, 10.1875, 6.25, 10.125], "texture": "#voxels_atlas"},
				"down": {"uv": [2.3125, 9.1875, 4.25, 9.25], "texture": "#voxels_atlas"}
			}
		},
		{
			"name": "Voxels",
			"from": [17.7391, 8.1739, 2.087],
			"to": [23.1304, 8.34781, 2.26091],
			"faces": {
				"north": {"uv": [4.25, 8.125, 2.3125, 8.1875], "texture": "#voxels_atlas"},
				"east": {"uv": [1.0625, 9.9375, 1, 10], "texture": "#voxels_atlas"},
				"south": {"uv": [2.3125, 9.3125, 4.25, 9.375], "texture": "#voxels_atlas"},
				"west": {"uv": [1, 9.875, 1.0625, 9.9375], "texture": "#voxels_atlas"},
				"up": {"uv": [2.3125, 9.3125, 4.25, 9.25], "texture": "#voxels_atlas"},
				"down": {"uv": [2.3125, 8.5, 4.25, 8.5625], "texture": "#voxels_atlas"}
			}
		},
		{
			"name": "Voxels",
			"from": [17.7391, 8.3478, 0.6957],
			"to": [23.1304, 8.52171, 0.86961],
			"faces": {
				"north": {"uv": [6.25, 10.3125, 4.3125, 10.375], "texture": "#voxels_atlas"},
				"east": {"uv": [1.0625, 10.1875, 1, 10.25], "texture": "#voxels_atlas"},
				"south": {"uv": [2.3125, 8, 4.25, 8.0625], "texture": "#voxels_atlas"},
				"west": {"uv": [1, 10, 1.0625, 10.0625], "texture": "#voxels_atlas"},
				"up": {"uv": [2.3125, 9.5, 4.25, 9.4375], "texture": "#voxels_atlas"},
				"down": {"uv": [2.3125, 9.375, 4.25, 9.4375], "texture": "#voxels_atlas"}
			}
		},
		{
			"name": "Voxels",
			"from": [17.7391, 8.3478, 1.913],
			"to": [23.1304, 8.52171, 2.08691],
			"faces": {
				"north": {"uv": [4.25, 8.6875, 2.3125, 8.75], "texture": "#voxels_atlas"},
				"east": {"uv": [1.0625, 10.3125, 1, 10.375], "texture": "#voxels_atlas"},
				"south": {"uv": [2.3125, 8.875, 4.25, 8.9375], "texture": "#voxels_atlas"},
				"west": {"uv": [1, 10.25, 1.0625, 10.3125], "texture": "#voxels_atlas"},
				"up": {"uv": [2.3125, 8.625, 4.25, 8.5625], "texture": "#voxels_atlas"},
				"down": {"uv": [2.3125, 8.0625, 4.25, 8.125], "texture": "#voxels_atlas"}
			}
		},
		{
			"name": "Voxels",
			"from": [17.7391, 8.5217, 1.0435],
			"to": [23.65214, 8.69561, 1.21741],
			"faces": {
				"north": {"uv": [6.5625, 11.0625, 4.4375, 11.125], "texture": "#voxels_atlas"},
				"east": {"uv": [8.4375, 13.625, 8.375, 13.6875], "texture": "#voxels_atlas"},
				"south": {"uv": [2.3125, 11.0625, 4.4375, 11.125], "texture": "#voxels_atlas"},
				"west": {"uv": [1, 10.375, 1.0625, 10.4375], "texture": "#voxels_atlas"},
				"up": {"uv": [2.3125, 11.0625, 4.4375, 11], "texture": "#voxels_atlas"},
				"down": {"uv": [4.4375, 11, 6.5625, 11.0625], "texture": "#voxels_atlas"}
			}
		},
		{
			"name": "Voxels",
			"from": [17.7391, 8.5217, 1.7391],
			"to": [23.30432, 8.69561, 1.91301],
			"faces": {
				"north": {"uv": [4.3125, 9.625, 2.3125, 9.6875], "texture": "#voxels_atlas"},
				"east": {"uv": [8.4375, 13.6875, 8.375, 13.75], "texture": "#voxels_atlas"},
				"south": {"uv": [2.3125, 9.5625, 4.3125, 9.625], "texture": "#voxels_atlas"},
				"west": {"uv": [8.4375, 13.6875, 8.5, 13.75], "texture": "#voxels_atlas"},
				"up": {"uv": [2.3125, 9.75, 4.3125, 9.6875], "texture": "#voxels_atlas"},
				"down": {"uv": [4.4375, 10.5, 6.4375, 10.5625], "texture": "#voxels_atlas"}
			}
		},
		{
			"name": "Voxels",
			"from": [17.913, 7.3043, 0.8696],
			"to": [23.13039, 7.47821, 1.04351],
			"faces": {
				"north": {"uv": [6.1875, 9.75, 4.3125, 9.8125], "texture": "#voxels_atlas"},
				"east": {"uv": [8.4375, 13.8125, 8.375, 13.875], "texture": "#voxels_atlas"},
				"south": {"uv": [4.3125, 9.6875, 6.1875, 9.75], "texture": "#voxels_atlas"},
				"west": {"uv": [8.4375, 13.8125, 8.5, 13.875], "texture": "#voxels_atlas"},
				"up": {"uv": [4.3125, 9.875, 6.1875, 9.8125], "texture": "#voxels_atlas"},
				"down": {"uv": [4.3125, 9.875, 6.1875, 9.9375], "texture": "#voxels_atlas"}
			}
		},
		{
			"name": "Voxels",
			"from": [17.913, 8.5217, 0.8696],
			"to": [23.13039, 8.69561, 1.04351],
			"faces": {
				"north": {"uv": [6.1875, 10, 4.3125, 10.0625], "texture": "#voxels_atlas"},
				"east": {"uv": [8.4375, 13.875, 8.375, 13.9375], "texture": "#voxels_atlas"},
				"south": {"uv": [4.3125, 9.9375, 6.1875, 10], "texture": "#voxels_atlas"},
				"west": {"uv": [8.4375, 13.875, 8.5, 13.9375], "texture": "#voxels_atlas"},
				"up": {"uv": [4.3125, 9.625, 6.1875, 9.5625], "texture": "#voxels_atlas"},
				"down": {"uv": [4.3125, 9.625, 6.1875, 9.6875], "texture": "#voxels_atlas"}
			}
		},
		{
			"name": "Voxels",
			"from": [18.087, 7.3043, 0.6957],
			"to": [22.95657, 7.47821, 0.86961],
			"faces": {
				"north": {"uv": [6.0625, 8.25, 4.3125, 8.3125], "texture": "#voxels_atlas"},
				"east": {"uv": [8.4375, 14.1875, 8.375, 14.25], "texture": "#voxels_atlas"},
				"south": {"uv": [4.3125, 8.3125, 6.0625, 8.375], "texture": "#voxels_atlas"},
				"west": {"uv": [8.4375, 14.1875, 8.5, 14.25], "texture": "#voxels_atlas"},
				"up": {"uv": [4.3125, 8.25, 6.0625, 8.1875], "texture": "#voxels_atlas"},
				"down": {"uv": [4.3125, 8.125, 6.0625, 8.1875], "texture": "#voxels_atlas"}
			}
		},
		{
			"name": "Voxels",
			"from": [18.087, 7.3043, 1.913],
			"to": [22.95657, 7.47821, 2.08691],
			"faces": {
				"north": {"uv": [6.0625, 8.6875, 4.3125, 8.75], "texture": "#voxels_atlas"},
				"east": {"uv": [8.4375, 14.3125, 8.375, 14.375], "texture": "#voxels_atlas"},
				"south": {"uv": [4.3125, 8.75, 6.0625, 8.8125], "texture": "#voxels_atlas"},
				"west": {"uv": [8.4375, 14.3125, 8.5, 14.375], "texture": "#voxels_atlas"},
				"up": {"uv": [4.3125, 8.625, 6.0625, 8.5625], "texture": "#voxels_atlas"},
				"down": {"uv": [4.3125, 8.5, 6.0625, 8.5625], "texture": "#voxels_atlas"}
			}
		},
		{
			"name": "Voxels",
			"from": [18.087, 7.4783, 0.5217],
			"to": [22.95657, 7.65221, 0.69561],
			"faces": {
				"north": {"uv": [6.0625, 9.1875, 4.3125, 9.25], "texture": "#voxels_atlas"},
				"east": {"uv": [8.4375, 14.5625, 8.375, 14.625], "texture": "#voxels_atlas"},
				"south": {"uv": [6.875, 15.6875, 8.625, 15.75], "texture": "#voxels_atlas"},
				"west": {"uv": [8.4375, 14.5625, 8.5, 14.625], "texture": "#voxels_atlas"},
				"up": {"uv": [4.3125, 9.1875, 6.0625, 9.125], "texture": "#voxels_atlas"},
				"down": {"uv": [4.3125, 8.9375, 6.0625, 9], "texture": "#voxels_atlas"}
			}
		},
		{
			"name": "Voxels",
			"from": [18.087, 7.4783, 2.087],
			"to": [22.95657, 7.65221, 2.26091],
			"faces": {
				"north": {"uv": [6.0625, 9.375, 4.3125, 9.4375], "texture": "#voxels_atlas"},
				"east": {"uv": [8.4375, 14.125, 8.375, 14.1875], "texture": "#voxels_atlas"},
				"south": {"uv": [4.3125, 9.4375, 6.0625, 9.5], "texture": "#voxels_atlas"},
				"west": {"uv": [8.4375, 14.125, 8.5, 14.1875], "texture": "#voxels_atlas"},
				"up": {"uv": [4.3125, 9.375, 6.0625, 9.3125], "texture": "#voxels_atlas"},
				"down": {"uv": [4.3125, 9.25, 6.0625, 9.3125], "texture": "#voxels_atlas"}
			}
		},
		{
			"name": "Voxels",
			"from": [18.087, 7.6522, 0.3478],
			"to": [22.95657, 7.82611, 0.52171],
			"faces": {
				"north": {"uv": [6.0625, 8, 4.3125, 8.0625], "texture": "#voxels_atlas"},
				"east": {"uv": [15.3125, 15.5, 15.25, 15.5625], "texture": "#voxels_atlas"},
				"south": {"uv": [4.3125, 8.0625, 6.0625, 8.125], "texture": "#voxels_atlas"},
				"west": {"uv": [15.3125, 15.5, 15.375, 15.5625], "texture": "#voxels_atlas"},
				"up": {"uv": [8.625, 15.9375, 10.375, 15.875], "texture": "#voxels_atlas"},
				"down": {"uv": [12.125, 15.9375, 13.875, 16], "texture": "#voxels_atlas"}
			}
		},
		{
			"name": "Voxels",
			"from": [18.087, 7.6522, 2.2609],
			"to": [22.95657, 7.82611, 2.43481],
			"faces": {
				"north": {"uv": [6.0625, 9.5, 4.3125, 9.5625], "texture": "#voxels_atlas"},
				"east": {"uv": [2.3125, 8.8125, 2.25, 8.875], "texture": "#voxels_atlas"},
				"south": {"uv": [8.625, 15.6875, 10.375, 15.75], "texture": "#voxels_atlas"},
				"west": {"uv": [2.1875, 8.75, 2.25, 8.8125], "texture": "#voxels_atlas"},
				"up": {"uv": [13.875, 16, 15.625, 15.9375], "texture": "#voxels_atlas"},
				"down": {"uv": [6.875, 15.875, 8.625, 15.9375], "texture": "#voxels_atlas"}
			}
		},
		{
			"name": "Voxels",
			"from": [18.087, 8.1739, 0.3478],
			"to": [22.95657, 8.34781, 0.52171],
			"faces": {
				"north": {"uv": [10.375, 15.8125, 8.625, 15.875], "texture": "#voxels_atlas"},
				"east": {"uv": [1.0625, 9.125, 1, 9.1875], "texture": "#voxels_atlas"},
				"south": {"uv": [6.875, 15.8125, 8.625, 15.875], "texture": "#voxels_atlas"},
				"west": {"uv": [1, 9.0625, 1.0625, 9.125], "texture": "#voxels_atlas"},
				"up": {"uv": [13.875, 15.875, 15.625, 15.8125], "texture": "#voxels_atlas"},
				"down": {"uv": [10.375, 15.75, 12.125, 15.8125], "texture": "#voxels_atlas"}
			}
		},
		{
			"name": "Voxels",
			"from": [18.087, 8.1739, 2.2609],
			"to": [22.95657, 8.34781, 2.43481],
			"faces": {
				"north": {"uv": [8.625, 15.9375, 6.875, 16], "texture": "#voxels_atlas"},
				"east": {"uv": [16, 15.875, 15.9375, 15.9375], "texture": "#voxels_atlas"},
				"south": {"uv": [10.375, 15.8125, 12.125, 15.875], "texture": "#voxels_atlas"},
				"west": {"uv": [15.875, 15.8125, 15.9375, 15.875], "texture": "#voxels_atlas"},
				"up": {"uv": [8.625, 16, 10.375, 15.9375], "texture": "#voxels_atlas"},
				"down": {"uv": [10.375, 15.9375, 12.125, 16], "texture": "#voxels_atlas"}
			}
		},
		{
			"name": "Voxels",
			"from": [18.087, 8.3478, 0.5217],
			"to": [22.95657, 8.52171, 0.69561],
			"faces": {
				"north": {"uv": [8.625, 15.75, 6.875, 15.8125], "texture": "#voxels_atlas"},
				"east": {"uv": [15.75, 15.875, 15.6875, 15.9375], "texture": "#voxels_atlas"},
				"south": {"uv": [8.625, 15.75, 10.375, 15.8125], "texture": "#voxels_atlas"},
				"west": {"uv": [15.875, 15.875, 15.9375, 15.9375], "texture": "#voxels_atlas"},
				"up": {"uv": [13.875, 15.9375, 15.625, 15.875], "texture": "#voxels_atlas"},
				"down": {"uv": [10.375, 15.875, 12.125, 15.9375], "texture": "#voxels_atlas"}
			}
		},
		{
			"name": "Voxels",
			"from": [18.087, 8.3478, 2.087],
			"to": [22.95657, 8.52171, 2.26091],
			"faces": {
				"north": {"uv": [12.125, 15.6875, 10.375, 15.75], "texture": "#voxels_atlas"},
				"east": {"uv": [6.6875, 8.5, 6.625, 8.5625], "texture": "#voxels_atlas"},
				"south": {"uv": [4.3125, 8.625, 6.0625, 8.6875], "texture": "#voxels_atlas"},
				"west": {"uv": [6.6875, 8.5, 6.75, 8.5625], "texture": "#voxels_atlas"},
				"up": {"uv": [4.3125, 9.0625, 6.0625, 9], "texture": "#voxels_atlas"},
				"down": {"uv": [4.3125, 9.0625, 6.0625, 9.125], "texture": "#voxels_atlas"}
			}
		},
		{
			"name": "Voxels",
			"from": [18.087, 8.5217, 0.6957],
			"to": [22.95657, 8.69561, 0.86961],
			"faces": {
				"north": {"uv": [13.875, 15.75, 12.125, 15.8125], "texture": "#voxels_atlas"},
				"east": {"uv": [8.5, 14.625, 8.4375, 14.6875], "texture": "#voxels_atlas"},
				"south": {"uv": [13.875, 15.75, 15.625, 15.8125], "texture": "#voxels_atlas"},
				"west": {"uv": [8.375, 14.625, 8.4375, 14.6875], "texture": "#voxels_atlas"},
				"up": {"uv": [12.125, 15.875, 13.875, 15.8125], "texture": "#voxels_atlas"},
				"down": {"uv": [12.125, 15.875, 13.875, 15.9375], "texture": "#voxels_atlas"}
			}
		},
		{
			"name": "Voxels",
			"from": [18.087, 8.5217, 1.913],
			"to": [22.95657, 8.69561, 2.08691],
			"faces": {
				"north": {"uv": [6.0625, 8.8125, 4.3125, 8.875], "texture": "#voxels_atlas"},
				"east": {"uv": [8.4375, 15, 8.375, 15.0625], "texture": "#voxels_atlas"},
				"south": {"uv": [4.3125, 8.875, 6.0625, 8.9375], "texture": "#voxels_atlas"},
				"west": {"uv": [8.4375, 15.125, 8.5, 15.1875], "texture": "#voxels_atlas"},
				"up": {"uv": [4.3125, 8.5, 6.0625, 8.4375], "texture": "#voxels_atlas"},
				"down": {"uv": [4.3125, 8.375, 6.0625, 8.4375], "texture": "#voxels_atlas"}
			}
		},
		{
			"name": "Voxels",
			"from": [18.2609, 7.1304, 1.0435],
			"to": [22.78264, 7.30431, 1.21741],
			"faces": {
				"north": {"uv": [8.5, 15.4375, 6.875, 15.5], "texture": "#voxels_atlas"},
				"east": {"uv": [8.4375, 14.8125, 8.375, 14.875], "texture": "#voxels_atlas"},
				"south": {"uv": [6.875, 15.375, 8.5, 15.4375], "texture": "#voxels_atlas"},
				"west": {"uv": [8.4375, 14.8125, 8.5, 14.875], "texture": "#voxels_atlas"},
				"up": {"uv": [13.375, 15.5625, 15, 15.5], "texture": "#voxels_atlas"},
				"down": {"uv": [11.75, 15.5, 13.375, 15.5625], "texture": "#voxels_atlas"}
			}
		},
		{
			"name": "Voxels",
			"from": [18.2609, 7.1304, 1.7391],
			"to": [22.78264, 7.30431, 1.91301],
			"faces": {
				"north": {"uv": [15.375, 15.6875, 13.75, 15.75], "texture": "#voxels_atlas"},
				"east": {"uv": [15.1875, 15.5625, 15.125, 15.625], "texture": "#voxels_atlas"},
				"south": {"uv": [6.875, 15.625, 8.5, 15.6875], "texture": "#voxels_atlas"},
				"west": {"uv": [15.1875, 15.5625, 15.25, 15.625], "texture": "#voxels_atlas"},
				"up": {"uv": [12.125, 15.75, 13.75, 15.6875], "texture": "#voxels_atlas"},
				"down": {"uv": [4.9375, 13.3125, 6.5625, 13.375], "texture": "#voxels_atlas"}
			}
		},
		{
			"name": "Voxels",
			"from": [18.2609, 7.8261, 0.1739],
			"to": [22.78264, 8.17393, 0.34781],
			"faces": {
				"north": {"uv": [6.6875, 12.4375, 5.0625, 12.5625], "texture": "#voxels_atlas"},
				"east": {"uv": [8.375, 10.5, 8.3125, 10.625], "texture": "#voxels_atlas"},
				"south": {"uv": [5.25, 12.5625, 6.875, 12.6875], "texture": "#voxels_atlas"},
				"west": {"uv": [8.3125, 10.75, 8.375, 10.875], "texture": "#voxels_atlas"},
				"up": {"uv": [10.125, 15.6875, 11.75, 15.625], "texture": "#voxels_atlas"},
				"down": {"uv": [8.5, 15.625, 10.125, 15.6875], "texture": "#voxels_atlas"}
			}
		},
		{
			"name": "Voxels",
			"from": [18.2609, 7.8261, 2.4348],
			"to": [22.78264, 8.17393, 2.60871],
			"faces": {
				"north": {"uv": [6.8125, 13.0625, 5.1875, 13.1875], "texture": "#voxels_atlas"},
				"east": {"uv": [8.0625, 10.75, 8, 10.875], "texture": "#voxels_atlas"},
				"south": {"uv": [4.9375, 13.375, 6.5625, 13.5], "texture": "#voxels_atlas"},
				"west": {"uv": [8, 10.625, 8.0625, 10.75], "texture": "#voxels_atlas"},
				"up": {"uv": [13.375, 15.6875, 15, 15.625], "texture": "#voxels_atlas"},
				"down": {"uv": [11.75, 15.625, 13.375, 15.6875], "texture": "#voxels_atlas"}
			}
		},
		{
			"name": "Voxels",
			"from": [18.2609, 8.6957, 1.0435],
			"to": [22.78264, 8.86961, 1.21741],
			"faces": {
				"north": {"uv": [11.75, 15.5625, 10.125, 15.625], "texture": "#voxels_atlas"},
				"east": {"uv": [15.5, 15.5625, 15.4375, 15.625], "texture": "#voxels_atlas"},
				"south": {"uv": [11.75, 15.5625, 13.375, 15.625], "texture": "#voxels_atlas"},
				"west": {"uv": [8.375, 15.125, 8.4375, 15.1875], "texture": "#voxels_atlas"},
				"up": {"uv": [8.5, 15.625, 10.125, 15.5625], "texture": "#voxels_atlas"},
				"down": {"uv": [6.875, 15.5625, 8.5, 15.625], "texture": "#voxels_atlas"}
			}
		},
		{
			"name": "Voxels",
			"from": [18.2609, 8.6957, 1.7391],
			"to": [22.78264, 8.86961, 1.91301],
			"faces": {
				"north": {"uv": [10.125, 15.5, 8.5, 15.5625], "texture": "#voxels_atlas"},
				"east": {"uv": [15.8125, 15.6875, 15.75, 15.75], "texture": "#voxels_atlas"},
				"south": {"uv": [10.125, 15.5, 11.75, 15.5625], "texture": "#voxels_atlas"},
				"west": {"uv": [15.9375, 15.625, 16, 15.6875], "texture": "#voxels_atlas"},
				"up": {"uv": [6.875, 15.5625, 8.5, 15.5], "texture": "#voxels_atlas"},
				"down": {"uv": [13.375, 15.5625, 15, 15.625], "texture": "#voxels_atlas"}
			}
		},
		{
			"name": "Voxels",
			"from": [18.4348, 7.1304, 0.8696],
			"to": [22.60871, 7.30431, 1.04351],
			"faces": {
				"north": {"uv": [8.375, 14.9375, 6.875, 15], "texture": "#voxels_atlas"},
				"east": {"uv": [15.6875, 15.6875, 15.625, 15.75], "texture": "#voxels_atlas"},
				"south": {"uv": [6.875, 15, 8.375, 15.0625], "texture": "#voxels_atlas"},
				"west": {"uv": [15.6875, 15.6875, 15.75, 15.75], "texture": "#voxels_atlas"},
				"up": {"uv": [6.875, 14.9375, 8.375, 14.875], "texture": "#voxels_atlas"},
				"down": {"uv": [6.875, 14.6875, 8.375, 14.75], "texture": "#voxels_atlas"}
			}
		},
		{
			"name": "Voxels",
			"from": [18.4348, 7.3043, 0.5217],
			"to": [22.60871, 7.47821, 0.69561],
			"faces": {
				"north": {"uv": [8.375, 13.1875, 6.875, 13.25], "texture": "#voxels_atlas"},
				"east": {"uv": [15.9375, 15.75, 15.875, 15.8125], "texture": "#voxels_atlas"},
				"south": {"uv": [6.875, 13.25, 8.375, 13.3125], "texture": "#voxels_atlas"},
				"west": {"uv": [15.9375, 15.75, 16, 15.8125], "texture": "#voxels_atlas"},
				"up": {"uv": [6.875, 13.1875, 8.375, 13.125], "texture": "#voxels_atlas"},
				"down": {"uv": [6.875, 13.0625, 8.375, 13.125], "texture": "#voxels_atlas"}
			}
		},
		{
			"name": "Voxels",
			"from": [18.4348, 7.3043, 2.087],
			"to": [22.60871, 7.47821, 2.26091],
			"faces": {
				"north": {"uv": [8.375, 13.625, 6.875, 13.6875], "texture": "#voxels_atlas"},
				"east": {"uv": [15.6875, 15.75, 15.625, 15.8125], "texture": "#voxels_atlas"},
				"south": {"uv": [6.875, 13.6875, 8.375, 13.75], "texture": "#voxels_atlas"},
				"west": {"uv": [15.6875, 15.75, 15.75, 15.8125], "texture": "#voxels_atlas"},
				"up": {"uv": [6.875, 14.0625, 8.375, 14], "texture": "#voxels_atlas"},
				"down": {"uv": [6.875, 13.375, 8.375, 13.4375], "texture": "#voxels_atlas"}
			}
		},
		{
			"name": "Voxels",
			"from": [18.4348, 7.4783, 0.3478],
			"to": [22.60871, 7.65221, 0.52171],
			"faces": {
				"north": {"uv": [8.375, 13.875, 6.875, 13.9375], "texture": "#voxels_atlas"},
				"east": {"uv": [15.6875, 15.875, 15.625, 15.9375], "texture": "#voxels_atlas"},
				"south": {"uv": [6.875, 13.9375, 8.375, 14], "texture": "#voxels_atlas"},
				"west": {"uv": [15.9375, 15.8125, 16, 15.875], "texture": "#voxels_atlas"},
				"up": {"uv": [6.875, 13.875, 8.375, 13.8125], "texture": "#voxels_atlas"},
				"down": {"uv": [6.875, 13.75, 8.375, 13.8125], "texture": "#voxels_atlas"}
			}
		},
		{
			"name": "Voxels",
			"from": [18.4348, 7.4783, 2.2609],
			"to": [22.60871, 7.65221, 2.43481],
			"faces": {
				"north": {"uv": [8.375, 14.8125, 6.875, 14.875], "texture": "#voxels_atlas"},
				"east": {"uv": [6.625, 8.5, 6.5625, 8.5625], "texture": "#voxels_atlas"},
				"south": {"uv": [6.875, 14.75, 8.375, 14.8125], "texture": "#voxels_atlas"},
				"west": {"uv": [6.75, 8.5, 6.8125, 8.5625], "texture": "#voxels_atlas"},
				"up": {"uv": [6.875, 15.1875, 8.375, 15.125], "texture": "#voxels_atlas"},
				"down": {"uv": [6.875, 15.1875, 8.375, 15.25], "texture": "#voxels_atlas"}
			}
		},
		{
			"name": "Voxels",
			"from": [18.4348, 8.3478, 0.3478],
			"to": [22.60871, 8.52171, 0.52171],
			"faces": {
				"north": {"uv": [8.375, 13.3125, 6.875, 13.375], "texture": "#voxels_atlas"},
				"east": {"uv": [4.3125, 8.375, 4.25, 8.4375], "texture": "#voxels_atlas"},
				"south": {"uv": [6.875, 13.5625, 8.375, 13.625], "texture": "#voxels_atlas"},
				"west": {"uv": [4.25, 8.0625, 4.3125, 8.125], "texture": "#voxels_atlas"},
				"up": {"uv": [6.875, 13.5, 8.375, 13.4375], "texture": "#voxels_atlas"},
				"down": {"uv": [6.875, 13.5, 8.375, 13.5625], "texture": "#voxels_atlas"}
			}
		},
		{
			"name": "Voxels",
			"from": [18.4348, 8.3478, 2.2609],
			"to": [22.60871, 8.52171, 2.43481],
			"faces": {
				"north": {"uv": [8.375, 12.9375, 6.875, 13], "texture": "#voxels_atlas"},
				"east": {"uv": [4.3125, 8.5, 4.25, 8.5625], "texture": "#voxels_atlas"},
				"south": {"uv": [6.875, 12.875, 8.375, 12.9375], "texture": "#voxels_atlas"},
				"west": {"uv": [4.25, 8.4375, 4.3125, 8.5], "texture": "#voxels_atlas"},
				"up": {"uv": [6.875, 13.0625, 8.375, 13], "texture": "#voxels_atlas"},
				"down": {"uv": [6.875, 15.3125, 8.375, 15.375], "texture": "#voxels_atlas"}
			}
		},
		{
			"name": "Voxels",
			"from": [18.4348, 8.5217, 0.5217],
			"to": [22.60871, 8.69561, 0.69561],
			"faces": {
				"north": {"uv": [8.375, 14.375, 6.875, 14.4375], "texture": "#voxels_atlas"},
				"east": {"uv": [4.3125, 8.875, 4.25, 8.9375], "texture": "#voxels_atlas"},
				"south": {"uv": [6.875, 14.3125, 8.375, 14.375], "texture": "#voxels_atlas"},
				"west": {"uv": [4.25, 8.6875, 4.3125, 8.75], "texture": "#voxels_atlas"},
				"up": {"uv": [6.875, 15.125, 8.375, 15.0625], "texture": "#voxels_atlas"},
				"down": {"uv": [6.875, 15.25, 8.375, 15.3125], "texture": "#voxels_atlas"}
			}
		},
		{
			"name": "Voxels",
			"from": [18.4348, 8.5217, 2.087],
			"to": [22.60871, 8.69561, 2.26091],
			"faces": {
				"north": {"uv": [8.375, 14.125, 6.875, 14.1875], "texture": "#voxels_atlas"},
				"east": {"uv": [8.5, 13.5, 8.4375, 13.5625], "texture": "#voxels_atlas"},
				"south": {"uv": [6.875, 14.0625, 8.375, 14.125], "texture": "#voxels_atlas"},
				"west": {"uv": [4.25, 9.125, 4.3125, 9.1875], "texture": "#voxels_atlas"},
				"up": {"uv": [6.875, 14.25, 8.375, 14.1875], "texture": "#voxels_atlas"},
				"down": {"uv": [6.875, 14.25, 8.375, 14.3125], "texture": "#voxels_atlas"}
			}
		},
		{
			"name": "Voxels",
			"from": [18.4348, 8.6957, 0.8696],
			"to": [22.60871, 8.86961, 1.04351],
			"faces": {
				"north": {"uv": [8.375, 14.5, 6.875, 14.5625], "texture": "#voxels_atlas"},
				"east": {"uv": [8.5, 14.0625, 8.4375, 14.125], "texture": "#voxels_atlas"},
				"south": {"uv": [6.875, 14.4375, 8.375, 14.5], "texture": "#voxels_atlas"},
				"west": {"uv": [8.375, 13.5, 8.4375, 13.5625], "texture": "#voxels_atlas"},
				"up": {"uv": [6.875, 14.625, 8.375, 14.5625], "texture": "#voxels_atlas"},
				"down": {"uv": [6.875, 14.625, 8.375, 14.6875], "texture": "#voxels_atlas"}
			}
		},
		{
			"name": "Voxels",
			"from": [18.6087, 7.1304, 0.6957],
			"to": [22.26087, 7.30431, 0.86961],
			"faces": {
				"north": {"uv": [8.1875, 11.4375, 6.875, 11.5], "texture": "#voxels_atlas"},
				"east": {"uv": [8.5, 14.25, 8.4375, 14.3125], "texture": "#voxels_atlas"},
				"south": {"uv": [6.875, 11.375, 8.1875, 11.4375], "texture": "#voxels_atlas"},
				"west": {"uv": [8.375, 14.0625, 8.4375, 14.125], "texture": "#voxels_atlas"},
				"up": {"uv": [6.875, 11.5625, 8.1875, 11.5], "texture": "#voxels_atlas"},
				"down": {"uv": [6.875, 11.5625, 8.1875, 11.625], "texture": "#voxels_atlas"}
			}
		},
		{
			"name": "Voxels",
			"from": [18.6087, 7.1304, 1.913],
			"to": [22.26087, 7.30431, 2.08691],
			"faces": {
				"north": {"uv": [8.1875, 11.1875, 6.875, 11.25], "texture": "#voxels_atlas"},
				"east": {"uv": [15.875, 15.8125, 15.8125, 15.875], "texture": "#voxels_atlas"},
				"south": {"uv": [6.875, 11.0625, 8.1875, 11.125], "texture": "#voxels_atlas"},
				"west": {"uv": [8.375, 14.25, 8.4375, 14.3125], "texture": "#voxels_atlas"},
				"up": {"uv": [6.875, 11.375, 8.1875, 11.3125], "texture": "#voxels_atlas"},
				"down": {"uv": [6.875, 11.25, 8.1875, 11.3125], "texture": "#voxels_atlas"}
			}
		},
		{
			"name": "Voxels",
			"from": [18.6087, 7.6522, 0.1739],
			"to": [22.43479, 7.82611, 0.34781],
			"faces": {
				"north": {"uv": [8.25, 12.125, 6.875, 12.1875], "texture": "#voxels_atlas"},
				"east": {"uv": [15.875, 15.875, 15.8125, 15.9375], "texture": "#voxels_atlas"},
				"south": {"uv": [6.875, 12.1875, 8.25, 12.25], "texture": "#voxels_atlas"},
				"west": {"uv": [15.75, 15.8125, 15.8125, 15.875], "texture": "#voxels_atlas"},
				"up": {"uv": [6.875, 12.875, 8.25, 12.8125], "texture": "#voxels_atlas"},
				"down": {"uv": [6.875, 12.75, 8.25, 12.8125], "texture": "#voxels_atlas"}
			}
		},
		{
			"name": "Voxels",
			"from": [18.6087, 7.6522, 2.4348],
			"to": [22.43479, 7.82611, 2.60871],
			"faces": {
				"north": {"uv": [8.25, 11.9375, 6.875, 12], "texture": "#voxels_atlas"},
				"east": {"uv": [8.5, 13.625, 8.4375, 13.6875], "texture": "#voxels_atlas"},
				"south": {"uv": [6.875, 12.4375, 8.25, 12.5], "texture": "#voxels_atlas"},
				"west": {"uv": [15.75, 15.875, 15.8125, 15.9375], "texture": "#voxels_atlas"},
				"up": {"uv": [6.875, 12.3125, 8.25, 12.25], "texture": "#voxels_atlas"},
				"down": {"uv": [6.875, 11.875, 8.25, 11.9375], "texture": "#voxels_atlas"}
			}
		},
		{
			"name": "Voxels",
			"from": [18.6087, 8.1739, 0.1739],
			"to": [22.43479, 8.34781, 0.34781],
			"faces": {
				"north": {"uv": [8.25, 12.6875, 6.875, 12.75], "texture": "#voxels_atlas"},
				"east": {"uv": [8.5, 14.375, 8.4375, 14.4375], "texture": "#voxels_atlas"},
				"south": {"uv": [6.875, 12.5625, 8.25, 12.625], "texture": "#voxels_atlas"},
				"west": {"uv": [8.375, 14.375, 8.4375, 14.4375], "texture": "#voxels_atlas"},
				"up": {"uv": [6.875, 12.4375, 8.25, 12.375], "texture": "#voxels_atlas"},
				"down": {"uv": [6.875, 12, 8.25, 12.0625], "texture": "#voxels_atlas"}
			}
		},
		{
			"name": "Voxels",
			"from": [18.6087, 8.1739, 2.4348],
			"to": [22.43479, 8.34781, 2.60871],
			"faces": {
				"north": {"uv": [8.25, 12.0625, 6.875, 12.125], "texture": "#voxels_atlas"},
				"east": {"uv": [8.5, 14, 8.4375, 14.0625], "texture": "#voxels_atlas"},
				"south": {"uv": [6.875, 12.625, 8.25, 12.6875], "texture": "#voxels_atlas"},
				"west": {"uv": [8.375, 14, 8.4375, 14.0625], "texture": "#voxels_atlas"},
				"up": {"uv": [6.875, 12.375, 8.25, 12.3125], "texture": "#voxels_atlas"},
				"down": {"uv": [6.875, 12.5, 8.25, 12.5625], "texture": "#voxels_atlas"}
			}
		},
		{
			"name": "Voxels",
			"from": [18.6087, 8.6957, 0.6957],
			"to": [22.26087, 8.86961, 0.86961],
			"faces": {
				"north": {"uv": [8.1875, 11.75, 6.875, 11.8125], "texture": "#voxels_atlas"},
				"east": {"uv": [4.3125, 8.75, 4.25, 8.8125], "texture": "#voxels_atlas"},
				"south": {"uv": [6.875, 11.8125, 8.1875, 11.875], "texture": "#voxels_atlas"},
				"west": {"uv": [4.25, 8.8125, 4.3125, 8.875], "texture": "#voxels_atlas"},
				"up": {"uv": [6.875, 11.75, 8.1875, 11.6875], "texture": "#voxels_atlas"},
				"down": {"uv": [6.875, 11.625, 8.1875, 11.6875], "texture": "#voxels_atlas"}
			}
		},
		{
			"name": "Voxels",
			"from": [18.6087, 8.6957, 1.913],
			"to": [22.26087, 8.86961, 2.08691],
			"faces": {
				"north": {"uv": [8.1875, 11, 6.875, 11.0625], "texture": "#voxels_atlas"},
				"east": {"uv": [4.3125, 8.125, 4.25, 8.1875], "texture": "#voxels_atlas"},
				"south": {"uv": [6.875, 11.125, 8.1875, 11.1875], "texture": "#voxels_atlas"},
				"west": {"uv": [4.25, 8.3125, 4.3125, 8.375], "texture": "#voxels_atlas"},
				"up": {"uv": [6.875, 11, 8.1875, 10.9375], "texture": "#voxels_atlas"},
				"down": {"uv": [6.875, 10.875, 8.1875, 10.9375], "texture": "#voxels_atlas"}
			}
		},
		{
			"name": "Voxels",
			"from": [18.7826, 7.8261, 0],
			"to": [22.26086, 8.17393, 0.17391],
			"faces": {
				"north": {"uv": [2.3125, 11.25, 1.0625, 11.375], "texture": "#voxels_atlas"},
				"east": {"uv": [8.4375, 10.625, 8.375, 10.75], "texture": "#voxels_atlas"},
				"south": {"uv": [1.0625, 11.125, 2.3125, 11.25], "texture": "#voxels_atlas"},
				"west": {"uv": [6.8125, 14, 6.875, 14.125], "texture": "#voxels_atlas"},
				"up": {"uv": [1.0625, 11.0625, 2.3125, 11], "texture": "#voxels_atlas"},
				"down": {"uv": [1.0625, 10.875, 2.3125, 10.9375], "texture": "#voxels_atlas"}
			}
		},
		{
			"name": "Voxels",
			"from": [18.7826, 7.8261, 2.6087],
			"to": [22.26086, 8.17393, 2.78261],
			"faces": {
				"north": {"uv": [6.875, 12.8125, 5.625, 12.9375], "texture": "#voxels_atlas"},
				"east": {"uv": [6.875, 13.0625, 6.8125, 13.1875], "texture": "#voxels_atlas"},
				"south": {"uv": [5.4375, 12.6875, 6.6875, 12.8125], "texture": "#voxels_atlas"},
				"west": {"uv": [6.8125, 13.6875, 6.875, 13.8125], "texture": "#voxels_atlas"},
				"up": {"uv": [1.0625, 11, 2.3125, 10.9375], "texture": "#voxels_atlas"},
				"down": {"uv": [1.0625, 11.0625, 2.3125, 11.125], "texture": "#voxels_atlas"}
			}
		},
		{
			"name": "Voxels",
			"from": [18.9565, 6.9565, 1.0435],
			"to": [21.91302, 7.13041, 1.91307],
			"faces": {
				"north": {"uv": [1.0625, 10.4375, 0, 10.5], "texture": "#voxels_atlas"},
				"east": {"uv": [6.6875, 9.25, 6.375, 9.3125], "texture": "#voxels_atlas"},
				"south": {"uv": [0, 10.5625, 1.0625, 10.625], "texture": "#voxels_atlas"},
				"west": {"uv": [6.0625, 9.0625, 6.375, 9.125], "texture": "#voxels_atlas"},
				"up": {"uv": [0, 12.125, 1.0625, 11.8125], "texture": "#voxels_atlas"},
				"down": {"uv": [0, 12.75, 1.0625, 13.0625], "texture": "#voxels_atlas"}
			}
		},
		{
			"name": "Voxels",
			"from": [18.9565, 7.3043, 0.3478],
			"to": [22.08693, 7.47821, 0.52171],
			"faces": {
				"north": {"uv": [2.1875, 9.875, 1.0625, 9.9375], "texture": "#voxels_atlas"},
				"east": {"uv": [15.9375, 15.625, 15.875, 15.6875], "texture": "#voxels_atlas"},
				"south": {"uv": [1.0625, 9.375, 2.1875, 9.4375], "texture": "#voxels_atlas"},
				"west": {"uv": [15.8125, 15.6875, 15.875, 15.75], "texture": "#voxels_atlas"},
				"up": {"uv": [1.0625, 9.5625, 2.1875, 9.5], "texture": "#voxels_atlas"},
				"down": {"uv": [1.0625, 9.625, 2.1875, 9.6875], "texture": "#voxels_atlas"}
			}
		},
		{
			"name": "Voxels",
			"from": [18.9565, 7.3043, 2.2609],
			"to": [22.08693, 7.47821, 2.43481],
			"faces": {
				"north": {"uv": [6.875, 13.25, 5.75, 13.3125], "texture": "#voxels_atlas"},
				"east": {"uv": [15.4375, 15.5625, 15.375, 15.625], "texture": "#voxels_atlas"},
				"south": {"uv": [5.75, 13.1875, 6.875, 13.25], "texture": "#voxels_atlas"},
				"west": {"uv": [15.25, 15.5625, 15.3125, 15.625], "texture": "#voxels_atlas"},
				"up": {"uv": [1.0625, 9.3125, 2.1875, 9.25], "texture": "#voxels_atlas"},
				"down": {"uv": [1.0625, 9.3125, 2.1875, 9.375], "texture": "#voxels_atlas"}
			}
		},
		{
			"name": "Voxels",
			"from": [18.9565, 7.4783, 0.1739],
			"to": [22.08693, 7.65221, 0.34781],
			"faces": {
				"north": {"uv": [2.1875, 10.75, 1.0625, 10.8125], "texture": "#voxels_atlas"},
				"east": {"uv": [8.4375, 14.9375, 8.375, 15], "texture": "#voxels_atlas"},
				"south": {"uv": [1.0625, 9, 2.1875, 9.0625], "texture": "#voxels_atlas"},
				"west": {"uv": [8.4375, 15, 8.5, 15.0625], "texture": "#voxels_atlas"},
				"up": {"uv": [1.0625, 9.625, 2.1875, 9.5625], "texture": "#voxels_atlas"},
				"down": {"uv": [1.0625, 10.8125, 2.1875, 10.875], "texture": "#voxels_atlas"}
			}
		},
		{
			"name": "Voxels",
			"from": [18.9565, 7.4783, 2.4348],
			"to": [22.08693, 7.65221, 2.60871],
			"faces": {
				"north": {"uv": [2.1875, 9.1875, 1.0625, 9.25], "texture": "#voxels_atlas"},
				"east": {"uv": [8.5, 14.75, 8.4375, 14.8125], "texture": "#voxels_atlas"},
				"south": {"uv": [1.0625, 9.4375, 2.1875, 9.5], "texture": "#voxels_atlas"},
				"west": {"uv": [8.375, 14.75, 8.4375, 14.8125], "texture": "#voxels_atlas"},
				"up": {"uv": [1.0625, 9.1875, 2.1875, 9.125], "texture": "#voxels_atlas"},
				"down": {"uv": [1.0625, 9.0625, 2.1875, 9.125], "texture": "#voxels_atlas"}
			}
		},
		{
			"name": "Voxels",
			"from": [18.9565, 7.6522, 0],
			"to": [21.73911, 7.82611, 0.17391],
			"faces": {
				"north": {"uv": [1, 9.25, 0, 9.3125], "texture": "#voxels_atlas"},
				"east": {"uv": [8.5, 14.5, 8.4375, 14.5625], "texture": "#voxels_atlas"},
				"south": {"uv": [0, 9.3125, 1, 9.375], "texture": "#voxels_atlas"},
				"west": {"uv": [8.375, 14.5, 8.4375, 14.5625], "texture": "#voxels_atlas"},
				"up": {"uv": [0, 8.9375, 1, 8.875], "texture": "#voxels_atlas"},
				"down": {"uv": [0, 8.8125, 1, 8.875], "texture": "#voxels_atlas"}
			}
		},
		{
			"name": "Voxels",
			"from": [18.9565, 7.6522, 2.6087],
			"to": [21.73911, 7.82611, 2.78261],
			"faces": {
				"north": {"uv": [1, 9.5625, 0, 9.625], "texture": "#voxels_atlas"},
				"east": {"uv": [8.5, 13.9375, 8.4375, 14], "texture": "#voxels_atlas"},
				"south": {"uv": [0, 10, 1, 10.0625], "texture": "#voxels_atlas"},
				"west": {"uv": [8.375, 13.9375, 8.4375, 14], "texture": "#voxels_atlas"},
				"up": {"uv": [0, 9.5, 1, 9.4375], "texture": "#voxels_atlas"},
				"down": {"uv": [0, 9.375, 1, 9.4375], "texture": "#voxels_atlas"}
			}
		},
		{
			"name": "Voxels",
			"from": [18.9565, 8.1739, 0],
			"to": [21.73911, 8.34781, 0.17391],
			"faces": {
				"north": {"uv": [1, 10.1875, 0, 10.25], "texture": "#voxels_atlas"},
				"east": {"uv": [8.5, 13.75, 8.4375, 13.8125], "texture": "#voxels_atlas"},
				"south": {"uv": [0, 10.3125, 1, 10.375], "texture": "#voxels_atlas"},
				"west": {"uv": [8.375, 13.75, 8.4375, 13.8125], "texture": "#voxels_atlas"},
				"up": {"uv": [0, 10.1875, 1, 10.125], "texture": "#voxels_atlas"},
				"down": {"uv": [0, 10.0625, 1, 10.125], "texture": "#voxels_atlas"}
			}
		},
		{
			"name": "Voxels",
			"from": [18.9565, 8.1739, 2.6087],
			"to": [21.73911, 8.34781, 2.78261],
			"faces": {
				"north": {"uv": [1, 9.1875, 0, 9.25], "texture": "#voxels_atlas"},
				"east": {"uv": [8.5, 13.5625, 8.4375, 13.625], "texture": "#voxels_atlas"},
				"south": {"uv": [0, 9.625, 1, 9.6875], "texture": "#voxels_atlas"},
				"west": {"uv": [8.375, 13.5625, 8.4375, 13.625], "texture": "#voxels_atlas"},
				"up": {"uv": [0, 9.1875, 1, 9.125], "texture": "#voxels_atlas"},
				"down": {"uv": [0, 9, 1, 9.0625], "texture": "#voxels_atlas"}
			}
		},
		{
			"name": "Voxels",
			"from": [18.9565, 8.3478, 0.1739],
			"to": [22.08693, 8.52171, 0.34781],
			"faces": {
				"north": {"uv": [2.1875, 10.625, 1.0625, 10.6875], "texture": "#voxels_atlas"},
				"east": {"uv": [1.0625, 10.0625, 1, 10.125], "texture": "#voxels_atlas"},
				"south": {"uv": [1.0625, 10.5625, 2.1875, 10.625], "texture": "#voxels_atlas"},
				"west": {"uv": [1, 10.125, 1.0625, 10.1875], "texture": "#voxels_atlas"},
				"up": {"uv": [1.0625, 10.75, 2.1875, 10.6875], "texture": "#voxels_atlas"},
				"down": {"uv": [1.0625, 9.8125, 2.1875, 9.875], "texture": "#voxels_atlas"}
			}
		},
		{
			"name": "Voxels",
			"from": [18.9565, 8.3478, 2.4348],
			"to": [22.08693, 8.52171, 2.60871],
			"faces": {
				"north": {"uv": [2.1875, 10.375, 1.0625, 10.4375], "texture": "#voxels_atlas"},
				"east": {"uv": [1.0625, 9.6875, 1, 9.75], "texture": "#voxels_atlas"},
				"south": {"uv": [1.0625, 10.3125, 2.1875, 10.375], "texture": "#voxels_atlas"},
				"west": {"uv": [1, 9.75, 1.0625, 9.8125], "texture": "#voxels_atlas"},
				"up": {"uv": [1.0625, 10.5, 2.1875, 10.4375], "texture": "#voxels_atlas"},
				"down": {"uv": [1.0625, 10.5, 2.1875, 10.5625], "texture": "#voxels_atlas"}
			}
		},
		{
			"name": "Voxels",
			"from": [18.9565, 8.5217, 0.3478],
			"to": [22.08693, 8.69561, 0.52171],
			"faces": {
				"north": {"uv": [2.1875, 10.125, 1.0625, 10.1875], "texture": "#voxels_atlas"},
				"east": {"uv": [1.0625, 9.5, 1, 9.5625], "texture": "#voxels_atlas"},
				"south": {"uv": [1.0625, 10.0625, 2.1875, 10.125], "texture": "#voxels_atlas"},
				"west": {"uv": [1, 9.5625, 1.0625, 9.625], "texture": "#voxels_atlas"},
				"up": {"uv": [1.0625, 10.25, 2.1875, 10.1875], "texture": "#voxels_atlas"},
				"down": {"uv": [1.0625, 10.25, 2.1875, 10.3125], "texture": "#voxels_atlas"}
			}
		},
		{
			"name": "Voxels",
			"from": [18.9565, 8.5217, 2.2609],
			"to": [22.08693, 8.69561, 2.43481],
			"faces": {
				"north": {"uv": [2.1875, 9.75, 1.0625, 9.8125], "texture": "#voxels_atlas"},
				"east": {"uv": [1.0625, 9.1875, 1, 9.25], "texture": "#voxels_atlas"},
				"south": {"uv": [1.0625, 9.6875, 2.1875, 9.75], "texture": "#voxels_atlas"},
				"west": {"uv": [1, 9.25, 1.0625, 9.3125], "texture": "#voxels_atlas"},
				"up": {"uv": [1.0625, 10, 2.1875, 9.9375], "texture": "#voxels_atlas"},
				"down": {"uv": [1.0625, 10, 2.1875, 10.0625], "texture": "#voxels_atlas"}
			}
		},
		{
			"name": "Voxels",
			"from": [18.9565, 8.8696, 1.0435],
			"to": [21.91302, 9.04351, 1.91307],
			"faces": {
				"north": {"uv": [1.0625, 10.625, 0, 10.6875], "texture": "#voxels_atlas"},
				"east": {"uv": [6.875, 10.75, 6.5625, 10.8125], "texture": "#voxels_atlas"},
				"south": {"uv": [0, 10.5, 1.0625, 10.5625], "texture": "#voxels_atlas"},
				"west": {"uv": [6.5625, 10.6875, 6.875, 10.75], "texture": "#voxels_atlas"},
				"up": {"uv": [0, 12.4375, 1.0625, 12.125], "texture": "#voxels_atlas"},
				"down": {"uv": [0, 12.4375, 1.0625, 12.75], "texture": "#voxels_atlas"}
			}
		},
		{
			"name": "Voxels",
			"from": [19.1304, 7.1304, 0.5217],
			"to": [21.91301, 7.30431, 0.69561],
			"faces": {
				"north": {"uv": [1, 8.75, 0, 8.8125], "texture": "#voxels_atlas"},
				"east": {"uv": [1.0625, 8.4375, 1, 8.5], "texture": "#voxels_atlas"},
				"south": {"uv": [0, 8.6875, 1, 8.75], "texture": "#voxels_atlas"},
				"west": {"uv": [1, 8.5, 1.0625, 8.5625], "texture": "#voxels_atlas"},
				"up": {"uv": [0, 9.125, 1, 9.0625], "texture": "#voxels_atlas"},
				"down": {"uv": [0, 8.9375, 1, 9], "texture": "#voxels_atlas"}
			}
		},
		{
			"name": "Voxels",
			"from": [19.1304, 7.1304, 2.087],
			"to": [21.91301, 7.30431, 2.26091],
			"faces": {
				"north": {"uv": [1, 8.5, 0, 8.5625], "texture": "#voxels_atlas"},
				"east": {"uv": [2.3125, 9.5, 2.25, 9.5625], "texture": "#voxels_atlas"},
				"south": {"uv": [0, 8.4375, 1, 8.5], "texture": "#voxels_atlas"},
				"west": {"uv": [2.1875, 9.5, 2.25, 9.5625], "texture": "#voxels_atlas"},
				"up": {"uv": [0, 8.625, 1, 8.5625], "texture": "#voxels_atlas"},
				"down": {"uv": [0, 8.625, 1, 8.6875], "texture": "#voxels_atlas"}
			}
		},
		{
			"name": "Voxels",
			"from": [19.1304, 8.6957, 0.5217],
			"to": [21.91301, 8.86961, 0.69561],
			"faces": {
				"north": {"uv": [1, 10.25, 0, 10.3125], "texture": "#voxels_atlas"},
				"east": {"uv": [2.3125, 9.3125, 2.25, 9.375], "texture": "#voxels_atlas"},
				"south": {"uv": [0, 9.9375, 1, 10], "texture": "#voxels_atlas"},
				"west": {"uv": [2.1875, 9.3125, 2.25, 9.375], "texture": "#voxels_atlas"},
				"up": {"uv": [0, 9.5625, 1, 9.5], "texture": "#voxels_atlas"},
				"down": {"uv": [0, 10.375, 1, 10.4375], "texture": "#voxels_atlas"}
			}
		},
		{
			"name": "Voxels",
			"from": [19.1304, 8.6957, 2.087],
			"to": [21.91301, 8.86961, 2.26091],
			"faces": {
				"north": {"uv": [1, 9.75, 0, 9.8125], "texture": "#voxels_atlas"},
				"east": {"uv": [2.3125, 9.125, 2.25, 9.1875], "texture": "#voxels_atlas"},
				"south": {"uv": [0, 9.6875, 1, 9.75], "texture": "#voxels_atlas"},
				"west": {"uv": [2.1875, 9.125, 2.25, 9.1875], "texture": "#voxels_atlas"},
				"up": {"uv": [0, 9.875, 1, 9.8125], "texture": "#voxels_atlas"},
				"down": {"uv": [0, 9.875, 1, 9.9375], "texture": "#voxels_atlas"}
			}
		},
		{
			"name": "Voxels",
			"from": [19.3043, 6.9565, 0.8696],
			"to": [21.73908, 7.13041, 1.04351],
			"faces": {
				"north": {"uv": [0.875, 8.3125, 0, 8.375], "texture": "#voxels_atlas"},
				"east": {"uv": [2.25, 9, 2.1875, 9.0625], "texture": "#voxels_atlas"},
				"south": {"uv": [0, 8.25, 0.875, 8.3125], "texture": "#voxels_atlas"},
				"west": {"uv": [2.25, 9.0625, 2.3125, 9.125], "texture": "#voxels_atlas"},
				"up": {"uv": [0, 8.4375, 0.875, 8.375], "texture": "#voxels_atlas"},
				"down": {"uv": [0, 8, 0.875, 8.0625], "texture": "#voxels_atlas"}
			}
		},
		{
			"name": "Voxels",
			"from": [19.3043, 8.8696, 0.8696],
			"to": [21.73908, 9.04351, 1.04351],
			"faces": {
				"north": {"uv": [0.875, 8.0625, 0, 8.125], "texture": "#voxels_atlas"},
				"east": {"uv": [2.25, 8.8125, 2.1875, 8.875], "texture": "#voxels_atlas"},
				"south": {"uv": [5.8125, 13, 6.6875, 13.0625], "texture": "#voxels_atlas"},
				"west": {"uv": [2.25, 9, 2.3125, 9.0625], "texture": "#voxels_atlas"},
				"up": {"uv": [0, 8.1875, 0.875, 8.125], "texture": "#voxels_atlas"},
				"down": {"uv": [0, 8.1875, 0.875, 8.25], "texture": "#voxels_atlas"}
			}
		},
		{
			"name": "Voxels",
			"from": [20, 6.7826, 0.8696],
			"to": [20.86957, 6.95651, 1.91308],
			"faces": {
				"north": {"uv": [6.8125, 9.625, 6.5, 9.6875], "texture": "#voxels_atlas"},
				"east": {"uv": [1.8125, 8.625, 1.4375, 8.6875], "texture": "#voxels_atlas"},
				"south": {"uv": [6.1875, 9.625, 6.5, 9.6875], "texture": "#voxels_atlas"},
				"west": {"uv": [1.8125, 8.625, 2.1875, 8.6875], "texture": "#voxels_atlas"},
				"up": {"uv": [0, 11.3125, 0.3125, 10.9375], "texture": "#voxels_atlas"},
				"down": {"uv": [6.5, 14.375, 6.8125, 14.75], "texture": "#voxels_atlas"}
			}
		},
		{
			"name": "Voxels",
			"from": [20, 6.9565, 0.5217],
			"to": [20.86957, 7.13041, 0.86953],
			"faces": {
				"north": {"uv": [6.8125, 9.6875, 6.5, 9.75], "texture": "#voxels_atlas"},
				"east": {"uv": [2.3125, 10.625, 2.1875, 10.6875], "texture": "#voxels_atlas"},
				"south": {"uv": [6.1875, 9.6875, 6.5, 9.75], "texture": "#voxels_atlas"},
				"west": {"uv": [2.1875, 10.5625, 2.3125, 10.625], "texture": "#voxels_atlas"},
				"up": {"uv": [6.5625, 13.6875, 6.875, 13.5625], "texture": "#voxels_atlas"},
				"down": {"uv": [1.4375, 8.875, 1.75, 9], "texture": "#voxels_atlas"}
			}
		},
		{
			"name": "Voxels",
			"from": [20, 6.9565, 1.913],
			"to": [21.04348, 7.13041, 2.08691],
			"faces": {
				"north": {"uv": [1.8125, 8.8125, 1.4375, 8.875], "texture": "#voxels_atlas"},
				"east": {"uv": [2.3125, 8.5625, 2.25, 8.625], "texture": "#voxels_atlas"},
				"south": {"uv": [6.5, 11.5625, 6.875, 11.625], "texture": "#voxels_atlas"},
				"west": {"uv": [2.1875, 8.5625, 2.25, 8.625], "texture": "#voxels_atlas"},
				"up": {"uv": [1.4375, 8.75, 1.8125, 8.6875], "texture": "#voxels_atlas"},
				"down": {"uv": [1.8125, 8.8125, 2.1875, 8.875], "texture": "#voxels_atlas"}
			}
		},
		{
			"name": "Voxels",
			"from": [20, 6.9565, 2.087],
			"to": [20.86957, 7.13041, 2.26091],
			"faces": {
				"north": {"uv": [6.5, 9.8125, 6.1875, 9.875], "texture": "#voxels_atlas"},
				"east": {"uv": [4.3125, 9.3125, 4.25, 9.375], "texture": "#voxels_atlas"},
				"south": {"uv": [6.5625, 10.375, 6.875, 10.4375], "texture": "#voxels_atlas"},
				"west": {"uv": [4.25, 9.375, 4.3125, 9.4375], "texture": "#voxels_atlas"},
				"up": {"uv": [6.5, 9.875, 6.8125, 9.8125], "texture": "#voxels_atlas"},
				"down": {"uv": [6.1875, 9.75, 6.5, 9.8125], "texture": "#voxels_atlas"}
			}
		},
		{
			"name": "Voxels",
			"from": [20, 7.1304, 0.3478],
			"to": [20.86957, 7.30431, 0.52171],
			"faces": {
				"north": {"uv": [6.5, 9.9375, 6.1875, 10], "texture": "#voxels_atlas"},
				"east": {"uv": [4.3125, 8.9375, 4.25, 9], "texture": "#voxels_atlas"},
				"south": {"uv": [6.5, 10, 6.8125, 10.0625], "texture": "#voxels_atlas"},
				"west": {"uv": [4.25, 9, 4.3125, 9.0625], "texture": "#voxels_atlas"},
				"up": {"uv": [6.5, 10, 6.8125, 9.9375], "texture": "#voxels_atlas"},
				"down": {"uv": [6.1875, 9.875, 6.5, 9.9375], "texture": "#voxels_atlas"}
			}
		},
		{
			"name": "Voxels",
			"from": [20, 7.1304, 2.2609],
			"to": [20.86957, 7.30431, 2.43481],
			"faces": {
				"north": {"uv": [6.5625, 10.125, 6.25, 10.1875], "texture": "#voxels_atlas"},
				"east": {"uv": [4.3125, 8.5625, 4.25, 8.625], "texture": "#voxels_atlas"},
				"south": {"uv": [6.5625, 10.1875, 6.875, 10.25], "texture": "#voxels_atlas"},
				"west": {"uv": [4.25, 8.625, 4.3125, 8.6875], "texture": "#voxels_atlas"},
				"up": {"uv": [6.5625, 10.125, 6.875, 10.0625], "texture": "#voxels_atlas"},
				"down": {"uv": [6.1875, 10, 6.5, 10.0625], "texture": "#voxels_atlas"}
			}
		},
		{
			"name": "Voxels",
			"from": [20, 7.3043, 0.1739],
			"to": [20.86957, 7.47821, 0.34781],
			"faces": {
				"north": {"uv": [6.5625, 10.25, 6.25, 10.3125], "texture": "#voxels_atlas"},
				"east": {"uv": [4.3125, 8.1875, 4.25, 8.25], "texture": "#voxels_atlas"},
				"south": {"uv": [6.375, 8.875, 6.6875, 8.9375], "texture": "#voxels_atlas"},
				"west": {"uv": [4.25, 8.25, 4.3125, 8.3125], "texture": "#voxels_atlas"},
				"up": {"uv": [6.5625, 10.3125, 6.875, 10.25], "texture": "#voxels_atlas"},
				"down": {"uv": [6.25, 10.1875, 6.5625, 10.25], "texture": "#voxels_atlas"}
			}
		},
		{
			"name": "Voxels",
			"from": [20, 7.3043, 2.4348],
			"to": [20.86957, 7.47821, 2.60871],
			"faces": {
				"north": {"uv": [6.375, 9, 6.0625, 9.0625], "texture": "#voxels_atlas"},
				"east": {"uv": [6.875, 9.875, 6.8125, 9.9375], "texture": "#voxels_atlas"},
				"south": {"uv": [6.375, 9.0625, 6.6875, 9.125], "texture": "#voxels_atlas"},
				"west": {"uv": [6.8125, 9.9375, 6.875, 10], "texture": "#voxels_atlas"},
				"up": {"uv": [6.375, 9.0625, 6.6875, 9], "texture": "#voxels_atlas"},
				"down": {"uv": [6.0625, 8.9375, 6.375, 9], "texture": "#voxels_atlas"}
			}
		},
		{
			"name": "Voxels",
			"from": [20, 7.4783, 0],
			"to": [20.86957, 7.65221, 0.17391],
			"faces": {
				"north": {"uv": [6.6875, 9.1875, 6.375, 9.25], "texture": "#voxels_atlas"},
				"east": {"uv": [6.875, 8.8125, 6.8125, 8.875], "texture": "#voxels_atlas"},
				"south": {"uv": [6.0625, 9.1875, 6.375, 9.25], "texture": "#voxels_atlas"},
				"west": {"uv": [6.8125, 9.5625, 6.875, 9.625], "texture": "#voxels_atlas"},
				"up": {"uv": [6.0625, 9.1875, 6.375, 9.125], "texture": "#voxels_atlas"},
				"down": {"uv": [6.375, 9.125, 6.6875, 9.1875], "texture": "#voxels_atlas"}
			}
		},
		{
			"name": "Voxels",
			"from": [20, 7.4783, 2.6087],
			"to": [20.86957, 7.65221, 2.78261],
			"faces": {
				"north": {"uv": [6.375, 9.3125, 6.0625, 9.375], "texture": "#voxels_atlas"},
				"east": {"uv": [15.875, 15.9375, 15.8125, 16], "texture": "#voxels_atlas"},
				"south": {"uv": [6.375, 9.375, 6.6875, 9.4375], "texture": "#voxels_atlas"},
				"west": {"uv": [6.8125, 8.5, 6.875, 8.5625], "texture": "#voxels_atlas"},
				"up": {"uv": [6.375, 9.375, 6.6875, 9.3125], "texture": "#voxels_atlas"},
				"down": {"uv": [6.0625, 9.25, 6.375, 9.3125], "texture": "#voxels_atlas"}
			}
		},
		{
			"name": "Voxels",
			"from": [20, 7.6522, -0.1739],
			"to": [20.86957, 8.34785, 0.00001],
			"faces": {
				"north": {"uv": [0.9375, 11.3125, 0.625, 11.5625], "texture": "#voxels_atlas"},
				"east": {"uv": [6.6875, 8, 6.625, 8.25], "texture": "#voxels_atlas"},
				"south": {"uv": [0, 10.6875, 0.3125, 10.9375], "texture": "#voxels_atlas"},
				"west": {"uv": [6.5625, 8, 6.625, 8.25], "texture": "#voxels_atlas"},
				"up": {"uv": [6.375, 9.5, 6.6875, 9.4375], "texture": "#voxels_atlas"},
				"down": {"uv": [6.0625, 9.375, 6.375, 9.4375], "texture": "#voxels_atlas"}
			}
		},
		{
			"name": "Voxels",
			"from": [20, 7.6522, 2.7826],
			"to": [20.86957, 8.34785, 2.95651],
			"faces": {
				"north": {"uv": [0.625, 10.6875, 0.3125, 10.9375], "texture": "#voxels_atlas"},
				"east": {"uv": [6.8125, 8, 6.75, 8.25], "texture": "#voxels_atlas"},
				"south": {"uv": [0.625, 11.5625, 0.9375, 11.8125], "texture": "#voxels_atlas"},
				"west": {"uv": [6.6875, 8, 6.75, 8.25], "texture": "#voxels_atlas"},
				"up": {"uv": [6.25, 10.125, 6.5625, 10.0625], "texture": "#voxels_atlas"},
				"down": {"uv": [6.5625, 10.125, 6.875, 10.1875], "texture": "#voxels_atlas"}
			}
		},
		{
			"name": "Voxels",
			"from": [20, 8.3478, 0],
			"to": [20.86957, 8.52171, 0.17391],
			"faces": {
				"north": {"uv": [6.8125, 9.5625, 6.5, 9.625], "texture": "#voxels_atlas"},
				"east": {"uv": [15.875, 15.75, 15.8125, 15.8125], "texture": "#voxels_atlas"},
				"south": {"uv": [6.0625, 9.5, 6.375, 9.5625], "texture": "#voxels_atlas"},
				"west": {"uv": [15.75, 15.75, 15.8125, 15.8125], "texture": "#voxels_atlas"},
				"up": {"uv": [6.1875, 9.625, 6.5, 9.5625], "texture": "#voxels_atlas"},
				"down": {"uv": [6.5, 9.875, 6.8125, 9.9375], "texture": "#voxels_atlas"}
			}
		},
		{
			"name": "Voxels",
			"from": [20, 8.3478, 2.6087],
			"to": [20.86957, 8.52171, 2.78261],
			"faces": {
				"north": {"uv": [6.6875, 8.9375, 6.375, 9], "texture": "#voxels_atlas"},
				"east": {"uv": [15.625, 15.6875, 15.5625, 15.75], "texture": "#voxels_atlas"},
				"south": {"uv": [6.0625, 8.875, 6.375, 8.9375], "texture": "#voxels_atlas"},
				"west": {"uv": [15.5, 15.6875, 15.5625, 15.75], "texture": "#voxels_atlas"},
				"up": {"uv": [6.0625, 9.5, 6.375, 9.4375], "texture": "#voxels_atlas"},
				"down": {"uv": [6.375, 9.5, 6.6875, 9.5625], "texture": "#voxels_atlas"}
			}
		},
		{
			"name": "Voxels",
			"from": [20, 8.5217, 0.1739],
			"to": [20.86957, 8.69561, 0.34781],
			"faces": {
				"north": {"uv": [2.3125, 8.3125, 2, 8.375], "texture": "#voxels_atlas"},
				"east": {"uv": [16, 15.6875, 15.9375, 15.75], "texture": "#voxels_atlas"},
				"south": {"uv": [2, 8.25, 2.3125, 8.3125], "texture": "#voxels_atlas"},
				"west": {"uv": [15.875, 15.6875, 15.9375, 15.75], "texture": "#voxels_atlas"},
				"up": {"uv": [6.5625, 13.375, 6.875, 13.3125], "texture": "#voxels_atlas"},
				"down": {"uv": [6.5625, 13.5, 6.875, 13.5625], "texture": "#voxels_atlas"}
			}
		},
		{
			"name": "Voxels",
			"from": [20, 8.5217, 2.4348],
			"to": [20.86957, 8.69561, 2.60871],
			"faces": {
				"north": {"uv": [2.3125, 8.0625, 2, 8.125], "texture": "#voxels_atlas"},
				"east": {"uv": [15.375, 15.625, 15.3125, 15.6875], "texture": "#voxels_atlas"},
				"south": {"uv": [2, 8, 2.3125, 8.0625], "texture": "#voxels_atlas"},
				"west": {"uv": [15.25, 15.625, 15.3125, 15.6875], "texture": "#voxels_atlas"},
				"up": {"uv": [2, 8.1875, 2.3125, 8.125], "texture": "#voxels_atlas"},
				"down": {"uv": [2, 8.1875, 2.3125, 8.25], "texture": "#voxels_atlas"}
			}
		},
		{
			"name": "Voxels",
			"from": [20, 8.6957, 0.3478],
			"to": [20.86957, 8.86961, 0.52171],
			"faces": {
				"north": {"uv": [6.875, 11.125, 6.5625, 11.1875], "texture": "#voxels_atlas"},
				"east": {"uv": [15.75, 15.625, 15.6875, 15.6875], "texture": "#voxels_atlas"},
				"south": {"uv": [6.5625, 11.0625, 6.875, 11.125], "texture": "#voxels_atlas"},
				"west": {"uv": [15.625, 15.625, 15.6875, 15.6875], "texture": "#voxels_atlas"},
				"up": {"uv": [6.4375, 10.5625, 6.75, 10.5], "texture": "#voxels_atlas"},
				"down": {"uv": [6.5625, 11.1875, 6.875, 11.25], "texture": "#voxels_atlas"}
			}
		},
		{
			"name": "Voxels",
			"from": [20, 8.6957, 2.2609],
			"to": [20.86957, 8.86961, 2.43481],
			"faces": {
				"north": {"uv": [6.875, 10.875, 6.5625, 10.9375], "texture": "#voxels_atlas"},
				"east": {"uv": [15.125, 15.5625, 15.0625, 15.625], "texture": "#voxels_atlas"},
				"south": {"uv": [6.5, 9.75, 6.8125, 9.8125], "texture": "#voxels_atlas"},
				"west": {"uv": [15, 15.5625, 15.0625, 15.625], "texture": "#voxels_atlas"},
				"up": {"uv": [6.5625, 11, 6.875, 10.9375], "texture": "#voxels_atlas"},
				"down": {"uv": [6.5625, 11, 6.875, 11.0625], "texture": "#voxels_atlas"}
			}
		},
		{
			"name": "Voxels",
			"from": [20, 8.8696, 0.5217],
			"to": [20.86957, 9.04351, 0.86953],
			"faces": {
				"north": {"uv": [6.875, 10.8125, 6.5625, 10.875], "texture": "#voxels_atlas"},
				"east": {"uv": [2.3125, 9.5625, 2.1875, 9.625], "texture": "#voxels_atlas"},
				"south": {"uv": [6.5625, 10.625, 6.875, 10.6875], "texture": "#voxels_atlas"},
				"west": {"uv": [2.1875, 9.625, 2.3125, 9.6875], "texture": "#voxels_atlas"},
				"up": {"uv": [1.75, 9, 2.0625, 8.875], "texture": "#voxels_atlas"},
				"down": {"uv": [6.5625, 13.375, 6.875, 13.5], "texture": "#voxels_atlas"}
			}
		},
		{
			"name": "Voxels",
			"from": [20, 8.8696, 1.913],
			"to": [21.04348, 9.04351, 2.08691],
			"faces": {
				"north": {"uv": [2.1875, 8.75, 1.8125, 8.8125], "texture": "#voxels_atlas"},
				"east": {"uv": [15.875, 15.5625, 15.8125, 15.625], "texture": "#voxels_atlas"},
				"south": {"uv": [1.8125, 8.6875, 2.1875, 8.75], "texture": "#voxels_atlas"},
				"west": {"uv": [15.75, 15.5625, 15.8125, 15.625], "texture": "#voxels_atlas"},
				"up": {"uv": [1.4375, 8.8125, 1.8125, 8.75], "texture": "#voxels_atlas"},
				"down": {"uv": [6.5, 11.625, 6.875, 11.6875], "texture": "#voxels_atlas"}
			}
		},
		{
			"name": "Voxels",
			"from": [20, 8.8696, 2.087],
			"to": [20.86957, 9.04351, 2.26091],
			"faces": {
				"north": {"uv": [6.875, 10.4375, 6.5625, 10.5], "texture": "#voxels_atlas"},
				"east": {"uv": [15.25, 15.5, 15.1875, 15.5625], "texture": "#voxels_atlas"},
				"south": {"uv": [6.25, 10.375, 6.5625, 10.4375], "texture": "#voxels_atlas"},
				"west": {"uv": [15.125, 15.5, 15.1875, 15.5625], "texture": "#voxels_atlas"},
				"up": {"uv": [6.25, 10.5, 6.5625, 10.4375], "texture": "#voxels_atlas"},
				"down": {"uv": [6.5625, 10.5625, 6.875, 10.625], "texture": "#voxels_atlas"}
			}
		},
		{
			"name": "Voxels",
			"from": [20, 9.0435, 0.8696],
			"to": [20.86957, 9.21741, 1.91308],
			"faces": {
				"north": {"uv": [6.5625, 10.3125, 6.25, 10.375], "texture": "#voxels_atlas"},
				"east": {"uv": [1.8125, 8.5625, 1.4375, 8.625], "texture": "#voxels_atlas"},
				"south": {"uv": [6.5625, 10.3125, 6.875, 10.375], "texture": "#voxels_atlas"},
				"west": {"uv": [1.8125, 8.5625, 2.1875, 8.625], "texture": "#voxels_atlas"},
				"up": {"uv": [0.625, 11.3125, 0.9375, 10.9375], "texture": "#voxels_atlas"},
				"down": {"uv": [0.3125, 10.9375, 0.625, 11.3125], "texture": "#voxels_atlas"}
			}
		},
		{
			"name": "Voxels",
			"from": [20.8696, 6.9565, 0.6957],
			"to": [21.04351, 7.13041, 0.86961],
			"faces": {
				"north": {"uv": [15.8125, 15.5, 15.75, 15.5625], "texture": "#voxels_atlas"},
				"east": {"uv": [16, 15.5, 15.9375, 15.5625], "texture": "#voxels_atlas"},
				"south": {"uv": [15.8125, 15.5, 15.875, 15.5625], "texture": "#voxels_atlas"},
				"west": {"uv": [15.875, 15.5, 15.9375, 15.5625], "texture": "#voxels_atlas"},
				"up": {"uv": [15.6875, 15.5625, 15.75, 15.5], "texture": "#voxels_atlas"},
				"down": {"uv": [15.625, 15.5, 15.6875, 15.5625], "texture": "#voxels_atlas"}
			}
		},
		{
			"name": "Voxels",
			"from": [20.8696, 8.8696, 0.6957],
			"to": [21.04351, 9.04351, 0.86961],
			"faces": {
				"north": {"uv": [8.4375, 15.25, 8.375, 15.3125], "texture": "#voxels_atlas"},
				"east": {"uv": [8.5, 15.1875, 8.4375, 15.25], "texture": "#voxels_atlas"},
				"south": {"uv": [8.4375, 15.25, 8.5, 15.3125], "texture": "#voxels_atlas"},
				"west": {"uv": [8.375, 15.1875, 8.4375, 15.25], "texture": "#voxels_atlas"},
				"up": {"uv": [8.4375, 15.375, 8.5, 15.3125], "texture": "#voxels_atlas"},
				"down": {"uv": [8.375, 15.3125, 8.4375, 15.375], "texture": "#voxels_atlas"}
			}
		},
		{
			"name": "Voxels",
			"from": [21.913, 6.9565, 1.2174],
			"to": [22.08691, 7.13041, 1.73914],
			"faces": {
				"north": {"uv": [8.4375, 15.0625, 8.375, 15.125], "texture": "#voxels_atlas"},
				"east": {"uv": [6.875, 11.875, 6.6875, 11.9375], "texture": "#voxels_atlas"},
				"south": {"uv": [8.4375, 15.0625, 8.5, 15.125], "texture": "#voxels_atlas"},
				"west": {"uv": [0.875, 8.25, 1.0625, 8.3125], "texture": "#voxels_atlas"},
				"up": {"uv": [1.75, 8.1875, 1.8125, 8], "texture": "#voxels_atlas"},
				"down": {"uv": [1.6875, 8, 1.75, 8.1875], "texture": "#voxels_atlas"}
			}
		},
		{
			"name": "Voxels",
			"from": [21.913, 8.8696, 1.2174],
			"to": [22.08691, 9.04351, 1.73914],
			"faces": {
				"north": {"uv": [8.4375, 14.875, 8.375, 14.9375], "texture": "#voxels_atlas"},
				"east": {"uv": [6.875, 11.3125, 6.6875, 11.375], "texture": "#voxels_atlas"},
				"south": {"uv": [8.4375, 14.875, 8.5, 14.9375], "texture": "#voxels_atlas"},
				"west": {"uv": [1.25, 8, 1.4375, 8.0625], "texture": "#voxels_atlas"},
				"up": {"uv": [7.625, 10.875, 7.6875, 10.6875], "texture": "#voxels_atlas"},
				"down": {"uv": [1.8125, 8, 1.875, 8.1875], "texture": "#voxels_atlas"}
			}
		},
		{
			"name": "Voxels",
			"from": [23.6522, 7.4783, 1.2174],
			"to": [25.21742, 7.65221, 1.56523],
			"faces": {
				"north": {"uv": [6.5625, 13.5, 6, 13.5625], "texture": "#voxels_atlas"},
				"east": {"uv": [2.3125, 9.8125, 2.1875, 9.875], "texture": "#voxels_atlas"},
				"south": {"uv": [6.1875, 11.375, 6.75, 11.4375], "texture": "#voxels_atlas"},
				"west": {"uv": [2.1875, 9.875, 2.3125, 9.9375], "texture": "#voxels_atlas"},
				"up": {"uv": [6.25, 14.125, 6.8125, 14], "texture": "#voxels_atlas"},
				"down": {"uv": [6, 13.5625, 6.5625, 13.6875], "texture": "#voxels_atlas"}
			}
		},
		{
			"name": "Voxels",
			"from": [23.6522, 7.4783, 1.5652],
			"to": [24.17394, 7.65221, 1.73911],
			"faces": {
				"north": {"uv": [6.875, 9.25, 6.6875, 9.3125], "texture": "#voxels_atlas"},
				"east": {"uv": [8.5, 14.4375, 8.4375, 14.5], "texture": "#voxels_atlas"},
				"south": {"uv": [6.6875, 9.1875, 6.875, 9.25], "texture": "#voxels_atlas"},
				"west": {"uv": [8.375, 14.4375, 8.4375, 14.5], "texture": "#voxels_atlas"},
				"up": {"uv": [6.6875, 9.375, 6.875, 9.3125], "texture": "#voxels_atlas"},
				"down": {"uv": [6.6875, 9.375, 6.875, 9.4375], "texture": "#voxels_atlas"}
			}
		},
		{
			"name": "Voxels",
			"from": [24, 7.6522, 1.7391],
			"to": [24.69565, 8.34785, 1.91301],
			"faces": {
				"north": {"uv": [6.875, 14.875, 6.625, 15.125], "texture": "#voxels_atlas"},
				"east": {"uv": [6.9375, 10.625, 6.875, 10.875], "texture": "#voxels_atlas"},
				"south": {"uv": [0.625, 10.6875, 0.875, 10.9375], "texture": "#voxels_atlas"},
				"west": {"uv": [6.8125, 8, 6.875, 8.25], "texture": "#voxels_atlas"},
				"up": {"uv": [6.625, 11.8125, 6.875, 11.75], "texture": "#voxels_atlas"},
				"down": {"uv": [6.4375, 12.9375, 6.6875, 13], "texture": "#voxels_atlas"}
			}
		},
		{
			"name": "Voxels",
			"from": [24.1739, 7.6522, 1.0435],
			"to": [25.91303, 8.34785, 1.21741],
			"faces": {
				"north": {"uv": [0.625, 11.5625, 0, 11.8125], "texture": "#voxels_atlas"},
				"east": {"uv": [7.0625, 10.625, 7, 10.875], "texture": "#voxels_atlas"},
				"south": {"uv": [0, 11.3125, 0.625, 11.5625], "texture": "#voxels_atlas"},
				"west": {"uv": [6.9375, 10.625, 7, 10.875], "texture": "#voxels_atlas"},
				"up": {"uv": [5.8125, 13, 6.4375, 12.9375], "texture": "#voxels_atlas"},
				"down": {"uv": [6.25, 13.9375, 6.875, 14], "texture": "#voxels_atlas"}
			}
		},
		{
			"name": "Voxels",
			"from": [24.6957, 7.8261, 1.7391],
			"to": [25.39135, 8.17393, 1.91301],
			"faces": {
				"north": {"uv": [6.875, 13.8125, 6.625, 13.9375], "texture": "#voxels_atlas"},
				"east": {"uv": [8.3125, 10.5, 8.25, 10.625], "texture": "#voxels_atlas"},
				"south": {"uv": [6.625, 14.75, 6.875, 14.875], "texture": "#voxels_atlas"},
				"west": {"uv": [8.1875, 10.5, 8.25, 10.625], "texture": "#voxels_atlas"},
				"up": {"uv": [6.625, 11.3125, 6.875, 11.25], "texture": "#voxels_atlas"},
				"down": {"uv": [6.625, 11.6875, 6.875, 11.75], "texture": "#voxels_atlas"}
			}
		},
		{
			"name": "Voxels",
			"from": [24.8696, 7.8261, 0.8696],
			"to": [25.39134, 8.17393, 1.04351],
			"faces": {
				"north": {"uv": [6.8125, 13.6875, 6.625, 13.8125], "texture": "#voxels_atlas"},
				"east": {"uv": [6.9375, 10.375, 6.875, 10.5], "texture": "#voxels_atlas"},
				"south": {"uv": [6.6875, 12.9375, 6.875, 13.0625], "texture": "#voxels_atlas"},
				"west": {"uv": [8.4375, 10.5, 8.5, 10.625], "texture": "#voxels_atlas"},
				"up": {"uv": [6.6875, 9, 6.875, 8.9375], "texture": "#voxels_atlas"},
				"down": {"uv": [6.6875, 9, 6.875, 9.0625], "texture": "#voxels_atlas"}
			}
		},
		{
			"name": "Voxels",
			"from": [25.913, 7.8261, 1.2174],
			"to": [26.08691, 8.17393, 1.56523],
			"faces": {
				"north": {"uv": [7.125, 10.375, 7.0625, 10.5], "texture": "#voxels_atlas"},
				"east": {"uv": [7.1875, 10.625, 7.0625, 10.75], "texture": "#voxels_atlas"},
				"south": {"uv": [7.125, 10.375, 7.1875, 10.5], "texture": "#voxels_atlas"},
				"west": {"uv": [7.0625, 10.75, 7.1875, 10.875], "texture": "#voxels_atlas"},
				"up": {"uv": [7, 10.5, 7.0625, 10.375], "texture": "#voxels_atlas"},
				"down": {"uv": [6.9375, 10.375, 7, 10.5], "texture": "#voxels_atlas"}
			}
		}
	],
	"display": {
		"thirdperson_righthand": {
			"rotation": [-2, -87, 33],
			"translation": [-3.75, -3.25, -3.25],
			"scale": [0.7, 0.7, 0.59]
		},
		"thirdperson_lefthand": {
			"rotation": [-81, 81, 33],
			"translation": [3.5, -3.25, -2.75],
			"scale": [0.7, 0.7, 0.59]
		},
		"firstperson_righthand": {
			"rotation": [-12, 0, 97.5],
			"translation": [8, -7.75, 0]
		},
		"firstperson_lefthand": {
			"rotation": [-22, 0, -78.5],
			"translation": [8.75, -3.5, 5.25]
		},
		"ground": {
			"rotation": [58, 85, 0],
			"translation": [4, -2, 0.75],
			"scale": [0.71, 0.79422, 0.63]
		},
		"gui": {
			"rotation": [19, 0, 56],
			"translation": [-3.475, -6.258, 4.1739],
			"scale": [0.7, 0.7, 0.7]
		},
		"fixed": {
			"translation": [-8.5, 0, 5.5]
		}
	}
}