{
	"credit": "Made with Blockbench",
	"textures": {
		"2": "nubx/nulls_dark_red",
		"3": "nubx/nulls_yellow",
		"texture": "nubx/nulls_light_brown",
		"particle": "nubx/nulls_light_gray"
	},
	"elements": [
		{
			"name": "Gray",
			"from": [1.10017, -9.11258, 6.4375],
			"to": [1.60017, 7.41242, 6.9375],
			"rotation": {"angle": -22.5, "axis": "z", "origin": [8.35017, -2.36258, 0]},
			"faces": {
				"north": {"uv": [0, 0, 1, 1], "rotation": 90, "texture": "#particle", "cullface": "west"},
				"east": {"uv": [0, 0, 1, 1], "rotation": 270, "texture": "#particle", "cullface": "west"},
				"south": {"uv": [0, 0, 1, 1], "rotation": 270, "texture": "#particle", "cullface": "west"},
				"west": {"uv": [0, 0, 1, 1], "rotation": 270, "texture": "#particle", "cullface": "west"},
				"up": {"uv": [0, 0, 1, 1], "rotation": 270, "texture": "#particle", "cullface": "west"},
				"down": {"uv": [0, 0, 1, 1], "rotation": 270, "texture": "#particle", "cullface": "west"}
			}
		},
		{
			"name": "Brown",
			"from": [7, 9.25, 6.25],
			"to": [8, 10.25, 7.75],
			"faces": {
				"north": {"uv": [0, 0, 1, 1], "texture": "#texture", "cullface": "west"},
				"south": {"uv": [0, 0, 1, 1], "texture": "#texture", "cullface": "west"},
				"west": {"uv": [0, 0, 1, 1], "texture": "#texture", "cullface": "west"},
				"up": {"uv": [0, 0, 1, 1], "texture": "#texture", "cullface": "west"},
				"down": {"uv": [0, 0, 1, 1], "texture": "#texture", "cullface": "west"}
			}
		},
		{
			"name": "Brown",
			"from": [1.35017, -2.61258, 6.25],
			"to": [2.35017, 7.38742, 7.75],
			"rotation": {"angle": -22.5, "axis": "z", "origin": [8.35017, -2.36258, 0]},
			"faces": {
				"north": {"uv": [0, 0, 1, 1], "rotation": 90, "texture": "#texture", "cullface": "west"},
				"east": {"uv": [0, 0, 1, 1], "rotation": 270, "texture": "#texture", "cullface": "west"},
				"south": {"uv": [0, 0, 1, 1], "rotation": 270, "texture": "#texture", "cullface": "west"},
				"west": {"uv": [0, 0, 1, 1], "rotation": 270, "texture": "#texture", "cullface": "west"},
				"up": {"uv": [0, 0, 1, 1], "rotation": 270, "texture": "#texture", "cullface": "west"},
				"down": {"uv": [0, 0, 1, 1], "rotation": 270, "texture": "#texture", "cullface": "west"}
			}
		},
		{
			"name": "Gray*",
			"from": [1.10017, -9.11258, 7.0625],
			"to": [1.60017, 7.41242, 7.5625],
			"rotation": {"angle": -22.5, "axis": "z", "origin": [8.35017, -2.36258, 0]},
			"faces": {
				"north": {"uv": [0, 0, 1, 1], "rotation": 90, "texture": "#particle", "cullface": "west"},
				"east": {"uv": [0, 0, 1, 1], "rotation": 270, "texture": "#particle", "cullface": "west"},
				"south": {"uv": [0, 0, 1, 1], "rotation": 270, "texture": "#particle", "cullface": "west"},
				"west": {"uv": [0, 0, 1, 1], "rotation": 270, "texture": "#particle", "cullface": "west"},
				"up": {"uv": [0, 0, 1, 1], "rotation": 270, "texture": "#particle", "cullface": "west"},
				"down": {"uv": [0, 0, 1, 1], "rotation": 270, "texture": "#particle", "cullface": "west"}
			}
		},
		{
			"name": "Gray*",
			"from": [1.12517, 7.98742, 7.0875],
			"to": [1.57517, 9.23742, 7.5375],
			"rotation": {"angle": -22.5, "axis": "z", "origin": [8.35017, -2.36258, 0]},
			"faces": {
				"north": {"uv": [0, 0, 1, 1], "rotation": 90, "texture": "#2", "cullface": "west"},
				"east": {"uv": [0, 0, 1, 1], "rotation": 270, "texture": "#2", "cullface": "west"},
				"south": {"uv": [0, 0, 1, 1], "rotation": 270, "texture": "#2", "cullface": "west"},
				"west": {"uv": [0, 0, 1, 1], "rotation": 270, "texture": "#2", "cullface": "west"},
				"up": {"uv": [0, 0, 1, 1], "rotation": 270, "texture": "#2", "cullface": "west"},
				"down": {"uv": [0, 0, 1, 1], "rotation": 270, "texture": "#2", "cullface": "west"}
			}
		},
		{
			"name": "Gray",
			"from": [1.12517, 7.98742, 6.4625],
			"to": [1.57517, 9.23742, 6.9125],
			"rotation": {"angle": -22.5, "axis": "z", "origin": [8.35017, -2.36258, 0]},
			"faces": {
				"north": {"uv": [0, 0, 1, 1], "rotation": 90, "texture": "#2", "cullface": "west"},
				"east": {"uv": [0, 0, 1, 1], "rotation": 270, "texture": "#2", "cullface": "west"},
				"south": {"uv": [0, 0, 1, 1], "rotation": 270, "texture": "#2", "cullface": "west"},
				"west": {"uv": [0, 0, 1, 1], "rotation": 270, "texture": "#2", "cullface": "west"},
				"up": {"uv": [0, 0, 1, 1], "rotation": 270, "texture": "#2", "cullface": "west"},
				"down": {"uv": [0, 0, 1, 1], "rotation": 270, "texture": "#2", "cullface": "west"}
			}
		},
		{
			"name": "Gray",
			"from": [1.12517, 9.23742, 6.4625],
			"to": [1.57517, 9.51242, 6.9125],
			"rotation": {"angle": -22.5, "axis": "z", "origin": [8.35017, -2.36258, 0]},
			"faces": {
				"north": {"uv": [0, 0, 1, 1], "rotation": 90, "texture": "#3", "cullface": "west"},
				"east": {"uv": [0, 0, 1, 1], "rotation": 270, "texture": "#3", "cullface": "west"},
				"south": {"uv": [0, 0, 1, 1], "rotation": 270, "texture": "#3", "cullface": "west"},
				"west": {"uv": [0, 0, 1, 1], "rotation": 270, "texture": "#3", "cullface": "west"},
				"up": {"uv": [0, 0, 1, 1], "rotation": 270, "texture": "#3", "cullface": "west"},
				"down": {"uv": [0, 0, 1, 1], "rotation": 270, "texture": "#3", "cullface": "west"}
			}
		},
		{
			"name": "Gray*",
			"from": [1.12517, 9.23742, 7.0875],
			"to": [1.57517, 9.51242, 7.5375],
			"rotation": {"angle": -22.5, "axis": "z", "origin": [8.35017, -2.36258, 0]},
			"faces": {
				"north": {"uv": [0, 0, 1, 1], "rotation": 90, "texture": "#3", "cullface": "west"},
				"east": {"uv": [0, 0, 1, 1], "rotation": 270, "texture": "#3", "cullface": "west"},
				"south": {"uv": [0, 0, 1, 1], "rotation": 270, "texture": "#3", "cullface": "west"},
				"west": {"uv": [0, 0, 1, 1], "rotation": 270, "texture": "#3", "cullface": "west"},
				"up": {"uv": [0, 0, 1, 1], "rotation": 270, "texture": "#3", "cullface": "west"},
				"down": {"uv": [0, 0, 1, 1], "rotation": 270, "texture": "#3", "cullface": "west"}
			}
		},
		{
			"name": "Brown*",
			"from": [7, 8.75, 6.5],
			"to": [8, 9.25, 7.5],
			"faces": {
				"north": {"uv": [0, 0, 1, 1], "texture": "#texture", "cullface": "west"},
				"east": {"uv": [0, 0, 1, 1], "texture": "#texture", "cullface": "west"},
				"south": {"uv": [0, 0, 1, 1], "texture": "#texture", "cullface": "west"},
				"west": {"uv": [0, 0, 1, 1], "texture": "#texture", "cullface": "west"},
				"down": {"uv": [0, 0, 1, 1], "texture": "#texture", "cullface": "west"}
			}
		},
		{
			"name": "Brown*",
			"from": [2.35017, -1.11258, 6.5],
			"to": [2.85017, 7.38742, 7.5],
			"rotation": {"angle": -22.5, "axis": "z", "origin": [8.35017, -2.36258, 0]},
			"faces": {
				"north": {"uv": [0, 0, 1, 1], "rotation": 90, "texture": "#texture", "cullface": "west"},
				"east": {"uv": [0, 0, 1, 1], "rotation": 270, "texture": "#texture", "cullface": "west"},
				"south": {"uv": [0, 0, 1, 1], "rotation": 270, "texture": "#texture", "cullface": "west"},
				"up": {"uv": [0, 0, 1, 1], "rotation": 270, "texture": "#texture", "cullface": "west"},
				"down": {"uv": [0, 0, 1, 1], "rotation": 270, "texture": "#texture", "cullface": "west"}
			}
		},
		{
			"name": "Gray*",
			"from": [7.1875, 10, 7.0625],
			"to": [7.6875, 10.5, 7.5625],
			"faces": {
				"north": {"uv": [0, 0, 1, 1], "texture": "#particle"},
				"east": {"uv": [0, 0, 1, 1], "texture": "#particle"},
				"south": {"uv": [0, 0, 1, 1], "texture": "#particle"},
				"west": {"uv": [0, 0, 1, 1], "texture": "#particle"},
				"up": {"uv": [0, 0, 1, 1], "texture": "#particle"},
				"down": {"uv": [0, 0, 1, 1], "texture": "#particle"}
			}
		},
		{
			"name": "Gray*",
			"from": [7.25, 10, 6.5],
			"to": [7.75, 10.5, 7],
			"faces": {
				"north": {"uv": [0, 0, 1, 1], "texture": "#particle"},
				"east": {"uv": [0, 0, 1, 1], "texture": "#particle"},
				"south": {"uv": [0, 0, 1, 1], "texture": "#particle"},
				"west": {"uv": [0, 0, 1, 1], "texture": "#particle"},
				"up": {"uv": [0, 0, 1, 1], "texture": "#particle"},
				"down": {"uv": [0, 0, 1, 1], "texture": "#particle"}
			}
		},
		{
			"name": "Brown*",
			"from": [8, 9.25, 6.25],
			"to": [14.5, 10.25, 7.75],
			"rotation": {"angle": -22.5, "axis": "z", "origin": [8, 10.25, 6.25]},
			"faces": {
				"north": {"uv": [0, 0, 1, 1], "texture": "#texture"},
				"east": {"uv": [0, 0, 1, 1], "texture": "#texture"},
				"south": {"uv": [0, 0, 1, 1], "texture": "#texture"},
				"up": {"uv": [0, 0, 1, 1], "texture": "#texture"},
				"down": {"uv": [0, 0, 1, 1], "texture": "#texture"}
			}
		},
		{
			"name": "Brown*",
			"from": [11, 7.9375, 6.25],
			"to": [16.5, 9.5, 7.75],
			"faces": {
				"north": {"uv": [0, 0, 1, 1], "texture": "#texture", "cullface": "east"},
				"east": {"uv": [0, 0, 1, 1], "texture": "#texture", "cullface": "east"},
				"south": {"uv": [0, 0, 1, 1], "texture": "#texture", "cullface": "east"},
				"west": {"uv": [0, 0, 1, 1], "texture": "#texture", "cullface": "east"},
				"up": {"uv": [0, 0, 1, 1], "texture": "#texture", "cullface": "east"},
				"down": {"uv": [0, 0, 1, 1], "texture": "#texture", "cullface": "east"}
			}
		},
		{
			"name": "Brown*",
			"from": [7.3125, 9.125, 6.5],
			"to": [14.3125, 10.125, 7.5],
			"rotation": {"angle": -22.5, "axis": "z", "origin": [7.3125, 10.125, 6.5]},
			"faces": {
				"north": {"uv": [0, 0, 1, 1], "texture": "#texture"},
				"east": {"uv": [0, 0, 1, 1], "texture": "#texture"},
				"south": {"uv": [0, 0, 1, 1], "texture": "#texture"},
				"west": {"uv": [0, 0, 1, 1], "texture": "#texture"},
				"up": {"uv": [0, 0, 1, 1], "texture": "#texture"},
				"down": {"uv": [0, 0, 1, 1], "texture": "#texture"}
			}
		},
		{
			"name": "Gray*",
			"from": [7.875, 9.875, 7.5625],
			"to": [8.1875, 10.875, 8.0625],
			"rotation": {"angle": -45, "axis": "z", "origin": [7.875, 10.875, 7.5625]},
			"faces": {
				"north": {"uv": [0, 0, 1, 1], "texture": "#particle"},
				"east": {"uv": [0, 0, 1, 1], "texture": "#particle"},
				"south": {"uv": [0, 0, 1, 1], "texture": "#particle"},
				"west": {"uv": [0, 0, 1, 1], "texture": "#particle"},
				"up": {"uv": [0, 0, 1, 1], "texture": "#particle"},
				"down": {"uv": [0, 0, 1, 1], "texture": "#particle"}
			}
		},
		{
			"name": "Gray*",
			"from": [7.9375, 9.9375, 6.0625],
			"to": [8.25, 10.9375, 6.5625],
			"rotation": {"angle": -45, "axis": "z", "origin": [7.9375, 10.9375, 6.0625]},
			"faces": {
				"north": {"uv": [0, 0, 1, 1], "texture": "#particle"},
				"east": {"uv": [0, 0, 1, 1], "texture": "#particle"},
				"south": {"uv": [0, 0, 1, 1], "texture": "#particle"},
				"west": {"uv": [0, 0, 1, 1], "texture": "#particle"},
				"up": {"uv": [0, 0, 1, 1], "texture": "#particle"},
				"down": {"uv": [0, 0, 1, 1], "texture": "#particle"}
			}
		},
		{
			"name": "Brown*",
			"from": [11, 9.5, 6.5],
			"to": [16.5, 10, 7.5],
			"faces": {
				"north": {"uv": [0, 0, 1, 1], "texture": "#texture", "cullface": "east"},
				"east": {"uv": [0, 0, 1, 1], "texture": "#texture", "cullface": "east"},
				"south": {"uv": [0, 0, 1, 1], "texture": "#texture", "cullface": "east"},
				"west": {"uv": [0, 0, 1, 1], "texture": "#texture", "cullface": "east"},
				"up": {"uv": [0, 0, 1, 1], "texture": "#texture", "cullface": "east"}
			}
		},
		{
			"name": "Brown*",
			"from": [15.4375, 7.5, 6.25],
			"to": [16.9375, 9, 7.75],
			"rotation": {"angle": -45, "axis": "z", "origin": [15.4375, 9, 6.25]},
			"faces": {
				"north": {"uv": [0, 0, 1, 1], "texture": "#texture", "cullface": "east"},
				"east": {"uv": [0, 0, 1, 1], "texture": "#texture", "cullface": "east"},
				"south": {"uv": [0, 0, 1, 1], "texture": "#texture", "cullface": "east"},
				"west": {"uv": [0, 0, 1, 1], "texture": "#texture", "cullface": "east"},
				"up": {"uv": [0, 0, 1, 1], "texture": "#texture", "cullface": "east"},
				"down": {"uv": [0, 0, 1, 1], "texture": "#texture", "cullface": "east"}
			}
		},
		{
			"name": "Brown*",
			"from": [11, 8.375, 6.25],
			"to": [12, 9.375, 7.75],
			"rotation": {"angle": -45, "axis": "z", "origin": [11, 9.375, 6.25]},
			"faces": {
				"north": {"uv": [0, 0, 1, 1], "texture": "#texture"},
				"east": {"uv": [0, 0, 1, 1], "texture": "#texture"},
				"south": {"uv": [0, 0, 1, 1], "texture": "#texture"},
				"west": {"uv": [0, 0, 1, 1], "texture": "#texture"},
				"up": {"uv": [0, 0, 1, 1], "texture": "#texture"},
				"down": {"uv": [0, 0, 1, 1], "texture": "#texture"}
			}
		},
		{
			"name": "Gray*",
			"from": [8, 10, 6.8125],
			"to": [10, 10.5, 7.3125],
			"rotation": {"angle": -22.5, "axis": "z", "origin": [8, 10.5, 6.8125]},
			"faces": {
				"north": {"uv": [0, 0, 1, 1], "texture": "#particle"},
				"east": {"uv": [0, 0, 1, 1], "texture": "#particle"},
				"south": {"uv": [0, 0, 1, 1], "texture": "#particle"},
				"west": {"uv": [0, 0, 1, 1], "texture": "#particle"},
				"up": {"uv": [0, 0, 1, 1], "texture": "#particle"},
				"down": {"uv": [0, 0, 1, 1], "texture": "#particle"}
			}
		},
		{
			"name": "Gray*",
			"from": [7.5, 7.5, 6.8125],
			"to": [9, 8, 7.3125],
			"faces": {
				"north": {"uv": [0, 0, 1, 1], "texture": "#particle"},
				"south": {"uv": [0, 0, 1, 1], "texture": "#particle"},
				"up": {"uv": [0, 0, 1, 1], "texture": "#particle"},
				"down": {"uv": [0, 0, 1, 1], "texture": "#particle"}
			}
		},
		{
			"name": "Gray*",
			"from": [7, 7.5, 6.8125],
			"to": [7.5, 9, 7.3125],
			"faces": {
				"north": {"uv": [0, 0, 1, 1], "texture": "#particle"},
				"east": {"uv": [0, 0, 1, 1], "texture": "#particle"},
				"south": {"uv": [0, 0, 1, 1], "texture": "#particle"},
				"west": {"uv": [0, 0, 1, 1], "texture": "#particle"},
				"up": {"uv": [0, 0, 1, 1], "texture": "#particle"},
				"down": {"uv": [0, 0, 1, 1], "texture": "#particle"}
			}
		},
		{
			"name": "Gray*",
			"from": [9, 7.5, 6.8125],
			"to": [9.5, 9, 7.3125],
			"faces": {
				"north": {"uv": [0, 0, 1, 1], "texture": "#particle"},
				"east": {"uv": [0, 0, 1, 1], "texture": "#particle"},
				"south": {"uv": [0, 0, 1, 1], "texture": "#particle"},
				"west": {"uv": [0, 0, 1, 1], "texture": "#particle"},
				"up": {"uv": [0, 0, 1, 1], "texture": "#particle"},
				"down": {"uv": [0, 0, 1, 1], "texture": "#particle"}
			}
		},
		{
			"name": "Gray*",
			"from": [8.375, 8.25, 6.8125],
			"to": [8.875, 9.75, 7.3125],
			"rotation": {"angle": -22.5, "axis": "z", "origin": [8.375, 9.75, 6.8125]},
			"faces": {
				"north": {"uv": [0, 0, 1, 1], "texture": "#particle"},
				"east": {"uv": [0, 0, 1, 1], "texture": "#particle"},
				"south": {"uv": [0, 0, 1, 1], "texture": "#particle"},
				"west": {"uv": [0, 0, 1, 1], "texture": "#particle"},
				"up": {"uv": [0, 0, 1, 1], "texture": "#particle"},
				"down": {"uv": [0, 0, 1, 1], "texture": "#particle"}
			}
		}
	],
	"display": {
		"thirdperson_righthand": {
			"rotation": [0, -48, 0],
			"translation": [-1.32, -0.38, 0.19],
			"scale": [0.7, 0.7, 0.7]
		},
		"thirdperson_lefthand": {
			"rotation": [0, 148, 0],
			"translation": [-1.32, -0.38, 0.19],
			"scale": [0.7, 0.7, 0.7]
		},
		"firstperson_righthand": {
			"rotation": [32.5, -59.75, 0],
			"translation": [0, 0.94, 0]
		},
		"firstperson_lefthand": {
			"rotation": [0, 94, 0],
			"translation": [0, 0.94, 0]
		},
		"ground": {
			"translation": [0, 3.21, 0],
			"scale": [0.6, 0.6, 0.6]
		},
		"gui": {
			"rotation": [30, 45, 0],
			"translation": [1.7, 0.38, 0],
			"scale": [0.62, 0.62, 0.62]
		},
		"head": {
			"rotation": [0, 0, 45],
			"translation": [4.54, -12.66, 5.29]
		},
		"fixed": {
			"translation": [3.02, -0.38, 0],
			"scale": [0.7, 0.7, 0.7]
		}
	}
}