{
	"credit": "Made with Blockbench",
	"textures": {
		"voxels_atlas": "block/bullet"
	},
	"elements": [
		{
			"name": "Voxels",
			"from": [-0.8696, 7.4783, 7.1304],
			"to": [0.86953, 8.17395, 7.82605],
			"faces": {
				"north": {"uv": [15.875, 13, 14.625, 13.5], "texture": "#voxels_atlas"},
				"east": {"uv": [5.375, 4.125, 4.875, 4.625], "texture": "#voxels_atlas"},
				"south": {"uv": [14.625, 12.5, 15.875, 13], "texture": "#voxels_atlas"},
				"west": {"uv": [5.875, 7.75, 6.375, 8.25], "texture": "#voxels_atlas"},
				"up": {"uv": [14.625, 14, 15.875, 13.5], "texture": "#voxels_atlas"},
				"down": {"uv": [4.125, 9.625, 5.375, 10.125], "texture": "#voxels_atlas"}
			}
		},
		{
			"name": "Voxels",
			"from": [-0.8696, 7.4783, 7.8261],
			"to": [1.21736, 7.82613, 14.08697],
			"faces": {
				"north": {"uv": [15.125, 11, 13.625, 11.25], "texture": "#voxels_atlas"},
				"east": {"uv": [8.625, 10.5, 4.125, 10.75], "texture": "#voxels_atlas"},
				"south": {"uv": [13.125, 10.75, 14.625, 11], "texture": "#voxels_atlas"},
				"west": {"uv": [8.625, 10.5, 13.125, 10.75], "texture": "#voxels_atlas"},
				"up": {"uv": [0, 16, 1.5, 11.5], "texture": "#voxels_atlas"},
				"down": {"uv": [0, 7, 1.5, 11.5], "texture": "#voxels_atlas"}
			}
		},
		{
			"name": "Voxels",
			"from": [-0.8696, 7.4783, 14.4348],
			"to": [1.21736, 8.17395, 14.95654],
			"faces": {
				"north": {"uv": [14.625, 13.5, 13.125, 14], "texture": "#voxels_atlas"},
				"east": {"uv": [16, 15, 15.625, 15.5], "texture": "#voxels_atlas"},
				"south": {"uv": [0, 0.125, 1.5, 0.625], "texture": "#voxels_atlas"},
				"west": {"uv": [15.625, 15.5, 16, 16], "texture": "#voxels_atlas"},
				"up": {"uv": [6.875, 9.625, 8.375, 9.25], "texture": "#voxels_atlas"},
				"down": {"uv": [5.375, 9.25, 6.875, 9.625], "texture": "#voxels_atlas"}
			}
		},
		{
			"name": "Voxels",
			"from": [-0.8696, 7.8261, 7.8261],
			"to": [-0.69569, 8.17393, 14.08697],
			"faces": {
				"north": {"uv": [4.125, 1.75, 4, 2], "texture": "#voxels_atlas"},
				"east": {"uv": [8.625, 10.75, 4.125, 11], "texture": "#voxels_atlas"},
				"south": {"uv": [4, 2.5, 4.125, 2.75], "texture": "#voxels_atlas"},
				"west": {"uv": [8.625, 10.75, 13.125, 11], "texture": "#voxels_atlas"},
				"up": {"uv": [1.375, 7, 1.5, 2.5], "texture": "#voxels_atlas"},
				"down": {"uv": [1.25, 2.5, 1.375, 7], "texture": "#voxels_atlas"}
			}
		},
		{
			"name": "Voxels",
			"from": [-0.6957, 7.1304, 7.4783],
			"to": [1.04343, 7.47823, 14.087],
			"faces": {
				"north": {"uv": [5.375, 0.5, 4.125, 0.75], "texture": "#voxels_atlas"},
				"east": {"uv": [13.625, 11, 8.875, 11.25], "texture": "#voxels_atlas"},
				"south": {"uv": [4.125, 0.75, 5.375, 1], "texture": "#voxels_atlas"},
				"west": {"uv": [4.125, 11, 8.875, 11.25], "texture": "#voxels_atlas"},
				"up": {"uv": [1.5, 6.25, 2.75, 1.5], "texture": "#voxels_atlas"},
				"down": {"uv": [1.5, 6.25, 2.75, 11], "texture": "#voxels_atlas"}
			}
		},
		{
			"name": "Voxels",
			"from": [-0.6957, 7.1304, 14.4348],
			"to": [1.04343, 7.47823, 14.95654],
			"faces": {
				"north": {"uv": [5.375, 2.625, 4.125, 2.875], "texture": "#voxels_atlas"},
				"east": {"uv": [6.375, 0, 6, 0.25], "texture": "#voxels_atlas"},
				"south": {"uv": [14.125, 10.25, 15.375, 10.5], "texture": "#voxels_atlas"},
				"west": {"uv": [5.625, 0, 6, 0.25], "texture": "#voxels_atlas"},
				"up": {"uv": [4.125, 6.875, 5.375, 6.5], "texture": "#voxels_atlas"},
				"down": {"uv": [4.125, 6.125, 5.375, 6.5], "texture": "#voxels_atlas"}
			}
		},
		{
			"name": "Voxels",
			"from": [-0.6957, 7.3043, 7.1304],
			"to": [0.86952, 7.47821, 7.47823],
			"faces": {
				"north": {"uv": [16, 10, 14.875, 10.125], "texture": "#voxels_atlas"},
				"east": {"uv": [2.75, 0, 2.5, 0.125], "texture": "#voxels_atlas"},
				"south": {"uv": [14.875, 9.25, 16, 9.375], "texture": "#voxels_atlas"},
				"west": {"uv": [15.75, 9.625, 16, 9.75], "texture": "#voxels_atlas"},
				"up": {"uv": [4.125, 0.5, 5.25, 0.25], "texture": "#voxels_atlas"},
				"down": {"uv": [4.125, 0, 5.25, 0.25], "texture": "#voxels_atlas"}
			}
		},
		{
			"name": "Voxels",
			"from": [-0.6957, 7.4783, 14.087],
			"to": [1.04343, 8.17395, 14.43483],
			"faces": {
				"north": {"uv": [15.875, 12, 14.625, 12.5], "texture": "#voxels_atlas"},
				"east": {"uv": [6.125, 2.125, 5.875, 2.625], "texture": "#voxels_atlas"},
				"south": {"uv": [14.625, 11.5, 15.875, 12], "texture": "#voxels_atlas"},
				"west": {"uv": [5.625, 2.125, 5.875, 2.625], "texture": "#voxels_atlas"},
				"up": {"uv": [4.125, 3.625, 5.375, 3.375], "texture": "#voxels_atlas"},
				"down": {"uv": [4.125, 3.125, 5.375, 3.375], "texture": "#voxels_atlas"}
			}
		},
		{
			"name": "Voxels",
			"from": [-0.6957, 7.8261, 5.3913],
			"to": [1.04343, 8.17393, 6.7826],
			"faces": {
				"north": {"uv": [14.125, 10.25, 12.875, 10.5], "texture": "#voxels_atlas"},
				"east": {"uv": [15.875, 9.375, 14.875, 9.625], "texture": "#voxels_atlas"},
				"south": {"uv": [4.125, 2.125, 5.375, 2.375], "texture": "#voxels_atlas"},
				"west": {"uv": [13.875, 9.375, 14.875, 9.625], "texture": "#voxels_atlas"},
				"up": {"uv": [2.75, 2.5, 4, 1.5], "texture": "#voxels_atlas"},
				"down": {"uv": [12.375, 15, 13.625, 16], "texture": "#voxels_atlas"}
			}
		},
		{
			"name": "Voxels",
			"from": [-0.6957, 7.8261, 6.7826],
			"to": [1.04343, 8.00001, 7.13043],
			"faces": {
				"north": {"uv": [10.125, 8.875, 8.875, 9], "texture": "#voxels_atlas"},
				"east": {"uv": [5.375, 5.375, 5.125, 5.5], "texture": "#voxels_atlas"},
				"south": {"uv": [6.375, 8.75, 7.625, 8.875], "texture": "#voxels_atlas"},
				"west": {"uv": [12.125, 11.25, 12.375, 11.375], "texture": "#voxels_atlas"},
				"up": {"uv": [4.125, 3.125, 5.375, 2.875], "texture": "#voxels_atlas"},
				"down": {"uv": [4.125, 2.375, 5.375, 2.625], "texture": "#voxels_atlas"}
			}
		},
		{
			"name": "Voxels",
			"from": [-0.6957, 7.8261, 8],
			"to": [1.21734, 8.17393, 14.08696],
			"faces": {
				"north": {"uv": [16, 10.75, 14.625, 11], "texture": "#voxels_atlas"},
				"east": {"uv": [8.5, 10.25, 4.125, 10.5], "texture": "#voxels_atlas"},
				"south": {"uv": [14.625, 11.25, 16, 11.5], "texture": "#voxels_atlas"},
				"west": {"uv": [8.5, 10.25, 12.875, 10.5], "texture": "#voxels_atlas"},
				"up": {"uv": [2.75, 11.625, 4.125, 7.25], "texture": "#voxels_atlas"},
				"down": {"uv": [2.75, 11.625, 4.125, 16], "texture": "#voxels_atlas"}
			}
		},
		{
			"name": "Voxels",
			"from": [-0.6957, 8, 6.9565],
			"to": [1.04343, 8.17391, 7.13041],
			"faces": {
				"north": {"uv": [7.625, 8.875, 6.375, 9], "texture": "#voxels_atlas"},
				"east": {"uv": [16, 14.625, 15.875, 14.75], "texture": "#voxels_atlas"},
				"south": {"uv": [10.125, 8.75, 11.375, 8.875], "texture": "#voxels_atlas"},
				"west": {"uv": [15.875, 14.5, 16, 14.625], "texture": "#voxels_atlas"},
				"up": {"uv": [14.25, 9.125, 15.5, 9], "texture": "#voxels_atlas"},
				"down": {"uv": [13, 9, 14.25, 9.125], "texture": "#voxels_atlas"}
			}
		},
		{
			"name": "Voxels",
			"from": [-0.6957, 8, 7.8261],
			"to": [1.21734, 8.17391, 8.00001],
			"faces": {
				"north": {"uv": [1.375, 0, 0, 0.125], "texture": "#voxels_atlas"},
				"east": {"uv": [4.125, 0.125, 4, 0.25], "texture": "#voxels_atlas"},
				"south": {"uv": [14.125, 10.125, 15.5, 10.25], "texture": "#voxels_atlas"},
				"west": {"uv": [15.875, 14, 16, 14.125], "texture": "#voxels_atlas"},
				"up": {"uv": [10.5, 9.25, 11.875, 9.125], "texture": "#voxels_atlas"},
				"down": {"uv": [14.375, 9.625, 15.75, 9.75], "texture": "#voxels_atlas"}
			}
		},
		{
			"name": "Voxels",
			"from": [-0.6957, 8.1739, 7.1304],
			"to": [1.04343, 8.34781, 14.08692],
			"faces": {
				"north": {"uv": [10.125, 8.75, 8.875, 8.875], "texture": "#voxels_atlas"},
				"east": {"uv": [9.125, 10.125, 4.125, 10.25], "texture": "#voxels_atlas"},
				"south": {"uv": [11.375, 8.75, 12.625, 8.875], "texture": "#voxels_atlas"},
				"west": {"uv": [9.125, 10.125, 14.125, 10.25], "texture": "#voxels_atlas"},
				"up": {"uv": [0, 7, 1.25, 2], "texture": "#voxels_atlas"},
				"down": {"uv": [1.5, 11, 2.75, 16], "texture": "#voxels_atlas"}
			}
		},
		{
			"name": "Voxels",
			"from": [-0.6957, 8.1739, 14.4348],
			"to": [1.04343, 8.52173, 14.95654],
			"faces": {
				"north": {"uv": [5.375, 1.875, 4.125, 2.125], "texture": "#voxels_atlas"},
				"east": {"uv": [6.75, 7.25, 6.375, 7.5], "texture": "#voxels_atlas"},
				"south": {"uv": [4.125, 1.625, 5.375, 1.875], "texture": "#voxels_atlas"},
				"west": {"uv": [6.75, 7.5, 7.125, 7.75], "texture": "#voxels_atlas"},
				"up": {"uv": [4.125, 7.25, 5.375, 6.875], "texture": "#voxels_atlas"},
				"down": {"uv": [4.125, 7.25, 5.375, 7.625], "texture": "#voxels_atlas"}
			}
		},
		{
			"name": "Voxels",
			"from": [-0.6957, 8.3478, 7.4783],
			"to": [1.04343, 8.52171, 14.087],
			"faces": {
				"north": {"uv": [13, 9, 11.75, 9.125], "texture": "#voxels_atlas"},
				"east": {"uv": [14.875, 10, 10.125, 10.125], "texture": "#voxels_atlas"},
				"south": {"uv": [10.5, 9, 11.75, 9.125], "texture": "#voxels_atlas"},
				"west": {"uv": [5.375, 10, 10.125, 10.125], "texture": "#voxels_atlas"},
				"up": {"uv": [4.125, 16, 5.375, 11.25], "texture": "#voxels_atlas"},
				"down": {"uv": [2.75, 2.5, 4, 7.25], "texture": "#voxels_atlas"}
			}
		},
		{
			"name": "Voxels",
			"from": [-0.5217, 6.9565, 7.4783],
			"to": [0.8696, 7.13041, 14.087],
			"faces": {
				"north": {"uv": [15.875, 8.75, 14.875, 8.875], "texture": "#voxels_atlas"},
				"east": {"uv": [14.875, 9.75, 10.125, 9.875], "texture": "#voxels_atlas"},
				"south": {"uv": [13.375, 8.625, 14.375, 8.75], "texture": "#voxels_atlas"},
				"west": {"uv": [5.375, 9.875, 10.125, 10], "texture": "#voxels_atlas"},
				"up": {"uv": [6.375, 16, 7.375, 11.25], "texture": "#voxels_atlas"},
				"down": {"uv": [5.375, 11.25, 6.375, 16], "texture": "#voxels_atlas"}
			}
		},
		{
			"name": "Voxels",
			"from": [-0.5217, 6.9565, 14.4348],
			"to": [0.8696, 7.13041, 14.95654],
			"faces": {
				"north": {"uv": [15.375, 8.625, 14.375, 8.75], "texture": "#voxels_atlas"},
				"east": {"uv": [7.375, 4.625, 7, 4.75], "texture": "#voxels_atlas"},
				"south": {"uv": [6.375, 8.5, 7.375, 8.625], "texture": "#voxels_atlas"},
				"west": {"uv": [6.375, 2.25, 6.75, 2.375], "texture": "#voxels_atlas"},
				"up": {"uv": [4.125, 5.375, 5.125, 5], "texture": "#voxels_atlas"},
				"down": {"uv": [4.125, 4.625, 5.125, 5], "texture": "#voxels_atlas"}
			}
		},
		{
			"name": "Voxels",
			"from": [-0.5217, 7.1304, 7.1304],
			"to": [0.8696, 7.30431, 7.47823],
			"faces": {
				"north": {"uv": [7.375, 8.375, 6.375, 8.5], "texture": "#voxels_atlas"},
				"east": {"uv": [5.625, 0.375, 5.375, 0.5], "texture": "#voxels_atlas"},
				"south": {"uv": [6.375, 8.25, 7.375, 8.375], "texture": "#voxels_atlas"},
				"west": {"uv": [6.125, 0.75, 6.375, 0.875], "texture": "#voxels_atlas"},
				"up": {"uv": [5.375, 7, 6.375, 6.75], "texture": "#voxels_atlas"},
				"down": {"uv": [5.375, 7, 6.375, 7.25], "texture": "#voxels_atlas"}
			}
		},
		{
			"name": "Voxels",
			"from": [-0.5217, 7.3043, 14.087],
			"to": [0.8696, 7.47821, 14.43483],
			"faces": {
				"north": {"uv": [7.375, 8, 6.375, 8.125], "texture": "#voxels_atlas"},
				"east": {"uv": [7.375, 6.625, 7.125, 6.75], "texture": "#voxels_atlas"},
				"south": {"uv": [1.5, 0, 2.5, 0.125], "texture": "#voxels_atlas"},
				"west": {"uv": [6.125, 3.125, 6.375, 3.25], "texture": "#voxels_atlas"},
				"up": {"uv": [5.375, 6.5, 6.375, 6.25], "texture": "#voxels_atlas"},
				"down": {"uv": [12.875, 9.375, 13.875, 9.625], "texture": "#voxels_atlas"}
			}
		},
		{
			"name": "Voxels",
			"from": [-0.5217, 7.4783, 6.7826],
			"to": [0.8696, 7.82613, 7.13043],
			"faces": {
				"north": {"uv": [6.375, 8.5, 5.375, 8.75], "texture": "#voxels_atlas"},
				"east": {"uv": [5.375, 4.75, 5.125, 5], "texture": "#voxels_atlas"},
				"south": {"uv": [5.375, 8.25, 6.375, 8.5], "texture": "#voxels_atlas"},
				"west": {"uv": [6.125, 5.625, 6.375, 5.875], "texture": "#voxels_atlas"},
				"up": {"uv": [5.375, 9, 6.375, 8.75], "texture": "#voxels_atlas"},
				"down": {"uv": [5.375, 9, 6.375, 9.25], "texture": "#voxels_atlas"}
			}
		},
		{
			"name": "Voxels",
			"from": [-0.5217, 7.6522, 5.3913],
			"to": [0.8696, 7.82611, 6.7826],
			"faces": {
				"north": {"uv": [13.875, 9.25, 12.875, 9.375], "texture": "#voxels_atlas"},
				"east": {"uv": [6.375, 2.875, 5.375, 3], "texture": "#voxels_atlas"},
				"south": {"uv": [13.875, 9.25, 14.875, 9.375], "texture": "#voxels_atlas"},
				"west": {"uv": [5.375, 3, 6.375, 3.125], "texture": "#voxels_atlas"},
				"up": {"uv": [13.625, 16, 14.625, 15], "texture": "#voxels_atlas"},
				"down": {"uv": [14.625, 15, 15.625, 16], "texture": "#voxels_atlas"}
			}
		},
		{
			"name": "Voxels",
			"from": [-0.5217, 7.8261, 3.4783],
			"to": [0.8696, 8.17393, 5.39134],
			"faces": {
				"north": {"uv": [6.375, 7.5, 5.375, 7.75], "texture": "#voxels_atlas"},
				"east": {"uv": [15.875, 10.5, 14.5, 10.75], "texture": "#voxels_atlas"},
				"south": {"uv": [2.75, 0, 3.75, 0.25], "texture": "#voxels_atlas"},
				"west": {"uv": [13.125, 10.5, 14.5, 10.75], "texture": "#voxels_atlas"},
				"up": {"uv": [1.5, 1.5, 2.5, 0.125], "texture": "#voxels_atlas"},
				"down": {"uv": [0, 0.625, 1, 2], "texture": "#voxels_atlas"}
			}
		},
		{
			"name": "Voxels",
			"from": [-0.5217, 7.8261, 7.8261],
			"to": [1.21743, 8.00001, 8.00001],
			"faces": {
				"north": {"uv": [13.875, 8.875, 12.625, 9], "texture": "#voxels_atlas"},
				"east": {"uv": [16, 14.375, 15.875, 14.5], "texture": "#voxels_atlas"},
				"south": {"uv": [13.875, 8.875, 15.125, 9], "texture": "#voxels_atlas"},
				"west": {"uv": [1.375, 0, 1.5, 0.125], "texture": "#voxels_atlas"},
				"up": {"uv": [11.375, 9, 12.625, 8.875], "texture": "#voxels_atlas"},
				"down": {"uv": [10.125, 8.875, 11.375, 9], "texture": "#voxels_atlas"}
			}
		},
		{
			"name": "Voxels",
			"from": [-0.5217, 8, 6.7826],
			"to": [1.04352, 8.17391, 6.95651],
			"faces": {
				"north": {"uv": [16, 9.75, 14.875, 9.875], "texture": "#voxels_atlas"},
				"east": {"uv": [16, 14.125, 15.875, 14.25], "texture": "#voxels_atlas"},
				"south": {"uv": [12.625, 8.75, 13.75, 8.875], "texture": "#voxels_atlas"},
				"west": {"uv": [15.875, 14.25, 16, 14.375], "texture": "#voxels_atlas"},
				"up": {"uv": [14.875, 10, 16, 9.875], "texture": "#voxels_atlas"},
				"down": {"uv": [13.75, 8.75, 14.875, 8.875], "texture": "#voxels_atlas"}
			}
		},
		{
			"name": "Voxels",
			"from": [-0.5217, 8.1739, 5.3913],
			"to": [0.8696, 8.34781, 7.13043],
			"faces": {
				"north": {"uv": [7.375, 8.125, 6.375, 8.25], "texture": "#voxels_atlas"},
				"east": {"uv": [8.875, 8.875, 7.625, 9], "texture": "#voxels_atlas"},
				"south": {"uv": [5.375, 2.75, 6.375, 2.875], "texture": "#voxels_atlas"},
				"west": {"uv": [7.625, 8.75, 8.875, 8.875], "texture": "#voxels_atlas"},
				"up": {"uv": [2.75, 1.5, 3.75, 0.25], "texture": "#voxels_atlas"},
				"down": {"uv": [11.375, 14.75, 12.375, 16], "texture": "#voxels_atlas"}
			}
		},
		{
			"name": "Voxels",
			"from": [-0.5217, 8.1739, 14.087],
			"to": [0.8696, 8.34781, 14.43483],
			"faces": {
				"north": {"uv": [6.375, 1.125, 5.375, 1.25], "texture": "#voxels_atlas"},
				"east": {"uv": [5.375, 4.625, 5.125, 4.75], "texture": "#voxels_atlas"},
				"south": {"uv": [5.375, 2, 6.375, 2.125], "texture": "#voxels_atlas"},
				"west": {"uv": [6.125, 5.375, 6.375, 5.5], "texture": "#voxels_atlas"},
				"up": {"uv": [5.375, 6.75, 6.375, 6.5], "texture": "#voxels_atlas"},
				"down": {"uv": [5.375, 7.25, 6.375, 7.5], "texture": "#voxels_atlas"}
			}
		},
		{
			"name": "Voxels",
			"from": [-0.5217, 8.3478, 6.7826],
			"to": [-0.17387, 8.52171, 7.47825],
			"faces": {
				"north": {"uv": [5.375, 5, 5.125, 5.125], "texture": "#voxels_atlas"},
				"east": {"uv": [7.375, 3.5, 6.875, 3.625], "texture": "#voxels_atlas"},
				"south": {"uv": [7.125, 7, 7.375, 7.125], "texture": "#voxels_atlas"},
				"west": {"uv": [6.875, 4.125, 7.375, 4.25], "texture": "#voxels_atlas"},
				"up": {"uv": [5.375, 1, 5.625, 0.5], "texture": "#voxels_atlas"},
				"down": {"uv": [6.125, 1.5, 6.375, 2], "texture": "#voxels_atlas"}
			}
		},
		{
			"name": "Voxels",
			"from": [-0.5217, 8.5217, 7.4783],
			"to": [0.8696, 8.69561, 14.087],
			"faces": {
				"north": {"uv": [7.375, 7.875, 6.375, 8], "texture": "#voxels_atlas"},
				"east": {"uv": [10.125, 9.75, 5.375, 9.875], "texture": "#voxels_atlas"},
				"south": {"uv": [12.375, 8.625, 13.375, 8.75], "texture": "#voxels_atlas"},
				"west": {"uv": [10.125, 9.875, 14.875, 10], "texture": "#voxels_atlas"},
				"up": {"uv": [8.375, 16, 9.375, 11.25], "texture": "#voxels_atlas"},
				"down": {"uv": [7.375, 11.25, 8.375, 16], "texture": "#voxels_atlas"}
			}
		},
		{
			"name": "Voxels",
			"from": [-0.5217, 8.5217, 14.4348],
			"to": [0.8696, 8.69561, 14.95654],
			"faces": {
				"north": {"uv": [12.375, 8.625, 11.375, 8.75], "texture": "#voxels_atlas"},
				"east": {"uv": [4.125, 0, 3.75, 0.125], "texture": "#voxels_atlas"},
				"south": {"uv": [5.375, 1, 6.375, 1.125], "texture": "#voxels_atlas"},
				"west": {"uv": [7, 4.5, 7.375, 4.625], "texture": "#voxels_atlas"},
				"up": {"uv": [4.125, 6.125, 5.125, 5.75], "texture": "#voxels_atlas"},
				"down": {"uv": [4.125, 5.375, 5.125, 5.75], "texture": "#voxels_atlas"}
			}
		},
		{
			"name": "Voxels",
			"from": [-0.3478, 6.9565, 7.3043],
			"to": [0.69568, 7.13041, 7.47821],
			"faces": {
				"north": {"uv": [7.125, 5.125, 6.375, 5.25], "texture": "#voxels_atlas"},
				"east": {"uv": [4.125, 0.625, 4, 0.75], "texture": "#voxels_atlas"},
				"south": {"uv": [6.375, 5.5, 7.125, 5.625], "texture": "#voxels_atlas"},
				"west": {"uv": [4, 0.25, 4.125, 0.375], "texture": "#voxels_atlas"},
				"up": {"uv": [6.375, 5.125, 7.125, 5], "texture": "#voxels_atlas"},
				"down": {"uv": [6.375, 4.875, 7.125, 5], "texture": "#voxels_atlas"}
			}
		},
		{
			"name": "Voxels",
			"from": [-0.3478, 7.1304, 14.087],
			"to": [0.69568, 7.30431, 14.43483],
			"faces": {
				"north": {"uv": [7.125, 6.25, 6.375, 6.375], "texture": "#voxels_atlas"},
				"east": {"uv": [6.125, 3.125, 5.875, 3.25], "texture": "#voxels_atlas"},
				"south": {"uv": [6.375, 6.625, 7.125, 6.75], "texture": "#voxels_atlas"},
				"west": {"uv": [5.375, 0, 5.625, 0.125], "texture": "#voxels_atlas"},
				"up": {"uv": [5.375, 4.25, 6.125, 4], "texture": "#voxels_atlas"},
				"down": {"uv": [5.375, 4.25, 6.125, 4.5], "texture": "#voxels_atlas"}
			}
		},
		{
			"name": "Voxels",
			"from": [-0.3478, 7.3043, 6.7826],
			"to": [0.69568, 7.47821, 7.13043],
			"faces": {
				"north": {"uv": [7.125, 7.125, 6.375, 7.25], "texture": "#voxels_atlas"},
				"east": {"uv": [7.375, 6.75, 7.125, 6.875], "texture": "#voxels_atlas"},
				"south": {"uv": [15.125, 8.875, 15.875, 9], "texture": "#voxels_atlas"},
				"west": {"uv": [6.125, 4.875, 6.375, 5], "texture": "#voxels_atlas"},
				"up": {"uv": [4.625, 1.25, 5.375, 1], "texture": "#voxels_atlas"},
				"down": {"uv": [15.125, 11, 15.875, 11.25], "texture": "#voxels_atlas"}
			}
		},
		{
			"name": "Voxels",
			"from": [-0.3478, 7.4783, 5.3913],
			"to": [0.69568, 7.65221, 6.7826],
			"faces": {
				"north": {"uv": [7.125, 6.75, 6.375, 6.875], "texture": "#voxels_atlas"},
				"east": {"uv": [6.375, 2.625, 5.375, 2.75], "texture": "#voxels_atlas"},
				"south": {"uv": [6.375, 5.875, 7.125, 6], "texture": "#voxels_atlas"},
				"west": {"uv": [10.375, 8.625, 11.375, 8.75], "texture": "#voxels_atlas"},
				"up": {"uv": [13.875, 15, 14.625, 14], "texture": "#voxels_atlas"},
				"down": {"uv": [14.625, 14, 15.375, 15], "texture": "#voxels_atlas"}
			}
		},
		{
			"name": "Voxels",
			"from": [-0.3478, 7.6522, 3.4783],
			"to": [0.69568, 7.82611, 5.39134],
			"faces": {
				"north": {"uv": [7.125, 7, 6.375, 7.125], "texture": "#voxels_atlas"},
				"east": {"uv": [7.75, 9.125, 6.375, 9.25], "texture": "#voxels_atlas"},
				"south": {"uv": [6.375, 6.875, 7.125, 7], "texture": "#voxels_atlas"},
				"west": {"uv": [7.75, 9.125, 9.125, 9.25], "texture": "#voxels_atlas"},
				"up": {"uv": [11.375, 14.75, 12.125, 13.375], "texture": "#voxels_atlas"},
				"down": {"uv": [12.375, 12.25, 13.125, 13.625], "texture": "#voxels_atlas"}
			}
		},
		{
			"name": "Voxels",
			"from": [-0.3478, 7.8261, 2.6087],
			"to": [0.69568, 8.17393, 3.47827],
			"faces": {
				"north": {"uv": [6.125, 5.625, 5.375, 5.875], "texture": "#voxels_atlas"},
				"east": {"uv": [6, 3.75, 5.375, 4], "texture": "#voxels_atlas"},
				"south": {"uv": [5.375, 5.375, 6.125, 5.625], "texture": "#voxels_atlas"},
				"west": {"uv": [15.375, 10.25, 16, 10.5], "texture": "#voxels_atlas"},
				"up": {"uv": [4.625, 8.625, 5.375, 8], "texture": "#voxels_atlas"},
				"down": {"uv": [11.375, 11.375, 12.125, 12], "texture": "#voxels_atlas"}
			}
		},
		{
			"name": "Voxels",
			"from": [-0.3478, 8.1739, 3.4783],
			"to": [0.69568, 8.34781, 5.39134],
			"faces": {
				"north": {"uv": [7.125, 6.5, 6.375, 6.625], "texture": "#voxels_atlas"},
				"east": {"uv": [7.75, 9, 6.375, 9.125], "texture": "#voxels_atlas"},
				"south": {"uv": [6.375, 6.375, 7.125, 6.5], "texture": "#voxels_atlas"},
				"west": {"uv": [14.625, 9.125, 16, 9.25], "texture": "#voxels_atlas"},
				"up": {"uv": [11.375, 13.375, 12.125, 12], "texture": "#voxels_atlas"},
				"down": {"uv": [12.375, 13.625, 13.125, 15], "texture": "#voxels_atlas"}
			}
		},
		{
			"name": "Voxels",
			"from": [-0.3478, 8.3478, 5.3913],
			"to": [0.69568, 8.52171, 6.7826],
			"faces": {
				"north": {"uv": [7.125, 6.125, 6.375, 6.25], "texture": "#voxels_atlas"},
				"east": {"uv": [9.375, 8.625, 8.375, 8.75], "texture": "#voxels_atlas"},
				"south": {"uv": [6.375, 6, 7.125, 6.125], "texture": "#voxels_atlas"},
				"west": {"uv": [7.375, 8.625, 8.375, 8.75], "texture": "#voxels_atlas"},
				"up": {"uv": [12.375, 12.25, 13.125, 11.25], "texture": "#voxels_atlas"},
				"down": {"uv": [13.125, 14, 13.875, 15], "texture": "#voxels_atlas"}
			}
		},
		{
			"name": "Voxels",
			"from": [-0.3478, 8.3478, 14.087],
			"to": [0.69568, 8.52171, 14.43483],
			"faces": {
				"north": {"uv": [7.125, 5.75, 6.375, 5.875], "texture": "#voxels_atlas"},
				"east": {"uv": [6.375, 4.125, 6.125, 4.25], "texture": "#voxels_atlas"},
				"south": {"uv": [6.375, 5.625, 7.125, 5.75], "texture": "#voxels_atlas"},
				"west": {"uv": [6.125, 4, 6.375, 4.125], "texture": "#voxels_atlas"},
				"up": {"uv": [5.375, 5.125, 6.125, 4.875], "texture": "#voxels_atlas"},
				"down": {"uv": [5.375, 5.125, 6.125, 5.375], "texture": "#voxels_atlas"}
			}
		},
		{
			"name": "Voxels",
			"from": [-0.3478, 8.5217, 6.7826],
			"to": [0.69568, 8.69561, 7.47825],
			"faces": {
				"north": {"uv": [7.125, 5.375, 6.375, 5.5], "texture": "#voxels_atlas"},
				"east": {"uv": [7.375, 2.375, 6.875, 2.5], "texture": "#voxels_atlas"},
				"south": {"uv": [6.375, 5.25, 7.125, 5.375], "texture": "#voxels_atlas"},
				"west": {"uv": [6.875, 3.875, 7.375, 4], "texture": "#voxels_atlas"},
				"up": {"uv": [4.125, 4.625, 4.875, 4.125], "texture": "#voxels_atlas"},
				"down": {"uv": [4.125, 3.625, 4.875, 4.125], "texture": "#voxels_atlas"}
			}
		},
		{
			"name": "Voxels",
			"from": [-0.1739, 6.7826, 7.8261],
			"to": [0.52175, 6.95651, 14.08697],
			"faces": {
				"north": {"uv": [6.875, 2.5, 6.375, 2.625], "texture": "#voxels_atlas"},
				"east": {"uv": [9.875, 9.625, 5.375, 9.75], "texture": "#voxels_atlas"},
				"south": {"uv": [6.875, 2.625, 7.375, 2.75], "texture": "#voxels_atlas"},
				"west": {"uv": [8.375, 9.375, 12.875, 9.5], "texture": "#voxels_atlas"},
				"up": {"uv": [10.875, 16, 11.375, 11.5], "texture": "#voxels_atlas"},
				"down": {"uv": [9.375, 11.5, 9.875, 16], "texture": "#voxels_atlas"}
			}
		},
		{
			"name": "Voxels",
			"from": [-0.1739, 6.7826, 14.4348],
			"to": [0.52175, 6.95651, 14.95654],
			"faces": {
				"north": {"uv": [6.875, 2.875, 6.375, 3], "texture": "#voxels_atlas"},
				"east": {"uv": [12.875, 9.25, 12.5, 9.375], "texture": "#voxels_atlas"},
				"south": {"uv": [6.875, 3, 7.375, 3.125], "texture": "#voxels_atlas"},
				"west": {"uv": [7, 4.75, 7.375, 4.875], "texture": "#voxels_atlas"},
				"up": {"uv": [5.375, 6.25, 5.875, 5.875], "texture": "#voxels_atlas"},
				"down": {"uv": [5.875, 5.875, 6.375, 6.25], "texture": "#voxels_atlas"}
			}
		},
		{
			"name": "Voxels",
			"from": [-0.1739, 6.9565, 14.087],
			"to": [0.52175, 7.13041, 14.43483],
			"faces": {
				"north": {"uv": [6.875, 3.25, 6.375, 3.375], "texture": "#voxels_atlas"},
				"east": {"uv": [6.375, 5.25, 6.125, 5.375], "texture": "#voxels_atlas"},
				"south": {"uv": [6.375, 3.375, 6.875, 3.5], "texture": "#voxels_atlas"},
				"west": {"uv": [6.125, 5.5, 6.375, 5.625], "texture": "#voxels_atlas"},
				"up": {"uv": [14.125, 11.5, 14.625, 11.25], "texture": "#voxels_atlas"},
				"down": {"uv": [13.625, 11.25, 14.125, 11.5], "texture": "#voxels_atlas"}
			}
		},
		{
			"name": "Voxels",
			"from": [-0.1739, 7.3043, 5.3913],
			"to": [0.52175, 7.47821, 6.7826],
			"faces": {
				"north": {"uv": [6.875, 3.75, 6.375, 3.875], "texture": "#voxels_atlas"},
				"east": {"uv": [10.375, 8.625, 9.375, 8.75], "texture": "#voxels_atlas"},
				"south": {"uv": [6.375, 3.875, 6.875, 4], "texture": "#voxels_atlas"},
				"west": {"uv": [6.375, 8.625, 7.375, 8.75], "texture": "#voxels_atlas"},
				"up": {"uv": [15.375, 15, 15.875, 14], "texture": "#voxels_atlas"},
				"down": {"uv": [4.125, 7.625, 4.625, 8.625], "texture": "#voxels_atlas"}
			}
		},
		{
			"name": "Voxels",
			"from": [-0.1739, 7.4783, 3.4783],
			"to": [0.52175, 7.65221, 5.39134],
			"faces": {
				"north": {"uv": [7.375, 4, 6.875, 4.125], "texture": "#voxels_atlas"},
				"east": {"uv": [12.5, 9.25, 11.125, 9.375], "texture": "#voxels_atlas"},
				"south": {"uv": [6.375, 4, 6.875, 4.125], "texture": "#voxels_atlas"},
				"west": {"uv": [9.125, 9, 10.5, 9.125], "texture": "#voxels_atlas"},
				"up": {"uv": [13.625, 13.5, 14.125, 12.125], "texture": "#voxels_atlas"},
				"down": {"uv": [13.125, 12.125, 13.625, 13.5], "texture": "#voxels_atlas"}
			}
		},
		{
			"name": "Voxels",
			"from": [-0.1739, 7.6522, 2.6087],
			"to": [0.52175, 7.82611, 3.47827],
			"faces": {
				"north": {"uv": [16, 10.125, 15.5, 10.25], "texture": "#voxels_atlas"},
				"east": {"uv": [7, 4.625, 6.375, 4.75], "texture": "#voxels_atlas"},
				"south": {"uv": [6.875, 3.375, 7.375, 3.5], "texture": "#voxels_atlas"},
				"west": {"uv": [6.375, 4.75, 7, 4.875], "texture": "#voxels_atlas"},
				"up": {"uv": [13.125, 12.125, 13.625, 11.5], "texture": "#voxels_atlas"},
				"down": {"uv": [13.625, 11.5, 14.125, 12.125], "texture": "#voxels_atlas"}
			}
		},
		{
			"name": "Voxels",
			"from": [-0.1739, 7.8261, 1.913],
			"to": [0.52175, 8.17393, 2.60865],
			"faces": {
				"north": {"uv": [10.375, 11.25, 9.875, 11.5], "texture": "#voxels_atlas"},
				"east": {"uv": [6.125, 0.75, 5.625, 1], "texture": "#voxels_atlas"},
				"south": {"uv": [5.625, 0.25, 6.125, 0.5], "texture": "#voxels_atlas"},
				"west": {"uv": [5.625, 0.5, 6.125, 0.75], "texture": "#voxels_atlas"},
				"up": {"uv": [5.375, 8.25, 5.875, 7.75], "texture": "#voxels_atlas"},
				"down": {"uv": [4.875, 3.625, 5.375, 4.125], "texture": "#voxels_atlas"}
			}
		},
		{
			"name": "Voxels",
			"from": [-0.1739, 8.1739, 2.6087],
			"to": [0.52175, 8.34781, 3.47827],
			"faces": {
				"north": {"uv": [7.375, 3.75, 6.875, 3.875], "texture": "#voxels_atlas"},
				"east": {"uv": [16, 8.625, 15.375, 8.75], "texture": "#voxels_atlas"},
				"south": {"uv": [6.375, 3.625, 6.875, 3.75], "texture": "#voxels_atlas"},
				"west": {"uv": [6.375, 4.25, 7, 4.375], "texture": "#voxels_atlas"},
				"up": {"uv": [14.125, 12.125, 14.625, 11.5], "texture": "#voxels_atlas"},
				"down": {"uv": [4.125, 1, 4.625, 1.625], "texture": "#voxels_atlas"}
			}
		},
		{
			"name": "Voxels",
			"from": [-0.1739, 8.3478, 3.4783],
			"to": [0.52175, 8.52171, 5.39134],
			"faces": {
				"north": {"uv": [7.375, 3.625, 6.875, 3.75], "texture": "#voxels_atlas"},
				"east": {"uv": [11.125, 9.25, 9.75, 9.375], "texture": "#voxels_atlas"},
				"south": {"uv": [6.375, 3.5, 6.875, 3.625], "texture": "#voxels_atlas"},
				"west": {"uv": [13.25, 9.125, 14.625, 9.25], "texture": "#voxels_atlas"},
				"up": {"uv": [1, 2, 1.5, 0.625], "texture": "#voxels_atlas"},
				"down": {"uv": [14.125, 12.125, 14.625, 13.5], "texture": "#voxels_atlas"}
			}
		},
		{
			"name": "Voxels",
			"from": [-0.1739, 8.3478, 6.9565],
			"to": [0.86958, 8.52171, 7.47824],
			"faces": {
				"north": {"uv": [12.125, 11.25, 11.375, 11.375], "texture": "#voxels_atlas"},
				"east": {"uv": [6.75, 2.125, 6.375, 2.25], "texture": "#voxels_atlas"},
				"south": {"uv": [6.375, 7.75, 7.125, 7.875], "texture": "#voxels_atlas"},
				"west": {"uv": [6.75, 2.25, 7.125, 2.375], "texture": "#voxels_atlas"},
				"up": {"uv": [4.625, 1.625, 5.375, 1.25], "texture": "#voxels_atlas"},
				"down": {"uv": [4.625, 7.625, 5.375, 8], "texture": "#voxels_atlas"}
			}
		},
		{
			"name": "Voxels",
			"from": [-0.1739, 8.5217, 5.3913],
			"to": [0.52175, 8.69561, 6.7826],
			"faces": {
				"north": {"uv": [7.375, 3.25, 6.875, 3.375], "texture": "#voxels_atlas"},
				"east": {"uv": [6.375, 1.375, 5.375, 1.5], "texture": "#voxels_atlas"},
				"south": {"uv": [6.375, 3, 6.875, 3.125], "texture": "#voxels_atlas"},
				"west": {"uv": [5.375, 1.25, 6.375, 1.375], "texture": "#voxels_atlas"},
				"up": {"uv": [4.125, 9.625, 4.625, 8.625], "texture": "#voxels_atlas"},
				"down": {"uv": [4.625, 8.625, 5.125, 9.625], "texture": "#voxels_atlas"}
			}
		},
		{
			"name": "Voxels",
			"from": [-0.1739, 8.5217, 14.087],
			"to": [0.52175, 8.69561, 14.43483],
			"faces": {
				"north": {"uv": [7.375, 2.875, 6.875, 3], "texture": "#voxels_atlas"},
				"east": {"uv": [6.375, 5, 6.125, 5.125], "texture": "#voxels_atlas"},
				"south": {"uv": [6.375, 2.75, 6.875, 2.875], "texture": "#voxels_atlas"},
				"west": {"uv": [6.125, 5.125, 6.375, 5.25], "texture": "#voxels_atlas"},
				"up": {"uv": [10.375, 11.5, 10.875, 11.25], "texture": "#voxels_atlas"},
				"down": {"uv": [13.125, 11.25, 13.625, 11.5], "texture": "#voxels_atlas"}
			}
		},
		{
			"name": "Voxels",
			"from": [-0.1739, 8.6957, 7.8261],
			"to": [0.52175, 8.86961, 14.08697],
			"faces": {
				"north": {"uv": [7.375, 2.5, 6.875, 2.625], "texture": "#voxels_atlas"},
				"east": {"uv": [14.375, 9.625, 9.875, 9.75], "texture": "#voxels_atlas"},
				"south": {"uv": [6.375, 2.375, 6.875, 2.5], "texture": "#voxels_atlas"},
				"west": {"uv": [8.375, 9.5, 12.875, 9.625], "texture": "#voxels_atlas"},
				"up": {"uv": [10.375, 16, 10.875, 11.5], "texture": "#voxels_atlas"},
				"down": {"uv": [9.875, 11.5, 10.375, 16], "texture": "#voxels_atlas"}
			}
		},
		{
			"name": "Voxels",
			"from": [-0.1739, 8.6957, 14.4348],
			"to": [0.52175, 8.86961, 14.95654],
			"faces": {
				"north": {"uv": [16, 9, 15.5, 9.125], "texture": "#voxels_atlas"},
				"east": {"uv": [7.375, 4.25, 7, 4.375], "texture": "#voxels_atlas"},
				"south": {"uv": [6.375, 4.125, 6.875, 4.25], "texture": "#voxels_atlas"},
				"west": {"uv": [7, 4.375, 7.375, 4.5], "texture": "#voxels_atlas"},
				"up": {"uv": [5.875, 4.875, 6.375, 4.5], "texture": "#voxels_atlas"},
				"down": {"uv": [5.375, 4.5, 5.875, 4.875], "texture": "#voxels_atlas"}
			}
		},
		{
			"name": "Voxels",
			"from": [0, 7.3043, 3.4783],
			"to": [0.34783, 7.47821, 5.39134],
			"faces": {
				"north": {"uv": [6.375, 4.375, 6.125, 4.5], "texture": "#voxels_atlas"},
				"east": {"uv": [9.75, 9.25, 8.375, 9.375], "texture": "#voxels_atlas"},
				"south": {"uv": [6.125, 4.25, 6.375, 4.375], "texture": "#voxels_atlas"},
				"west": {"uv": [7.75, 9, 9.125, 9.125], "texture": "#voxels_atlas"},
				"up": {"uv": [12.125, 13.375, 12.375, 12], "texture": "#voxels_atlas"},
				"down": {"uv": [2.5, 0.125, 2.75, 1.5], "texture": "#voxels_atlas"}
			}
		},
		{
			"name": "Voxels",
			"from": [0, 7.4783, 2.6087],
			"to": [0.34783, 7.65221, 3.47827],
			"faces": {
				"north": {"uv": [7.375, 7.125, 7.125, 7.25], "texture": "#voxels_atlas"},
				"east": {"uv": [7, 4.5, 6.375, 4.625], "texture": "#voxels_atlas"},
				"south": {"uv": [7.125, 6.875, 7.375, 7], "texture": "#voxels_atlas"},
				"west": {"uv": [6.75, 7.375, 7.375, 7.5], "texture": "#voxels_atlas"},
				"up": {"uv": [5.625, 3.75, 5.875, 3.125], "texture": "#voxels_atlas"},
				"down": {"uv": [5.125, 9, 5.375, 9.625], "texture": "#voxels_atlas"}
			}
		},
		{
			"name": "Voxels",
			"from": [0, 7.6522, 1.913],
			"to": [0.34783, 7.82611, 2.60865],
			"faces": {
				"north": {"uv": [7.375, 7.625, 7.125, 7.75], "texture": "#voxels_atlas"},
				"east": {"uv": [7.375, 3.125, 6.875, 3.25], "texture": "#voxels_atlas"},
				"south": {"uv": [7.125, 7.5, 7.375, 7.625], "texture": "#voxels_atlas"},
				"west": {"uv": [6.375, 3.125, 6.875, 3.25], "texture": "#voxels_atlas"},
				"up": {"uv": [6.125, 2.625, 6.375, 2.125], "texture": "#voxels_atlas"},
				"down": {"uv": [5.375, 1.5, 5.625, 2], "texture": "#voxels_atlas"}
			}
		},
		{
			"name": "Voxels",
			"from": [0, 7.8261, 1.2174],
			"to": [0.34783, 8.17393, 1.91305],
			"faces": {
				"north": {"uv": [5.375, 5.5, 5.125, 5.75], "texture": "#voxels_atlas"},
				"east": {"uv": [9.875, 11.25, 9.375, 11.5], "texture": "#voxels_atlas"},
				"south": {"uv": [5.125, 5.125, 5.375, 5.375], "texture": "#voxels_atlas"},
				"west": {"uv": [10.875, 11.25, 11.375, 11.5], "texture": "#voxels_atlas"},
				"up": {"uv": [6.125, 3.75, 6.375, 3.25], "texture": "#voxels_atlas"},
				"down": {"uv": [5.375, 2.125, 5.625, 2.625], "texture": "#voxels_atlas"}
			}
		},
		{
			"name": "Voxels",
			"from": [0, 8.1739, 1.913],
			"to": [0.34783, 8.34781, 2.60865],
			"faces": {
				"north": {"uv": [7.375, 6.5, 7.125, 6.625], "texture": "#voxels_atlas"},
				"east": {"uv": [6.875, 2.625, 6.375, 2.75], "texture": "#voxels_atlas"},
				"south": {"uv": [7.125, 6.375, 7.375, 6.5], "texture": "#voxels_atlas"},
				"west": {"uv": [6.875, 2.75, 7.375, 2.875], "texture": "#voxels_atlas"},
				"up": {"uv": [1.25, 2.5, 1.5, 2], "texture": "#voxels_atlas"},
				"down": {"uv": [5.875, 3.25, 6.125, 3.75], "texture": "#voxels_atlas"}
			}
		},
		{
			"name": "Voxels",
			"from": [0, 8.3478, 2.6087],
			"to": [0.34783, 8.52171, 3.47827],
			"faces": {
				"north": {"uv": [5.625, 0.25, 5.375, 0.375], "texture": "#voxels_atlas"},
				"east": {"uv": [7, 4.375, 6.375, 4.5], "texture": "#voxels_atlas"},
				"south": {"uv": [5.375, 0.125, 5.625, 0.25], "texture": "#voxels_atlas"},
				"west": {"uv": [6.75, 7.25, 7.375, 7.375], "texture": "#voxels_atlas"},
				"up": {"uv": [12.125, 12, 12.375, 11.375], "texture": "#voxels_atlas"},
				"down": {"uv": [5.375, 3.125, 5.625, 3.75], "texture": "#voxels_atlas"}
			}
		},
		{
			"name": "Voxels",
			"from": [0, 8.5217, 3.4783],
			"to": [0.34783, 8.69561, 5.39134],
			"faces": {
				"north": {"uv": [6.375, 0.625, 6.125, 0.75], "texture": "#voxels_atlas"},
				"east": {"uv": [10.5, 9.125, 9.125, 9.25], "texture": "#voxels_atlas"},
				"south": {"uv": [6.125, 0.5, 6.375, 0.625], "texture": "#voxels_atlas"},
				"west": {"uv": [11.875, 9.125, 13.25, 9.25], "texture": "#voxels_atlas"},
				"up": {"uv": [3.75, 1.5, 4, 0.125], "texture": "#voxels_atlas"},
				"down": {"uv": [12.125, 13.375, 12.375, 14.75], "texture": "#voxels_atlas"}
			}
		},
		{
			"name": "Voxels",
			"from": [0.5217, 8.3478, 6.7826],
			"to": [0.86953, 8.52171, 6.95651],
			"faces": {
				"north": {"uv": [6.375, 0.875, 6.125, 1], "texture": "#voxels_atlas"},
				"east": {"uv": [16, 14.75, 15.875, 14.875], "texture": "#voxels_atlas"},
				"south": {"uv": [7.125, 7.75, 7.375, 7.875], "texture": "#voxels_atlas"},
				"west": {"uv": [15.875, 14.875, 16, 15], "texture": "#voxels_atlas"},
				"up": {"uv": [6.125, 0.375, 6.375, 0.25], "texture": "#voxels_atlas"},
				"down": {"uv": [6.125, 0.375, 6.375, 0.5], "texture": "#voxels_atlas"}
			}
		},
		{
			"name": "Voxels",
			"from": [0.8696, 7.4783, 7.4783],
			"to": [1.04351, 8.17395, 7.82613],
			"faces": {
				"north": {"uv": [4.125, 6.75, 4, 7.25], "texture": "#voxels_atlas"},
				"east": {"uv": [5.875, 1.5, 5.625, 2], "texture": "#voxels_atlas"},
				"south": {"uv": [4, 6.25, 4.125, 6.75], "texture": "#voxels_atlas"},
				"west": {"uv": [5.875, 1.5, 6.125, 2], "texture": "#voxels_atlas"},
				"up": {"uv": [4, 2.25, 4.125, 2], "texture": "#voxels_atlas"},
				"down": {"uv": [4, 2.25, 4.125, 2.5], "texture": "#voxels_atlas"}
			}
		},
		{
			"name": "Voxels",
			"from": [0.8696, 7.6522, 7.1304],
			"to": [1.04351, 8.17394, 7.47823],
			"faces": {
				"north": {"uv": [4.125, 2.75, 4, 3.125], "texture": "#voxels_atlas"},
				"east": {"uv": [5.375, 5.75, 5.125, 6.125], "texture": "#voxels_atlas"},
				"south": {"uv": [4, 3.125, 4.125, 3.5], "texture": "#voxels_atlas"},
				"west": {"uv": [5.125, 8.625, 5.375, 9], "texture": "#voxels_atlas"},
				"up": {"uv": [4, 1.5, 4.125, 1.25], "texture": "#voxels_atlas"},
				"down": {"uv": [4, 1.5, 4.125, 1.75], "texture": "#voxels_atlas"}
			}
		},
		{
			"name": "Voxels",
			"from": [1.0435, 7.4783, 7.6522],
			"to": [1.21741, 8.17395, 7.82611],
			"faces": {
				"north": {"uv": [4.125, 5.75, 4, 6.25], "texture": "#voxels_atlas"},
				"east": {"uv": [4.125, 4.25, 4, 4.75], "texture": "#voxels_atlas"},
				"south": {"uv": [4, 5.25, 4.125, 5.75], "texture": "#voxels_atlas"},
				"west": {"uv": [4, 4.75, 4.125, 5.25], "texture": "#voxels_atlas"},
				"up": {"uv": [4, 0.5, 4.125, 0.375], "texture": "#voxels_atlas"},
				"down": {"uv": [4, 0.5, 4.125, 0.625], "texture": "#voxels_atlas"}
			}
		},
		{
			"name": "Voxels",
			"from": [1.0435, 7.8261, 7.1304],
			"to": [1.21741, 8.17393, 7.65214],
			"faces": {
				"north": {"uv": [4.125, 1, 4, 1.25], "texture": "#voxels_atlas"},
				"east": {"uv": [6.375, 3.75, 6, 4], "texture": "#voxels_atlas"},
				"south": {"uv": [4, 0.75, 4.125, 1], "texture": "#voxels_atlas"},
				"west": {"uv": [6.375, 7.5, 6.75, 7.75], "texture": "#voxels_atlas"},
				"up": {"uv": [4, 4.25, 4.125, 3.875], "texture": "#voxels_atlas"},
				"down": {"uv": [4, 3.5, 4.125, 3.875], "texture": "#voxels_atlas"}
			}
		}
	],
	"display": {
		"thirdperson_righthand": {
			"rotation": [134.25, 0, -126],
			"translation": [-2.5, 1.75, -2.25],
			"scale": [0.43, 0.43, 0.43]
		},
		"thirdperson_lefthand": {
			"scale": [0, 0, 0]
		},
		"firstperson_righthand": {
			"rotation": [76.75, -41.5, 47.5],
			"translation": [6, 0, 0],
			"scale": [0.43, 0.43, 0.43]
		},
		"firstperson_lefthand": {
			"scale": [0, 0, 0]
		},
		"ground": {
			"rotation": [48.25, 0, 0],
			"translation": [3.68, 0, 0],
			"scale": [0.43, 0.43, 0.43]
		},
		"gui": {
			"rotation": [62, -42, -5],
			"translation": [6.2608, -4.17, -7.652]
		},
		"fixed": {
			"rotation": [-90, -118, 3.75],
			"translation": [-3, 5.25, -1]
		}
	}
}