{
	"credit": "Made with Blockbench",
	"textures": {
		"main": "nubx/guns/desert_eagle"
	},
	"elements": [
		{
			"name": "Black",
			"from": [9.5, 9, 6.75],
			"to": [14.5, 10, 8.25],
			"faces": {
				"north": {"uv": [0, 0, 0.125, 0.125], "texture": "#main"},
				"east": {"uv": [0, 0, 0.125, 0.125], "texture": "#main"},
				"south": {"uv": [0, 0, 0.125, 0.125], "texture": "#main"},
				"west": {"uv": [0, 0, 0.125, 0.125], "texture": "#main"},
				"up": {"uv": [0, 0, 0.125, 0.125], "texture": "#main"},
				"down": {"uv": [0, 0, 0.125, 0.125], "texture": "#main"}
			}
		},
		{
			"name": "Gray",
			"from": [3.5, 10, 6.5],
			"to": [11, 11.5, 8.5],
			"faces": {
				"north": {"uv": [2, 0, 2.125, 0.125], "texture": "#main"},
				"south": {"uv": [2, 0, 2.125, 0.125], "texture": "#main"},
				"west": {"uv": [2, 0, 2.125, 0.125], "texture": "#main"},
				"up": {"uv": [2, 0, 2.125, 0.125], "texture": "#main"},
				"down": {"uv": [2, 0, 2.125, 0.125], "texture": "#main"}
			}
		},
		{
			"name": "Black*",
			"from": [14.9375, 10.6875, 7.25],
			"to": [16.4375, 11.1875, 7.75],
			"rotation": {"angle": 22.5, "axis": "z", "origin": [14.9375, 11.1875, 7.25]},
			"faces": {
				"north": {"uv": [0, 0, 0.125, 0.125], "texture": "#main", "cullface": "east"},
				"east": {"uv": [0, 0, 0.125, 0.125], "texture": "#main", "cullface": "east"},
				"south": {"uv": [0, 0, 0.125, 0.125], "texture": "#main", "cullface": "east"},
				"west": {"uv": [0, 0, 0.125, 0.125], "texture": "#main", "cullface": "east"},
				"up": {"uv": [0, 0, 0.125, 0.125], "texture": "#main", "cullface": "east"},
				"down": {"uv": [0, 0, 0.125, 0.125], "texture": "#main", "cullface": "east"}
			}
		},
		{
			"name": "Black*",
			"from": [14.5, 9.5, 6.75],
			"to": [16, 10, 8.25],
			"faces": {
				"north": {"uv": [0, 0, 0.125, 0.125], "texture": "#main"},
				"east": {"uv": [0, 0, 0.125, 0.125], "texture": "#main", "cullface": "east"},
				"south": {"uv": [0, 0, 0.125, 0.125], "texture": "#main"},
				"up": {"uv": [0, 0, 0.125, 0.125], "texture": "#main"},
				"down": {"uv": [0, 0, 0.125, 0.125], "texture": "#main"}
			}
		},
		{
			"name": "Black*",
			"from": [3.5, 9.5, 7],
			"to": [9.5, 10, 8],
			"faces": {
				"north": {"uv": [0, 0, 0.125, 0.125], "texture": "#main"},
				"south": {"uv": [0, 0, 0.125, 0.125], "texture": "#main"},
				"west": {"uv": [0, 0, 0.125, 0.125], "texture": "#main"},
				"down": {"uv": [0, 0, 0.125, 0.125], "texture": "#main"}
			}
		},
		{
			"name": "Black*",
			"from": [12.5, 5, 6.75],
			"to": [14.5, 9, 8.25],
			"rotation": {"angle": 22.5, "axis": "z", "origin": [12.5, 9, 6.75]},
			"faces": {
				"north": {"uv": [0, 0, 0.125, 0.125], "texture": "#main"},
				"east": {"uv": [0, 0, 0.125, 0.125], "texture": "#main"},
				"south": {"uv": [0, 0, 0.125, 0.125], "texture": "#main"},
				"west": {"uv": [0, 0, 0.125, 0.125], "texture": "#main"},
				"down": {"uv": [0, 0, 0.125, 0.125], "texture": "#main"}
			}
		},
		{
			"name": "Black*",
			"from": [12.75, 4, 7],
			"to": [14.25, 8, 8],
			"rotation": {"angle": 22.5, "axis": "z", "origin": [12.5, 9, 6.75]},
			"faces": {
				"north": {"uv": [0, 0, 0.125, 0.125], "texture": "#main"},
				"east": {"uv": [0, 0, 0.125, 0.125], "texture": "#main"},
				"south": {"uv": [0, 0, 0.125, 0.125], "texture": "#main"},
				"west": {"uv": [0, 0, 0.125, 0.125], "texture": "#main"},
				"down": {"uv": [0, 0, 0.125, 0.125], "texture": "#main"}
			}
		},
		{
			"name": "Black*",
			"from": [10, 8, 7.25],
			"to": [10.5, 9, 7.75],
			"faces": {
				"north": {"uv": [0, 0, 0.125, 0.125], "texture": "#main"},
				"east": {"uv": [0, 0, 0.125, 0.125], "texture": "#main"},
				"south": {"uv": [0, 0, 0.125, 0.125], "texture": "#main"},
				"west": {"uv": [0, 0, 0.125, 0.125], "texture": "#main"}
			}
		},
		{
			"name": "Black*",
			"from": [9.5, 7.5, 7.25],
			"to": [12.5, 8, 7.75],
			"faces": {
				"north": {"uv": [0, 0, 0.125, 0.125], "texture": "#main"},
				"south": {"uv": [0, 0, 0.125, 0.125], "texture": "#main"},
				"west": {"uv": [0, 0, 0.125, 0.125], "texture": "#main"},
				"up": {"uv": [0, 0, 0.125, 0.125], "texture": "#main"},
				"down": {"uv": [0, 0, 0.125, 0.125], "texture": "#main"}
			}
		},
		{
			"name": "Black*",
			"from": [12.5, 7.5, 7.25],
			"to": [14, 9, 7.75],
			"rotation": {"angle": -22.5, "axis": "z", "origin": [12.5, 9, 7.25]},
			"faces": {
				"north": {"uv": [0, 0, 0.125, 0.125], "texture": "#main"},
				"east": {"uv": [0, 0, 0.125, 0.125], "texture": "#main"},
				"south": {"uv": [0, 0, 0.125, 0.125], "texture": "#main"},
				"west": {"uv": [0, 0, 0.125, 0.125], "texture": "#main"},
				"down": {"uv": [0, 0, 0.125, 0.125], "texture": "#main"}
			}
		},
		{
			"name": "Gray*",
			"from": [12.1875, 8.125, 7.25],
			"to": [12.6875, 9.625, 7.75],
			"rotation": {"angle": -45, "axis": "z", "origin": [12.1875, 9.625, 7.25]},
			"faces": {
				"north": {"uv": [2, 0, 2.125, 0.125], "texture": "#main"},
				"east": {"uv": [2, 0, 2.125, 0.125], "texture": "#main"},
				"south": {"uv": [2, 0, 2.125, 0.125], "texture": "#main"},
				"west": {"uv": [2, 0, 2.125, 0.125], "texture": "#main"},
				"up": {"uv": [2, 0, 2.125, 0.125], "texture": "#main"},
				"down": {"uv": [2, 0, 2.125, 0.125], "texture": "#main"}
			}
		},
		{
			"name": "Gray*",
			"from": [11, 11.5, 6.5],
			"to": [15.5, 12, 8.5],
			"faces": {
				"north": {"uv": [2, 0, 2.125, 0.125], "texture": "#main"},
				"east": {"uv": [2, 0, 2.125, 0.125], "texture": "#main"},
				"south": {"uv": [2, 0, 2.125, 0.125], "texture": "#main"},
				"west": {"uv": [2, 0, 2.125, 0.125], "texture": "#main"},
				"up": {"uv": [2, 0, 2.125, 0.125], "texture": "#main"},
				"down": {"uv": [2, 0, 2.125, 0.125], "texture": "#main"}
			}
		},
		{
			"name": "Gray*",
			"from": [3.5, 11.5, 7],
			"to": [11, 12, 8],
			"faces": {
				"north": {"uv": [2, 0, 2.125, 0.125], "texture": "#main"},
				"south": {"uv": [2, 0, 2.125, 0.125], "texture": "#main"},
				"up": {"uv": [2, 0, 2.125, 0.125], "texture": "#main"}
			}
		},
		{
			"name": "Gray*",
			"from": [2.5, 10.5, 6.5],
			"to": [3.5, 12, 8.5],
			"faces": {
				"north": {"uv": [2, 0, 2.125, 0.125], "texture": "#main"},
				"east": {"uv": [2, 0, 2.125, 0.125], "texture": "#main"},
				"south": {"uv": [2, 0, 2.125, 0.125], "texture": "#main"},
				"west": {"uv": [2, 0, 2.125, 0.125], "texture": "#main"},
				"up": {"uv": [2, 0, 2.125, 0.125], "texture": "#main"},
				"down": {"uv": [2, 0, 2.125, 0.125], "texture": "#main"}
			}
		},
		{
			"name": "Gray*",
			"from": [3, 10, 6.5],
			"to": [3.5, 10.5, 8.5],
			"faces": {
				"north": {"uv": [2, 0, 2.125, 0.125], "texture": "#main"},
				"south": {"uv": [2, 0, 2.125, 0.125], "texture": "#main"},
				"west": {"uv": [2, 0, 2.125, 0.125], "texture": "#main"},
				"down": {"uv": [2, 0, 2.125, 0.125], "texture": "#main"}
			}
		},
		{
			"name": "Black*",
			"from": [14.5, 12.5, 6.75],
			"to": [15, 12.8125, 8.25],
			"faces": {
				"north": {"uv": [0, 0, 0.125, 0.125], "texture": "#main"},
				"east": {"uv": [0, 0, 0.125, 0.125], "texture": "#main"},
				"south": {"uv": [0, 0, 0.125, 0.125], "texture": "#main"},
				"west": {"uv": [0, 0, 0.125, 0.125], "texture": "#main"},
				"up": {"uv": [0, 0, 0.125, 0.125], "texture": "#main"},
				"down": {"uv": [0, 0, 0.125, 0.125], "texture": "#main"}
			}
		},
		{
			"name": "Black*",
			"from": [14.5, 12, 6.75],
			"to": [15, 12.5, 7.25],
			"faces": {
				"north": {"uv": [0, 0, 0.125, 0.125], "texture": "#main"},
				"east": {"uv": [0, 0, 0.125, 0.125], "texture": "#main"},
				"south": {"uv": [0, 0, 0.125, 0.125], "texture": "#main"},
				"west": {"uv": [0, 0, 0.125, 0.125], "texture": "#main"}
			}
		},
		{
			"name": "Black*",
			"from": [14.5, 12, 7.75],
			"to": [15, 12.5, 8.25],
			"faces": {
				"north": {"uv": [0, 0, 0.125, 0.125], "texture": "#main"},
				"east": {"uv": [0, 0, 0.125, 0.125], "texture": "#main"},
				"south": {"uv": [0, 0, 0.125, 0.125], "texture": "#main"},
				"west": {"uv": [0, 0, 0.125, 0.125], "texture": "#main"}
			}
		},
		{
			"name": "Gray*",
			"from": [11, 10, 6.5],
			"to": [11.5, 11.5, 8.5],
			"faces": {
				"north": {"uv": [2, 0, 2.125, 0.125], "texture": "#main"},
				"east": {"uv": [2, 0, 2.125, 0.125], "texture": "#main"},
				"south": {"uv": [2, 0, 2.125, 0.125], "texture": "#main"},
				"down": {"uv": [2, 0, 2.125, 0.125], "texture": "#main"}
			}
		},
		{
			"name": "Gray*",
			"from": [15, 10, 6.5],
			"to": [15.5, 11.5, 8.5],
			"faces": {
				"north": {"uv": [2, 0, 2.125, 0.125], "texture": "#main"},
				"east": {"uv": [2, 0, 2.125, 0.125], "texture": "#main"},
				"south": {"uv": [2, 0, 2.125, 0.125], "texture": "#main"},
				"west": {"uv": [2, 0, 2.125, 0.125], "texture": "#main"},
				"down": {"uv": [2, 0, 2.125, 0.125], "texture": "#main"}
			}
		},
		{
			"name": "Gray*",
			"from": [14.5, 10, 6.75],
			"to": [15, 11.5, 8.25],
			"faces": {
				"north": {"uv": [2.1875, 0, 2.3125, 0.125], "texture": "#main"},
				"south": {"uv": [2.1875, 0, 2.3125, 0.125], "texture": "#main"}
			}
		},
		{
			"name": "Gray*",
			"from": [14, 10, 6.5],
			"to": [14.5, 11.5, 8.5],
			"faces": {
				"north": {"uv": [2, 0, 2.125, 0.125], "texture": "#main"},
				"east": {"uv": [2, 0, 2.125, 0.125], "texture": "#main"},
				"south": {"uv": [2, 0, 2.125, 0.125], "texture": "#main"},
				"west": {"uv": [2, 0, 2.125, 0.125], "texture": "#main"},
				"down": {"uv": [2, 0, 2.125, 0.125], "texture": "#main"}
			}
		},
		{
			"name": "Gray*",
			"from": [12, 10, 6.5],
			"to": [12.5, 11.5, 8.5],
			"faces": {
				"north": {"uv": [2, 0, 2.125, 0.125], "texture": "#main"},
				"east": {"uv": [2, 0, 2.125, 0.125], "texture": "#main"},
				"south": {"uv": [2, 0, 2.125, 0.125], "texture": "#main"},
				"west": {"uv": [2, 0, 2.125, 0.125], "texture": "#main"},
				"down": {"uv": [2, 0, 2.125, 0.125], "texture": "#main"}
			}
		},
		{
			"name": "Gray*",
			"from": [13, 10, 6.5],
			"to": [13.5, 11.5, 8.5],
			"faces": {
				"north": {"uv": [2, 0, 2.125, 0.125], "texture": "#main"},
				"east": {"uv": [2, 0, 2.125, 0.125], "texture": "#main"},
				"south": {"uv": [2, 0, 2.125, 0.125], "texture": "#main"},
				"west": {"uv": [2, 0, 2.125, 0.125], "texture": "#main"},
				"down": {"uv": [2, 0, 2.125, 0.125], "texture": "#main"}
			}
		},
		{
			"name": "Gray*",
			"from": [13.5, 10, 6.75],
			"to": [14, 11.5, 8.25],
			"faces": {
				"north": {"uv": [2.1875, 0, 2.3125, 0.125], "texture": "#main"},
				"south": {"uv": [2.1875, 0, 2.3125, 0.125], "texture": "#main"}
			}
		},
		{
			"name": "Gray*",
			"from": [12.5, 10, 6.75],
			"to": [13, 11.5, 8.25],
			"faces": {
				"north": {"uv": [2.1875, 0, 2.3125, 0.125], "texture": "#main"},
				"south": {"uv": [2.1875, 0, 2.3125, 0.125], "texture": "#main"}
			}
		},
		{
			"name": "Gray*",
			"from": [11.5, 10, 6.75],
			"to": [12, 11.5, 8.25],
			"faces": {
				"north": {"uv": [2.1875, 0, 2.3125, 0.125], "texture": "#main"},
				"south": {"uv": [2.1875, 0, 2.3125, 0.125], "texture": "#main"}
			}
		},
		{
			"name": "Gray*",
			"from": [3.5625, 11.6875, 7.25],
			"to": [4.5625, 12.6875, 7.75],
			"rotation": {"angle": -45, "axis": "z", "origin": [3.5625, 12.6875, 7.25]},
			"faces": {
				"north": {"uv": [2, 0, 2.125, 0.125], "texture": "#main"},
				"east": {"uv": [2, 0, 2.125, 0.125], "texture": "#main"},
				"south": {"uv": [2, 0, 2.125, 0.125], "texture": "#main"},
				"west": {"uv": [2, 0, 2.125, 0.125], "texture": "#main"},
				"up": {"uv": [2, 0, 2.125, 0.125], "texture": "#main"},
				"down": {"uv": [2, 0, 2.125, 0.125], "texture": "#main"}
			}
		},
		{
			"name": "Black",
			"from": [9.5, 9, 6.75],
			"to": [14.5, 10, 8.25],
			"faces": {
				"north": {"uv": [4, 0, 4.125, 0.125], "texture": "#main"},
				"east": {"uv": [4, 0, 4.125, 0.125], "texture": "#main"},
				"south": {"uv": [4, 0, 4.125, 0.125], "texture": "#main"},
				"west": {"uv": [4, 0, 4.125, 0.125], "texture": "#main"},
				"up": {"uv": [4, 0, 4.125, 0.125], "texture": "#main"},
				"down": {"uv": [4, 0, 4.125, 0.125], "texture": "#main"}
			}
		},
		{
			"name": "Gray",
			"from": [3.5, 10, 6.5],
			"to": [11, 11.5, 8.5],
			"faces": {
				"north": {"uv": [6, 0, 6.125, 0.125], "texture": "#main"},
				"south": {"uv": [6, 0, 6.125, 0.125], "texture": "#main"},
				"west": {"uv": [6, 0, 6.125, 0.125], "texture": "#main"},
				"up": {"uv": [6, 0, 6.125, 0.125], "texture": "#main"},
				"down": {"uv": [6, 0, 6.125, 0.125], "texture": "#main"}
			}
		},
		{
			"name": "Black*",
			"from": [14.9375, 10.6875, 7.25],
			"to": [16.4375, 11.1875, 7.75],
			"rotation": {"angle": 22.5, "axis": "z", "origin": [14.9375, 11.1875, 7.25]},
			"faces": {
				"north": {"uv": [4, 0, 4.125, 0.125], "texture": "#main", "cullface": "east"},
				"east": {"uv": [4, 0, 4.125, 0.125], "texture": "#main", "cullface": "east"},
				"south": {"uv": [4, 0, 4.125, 0.125], "texture": "#main", "cullface": "east"},
				"west": {"uv": [4, 0, 4.125, 0.125], "texture": "#main", "cullface": "east"},
				"up": {"uv": [4, 0, 4.125, 0.125], "texture": "#main", "cullface": "east"},
				"down": {"uv": [4, 0, 4.125, 0.125], "texture": "#main", "cullface": "east"}
			}
		},
		{
			"name": "Black*",
			"from": [14.5, 9.5, 6.75],
			"to": [16, 10, 8.25],
			"faces": {
				"north": {"uv": [4, 0, 4.125, 0.125], "texture": "#main"},
				"east": {"uv": [4, 0, 4.125, 0.125], "texture": "#main", "cullface": "east"},
				"south": {"uv": [4, 0, 4.125, 0.125], "texture": "#main"},
				"up": {"uv": [4, 0, 4.125, 0.125], "texture": "#main"},
				"down": {"uv": [4, 0, 4.125, 0.125], "texture": "#main"}
			}
		},
		{
			"name": "Black*",
			"from": [3.5, 9.5, 7],
			"to": [9.5, 10, 8],
			"faces": {
				"north": {"uv": [4, 0, 4.125, 0.125], "texture": "#main"},
				"south": {"uv": [4, 0, 4.125, 0.125], "texture": "#main"},
				"west": {"uv": [4, 0, 4.125, 0.125], "texture": "#main"},
				"down": {"uv": [4, 0, 4.125, 0.125], "texture": "#main"}
			}
		},
		{
			"name": "Black*",
			"from": [12.5, 5, 6.75],
			"to": [14.5, 9, 8.25],
			"rotation": {"angle": 22.5, "axis": "z", "origin": [12.5, 9, 6.75]},
			"faces": {
				"north": {"uv": [4, 0, 4.125, 0.125], "texture": "#main"},
				"east": {"uv": [4, 0, 4.125, 0.125], "texture": "#main"},
				"south": {"uv": [4, 0, 4.125, 0.125], "texture": "#main"},
				"west": {"uv": [4, 0, 4.125, 0.125], "texture": "#main"},
				"down": {"uv": [4, 0, 4.125, 0.125], "texture": "#main"}
			}
		},
		{
			"name": "Black*",
			"from": [12.75, 2, 7],
			"to": [14.25, 6, 8],
			"rotation": {"angle": 22.5, "axis": "z", "origin": [12.5, 9, 6.75]},
			"faces": {
				"north": {"uv": [4, 0, 4.125, 0.125], "texture": "#main"},
				"east": {"uv": [4, 0, 4.125, 0.125], "texture": "#main"},
				"south": {"uv": [4, 0, 4.125, 0.125], "texture": "#main"},
				"west": {"uv": [4, 0, 4.125, 0.125], "texture": "#main"},
				"down": {"uv": [4, 0, 4.125, 0.125], "texture": "#main"}
			}
		},
		{
			"name": "Black*",
			"from": [10, 8, 7.25],
			"to": [10.5, 9, 7.75],
			"faces": {
				"north": {"uv": [4, 0, 4.125, 0.125], "texture": "#main"},
				"east": {"uv": [4, 0, 4.125, 0.125], "texture": "#main"},
				"south": {"uv": [4, 0, 4.125, 0.125], "texture": "#main"},
				"west": {"uv": [4, 0, 4.125, 0.125], "texture": "#main"}
			}
		},
		{
			"name": "Black*",
			"from": [9.5, 7.5, 7.25],
			"to": [12.5, 8, 7.75],
			"faces": {
				"north": {"uv": [4, 0, 4.125, 0.125], "texture": "#main"},
				"south": {"uv": [4, 0, 4.125, 0.125], "texture": "#main"},
				"west": {"uv": [4, 0, 4.125, 0.125], "texture": "#main"},
				"up": {"uv": [4, 0, 4.125, 0.125], "texture": "#main"},
				"down": {"uv": [4, 0, 4.125, 0.125], "texture": "#main"}
			}
		},
		{
			"name": "Black*",
			"from": [12.5, 7.5, 7.25],
			"to": [14, 9, 7.75],
			"rotation": {"angle": -22.5, "axis": "z", "origin": [12.5, 9, 7.25]},
			"faces": {
				"north": {"uv": [4, 0, 4.125, 0.125], "texture": "#main"},
				"east": {"uv": [4, 0, 4.125, 0.125], "texture": "#main"},
				"south": {"uv": [4, 0, 4.125, 0.125], "texture": "#main"},
				"west": {"uv": [4, 0, 4.125, 0.125], "texture": "#main"},
				"down": {"uv": [4, 0, 4.125, 0.125], "texture": "#main"}
			}
		},
		{
			"name": "Gray*",
			"from": [12.1875, 8.125, 7.25],
			"to": [12.6875, 9.625, 7.75],
			"rotation": {"angle": -45, "axis": "z", "origin": [12.1875, 9.625, 7.25]},
			"faces": {
				"north": {"uv": [6, 0, 6.125, 0.125], "texture": "#main"},
				"east": {"uv": [6, 0, 6.125, 0.125], "texture": "#main"},
				"south": {"uv": [6, 0, 6.125, 0.125], "texture": "#main"},
				"west": {"uv": [6, 0, 6.125, 0.125], "texture": "#main"},
				"up": {"uv": [6, 0, 6.125, 0.125], "texture": "#main"},
				"down": {"uv": [6, 0, 6.125, 0.125], "texture": "#main"}
			}
		},
		{
			"name": "Gray*",
			"from": [11, 11.5, 6.5],
			"to": [15.5, 12, 8.5],
			"faces": {
				"north": {"uv": [6, 0, 6.125, 0.125], "texture": "#main"},
				"east": {"uv": [6, 0, 6.125, 0.125], "texture": "#main"},
				"south": {"uv": [6, 0, 6.125, 0.125], "texture": "#main"},
				"west": {"uv": [6, 0, 6.125, 0.125], "texture": "#main"},
				"up": {"uv": [6, 0, 6.125, 0.125], "texture": "#main"},
				"down": {"uv": [6, 0, 6.125, 0.125], "texture": "#main"}
			}
		},
		{
			"name": "Gray*",
			"from": [3.5, 11.5, 7],
			"to": [11, 12, 8],
			"faces": {
				"north": {"uv": [6, 0, 6.125, 0.125], "texture": "#main"},
				"south": {"uv": [6, 0, 6.125, 0.125], "texture": "#main"},
				"up": {"uv": [6, 0, 6.125, 0.125], "texture": "#main"}
			}
		},
		{
			"name": "Gray*",
			"from": [2.5, 10.5, 6.5],
			"to": [3.5, 12, 8.5],
			"faces": {
				"north": {"uv": [6, 0, 6.125, 0.125], "texture": "#main"},
				"east": {"uv": [6, 0, 6.125, 0.125], "texture": "#main"},
				"south": {"uv": [6, 0, 6.125, 0.125], "texture": "#main"},
				"west": {"uv": [6, 0, 6.125, 0.125], "texture": "#main"},
				"up": {"uv": [6, 0, 6.125, 0.125], "texture": "#main"},
				"down": {"uv": [6, 0, 6.125, 0.125], "texture": "#main"}
			}
		},
		{
			"name": "Gray*",
			"from": [3, 10, 6.5],
			"to": [3.5, 10.5, 8.5],
			"faces": {
				"north": {"uv": [6, 0, 6.125, 0.125], "texture": "#main"},
				"south": {"uv": [6, 0, 6.125, 0.125], "texture": "#main"},
				"west": {"uv": [6, 0, 6.125, 0.125], "texture": "#main"},
				"down": {"uv": [6, 0, 6.125, 0.125], "texture": "#main"}
			}
		},
		{
			"name": "Black*",
			"from": [14.5, 12.5, 6.75],
			"to": [15, 12.8125, 8.25],
			"faces": {
				"north": {"uv": [4, 0, 4.125, 0.125], "texture": "#main"},
				"east": {"uv": [4, 0, 4.125, 0.125], "texture": "#main"},
				"south": {"uv": [4, 0, 4.125, 0.125], "texture": "#main"},
				"west": {"uv": [4, 0, 4.125, 0.125], "texture": "#main"},
				"up": {"uv": [4, 0, 4.125, 0.125], "texture": "#main"},
				"down": {"uv": [4, 0, 4.125, 0.125], "texture": "#main"}
			}
		},
		{
			"name": "Black*",
			"from": [14.5, 12, 6.75],
			"to": [15, 12.5, 7.25],
			"faces": {
				"north": {"uv": [4, 0, 4.125, 0.125], "texture": "#main"},
				"east": {"uv": [4, 0, 4.125, 0.125], "texture": "#main"},
				"south": {"uv": [4, 0, 4.125, 0.125], "texture": "#main"},
				"west": {"uv": [4, 0, 4.125, 0.125], "texture": "#main"}
			}
		},
		{
			"name": "Black*",
			"from": [14.5, 12, 7.75],
			"to": [15, 12.5, 8.25],
			"faces": {
				"north": {"uv": [4, 0, 4.125, 0.125], "texture": "#main"},
				"east": {"uv": [4, 0, 4.125, 0.125], "texture": "#main"},
				"south": {"uv": [4, 0, 4.125, 0.125], "texture": "#main"},
				"west": {"uv": [4, 0, 4.125, 0.125], "texture": "#main"}
			}
		},
		{
			"name": "Gray*",
			"from": [11, 10, 6.5],
			"to": [11.5, 11.5, 8.5],
			"faces": {
				"north": {"uv": [6, 0, 6.125, 0.125], "texture": "#main"},
				"east": {"uv": [6, 0, 6.125, 0.125], "texture": "#main"},
				"south": {"uv": [6, 0, 6.125, 0.125], "texture": "#main"},
				"down": {"uv": [6, 0, 6.125, 0.125], "texture": "#main"}
			}
		},
		{
			"name": "Gray*",
			"from": [15, 10, 6.5],
			"to": [15.5, 11.5, 8.5],
			"faces": {
				"north": {"uv": [6, 0, 6.125, 0.125], "texture": "#main"},
				"east": {"uv": [6, 0, 6.125, 0.125], "texture": "#main"},
				"south": {"uv": [6, 0, 6.125, 0.125], "texture": "#main"},
				"west": {"uv": [6, 0, 6.125, 0.125], "texture": "#main"},
				"down": {"uv": [6, 0, 6.125, 0.125], "texture": "#main"}
			}
		},
		{
			"name": "Gray*",
			"from": [14.5, 10, 6.75],
			"to": [15, 11.5, 8.25],
			"faces": {
				"north": {"uv": [6.1875, 0, 6.3125, 0.125], "texture": "#main"},
				"south": {"uv": [6.1875, 0, 6.3125, 0.125], "texture": "#main"}
			}
		},
		{
			"name": "Gray*",
			"from": [14, 10, 6.5],
			"to": [14.5, 11.5, 8.5],
			"faces": {
				"north": {"uv": [6, 0, 6.125, 0.125], "texture": "#main"},
				"east": {"uv": [6, 0, 6.125, 0.125], "texture": "#main"},
				"south": {"uv": [6, 0, 6.125, 0.125], "texture": "#main"},
				"west": {"uv": [6, 0, 6.125, 0.125], "texture": "#main"},
				"down": {"uv": [6, 0, 6.125, 0.125], "texture": "#main"}
			}
		},
		{
			"name": "Gray*",
			"from": [12, 10, 6.5],
			"to": [12.5, 11.5, 8.5],
			"faces": {
				"north": {"uv": [6, 0, 6.125, 0.125], "texture": "#main"},
				"east": {"uv": [6, 0, 6.125, 0.125], "texture": "#main"},
				"south": {"uv": [6, 0, 6.125, 0.125], "texture": "#main"},
				"west": {"uv": [6, 0, 6.125, 0.125], "texture": "#main"},
				"down": {"uv": [6, 0, 6.125, 0.125], "texture": "#main"}
			}
		},
		{
			"name": "Gray*",
			"from": [13, 10, 6.5],
			"to": [13.5, 11.5, 8.5],
			"faces": {
				"north": {"uv": [6, 0, 6.125, 0.125], "texture": "#main"},
				"east": {"uv": [6, 0, 6.125, 0.125], "texture": "#main"},
				"south": {"uv": [6, 0, 6.125, 0.125], "texture": "#main"},
				"west": {"uv": [6, 0, 6.125, 0.125], "texture": "#main"},
				"down": {"uv": [6, 0, 6.125, 0.125], "texture": "#main"}
			}
		},
		{
			"name": "Gray*",
			"from": [13.5, 10, 6.75],
			"to": [14, 11.5, 8.25],
			"faces": {
				"north": {"uv": [6.1875, 0, 6.3125, 0.125], "texture": "#main"},
				"south": {"uv": [6.1875, 0, 6.3125, 0.125], "texture": "#main"}
			}
		},
		{
			"name": "Gray*",
			"from": [12.5, 10, 6.75],
			"to": [13, 11.5, 8.25],
			"faces": {
				"north": {"uv": [6.1875, 0, 6.3125, 0.125], "texture": "#main"},
				"south": {"uv": [6.1875, 0, 6.3125, 0.125], "texture": "#main"}
			}
		},
		{
			"name": "Gray*",
			"from": [11.5, 10, 6.75],
			"to": [12, 11.5, 8.25],
			"faces": {
				"north": {"uv": [6.1875, 0, 6.3125, 0.125], "texture": "#main"},
				"south": {"uv": [6.1875, 0, 6.3125, 0.125], "texture": "#main"}
			}
		},
		{
			"name": "Gray*",
			"from": [3.5625, 11.6875, 7.25],
			"to": [4.5625, 12.6875, 7.75],
			"rotation": {"angle": -45, "axis": "z", "origin": [3.5625, 12.6875, 7.25]},
			"faces": {
				"north": {"uv": [6, 0, 6.125, 0.125], "texture": "#main"},
				"east": {"uv": [6, 0, 6.125, 0.125], "texture": "#main"},
				"south": {"uv": [6, 0, 6.125, 0.125], "texture": "#main"},
				"west": {"uv": [6, 0, 6.125, 0.125], "texture": "#main"},
				"up": {"uv": [6, 0, 6.125, 0.125], "texture": "#main"},
				"down": {"uv": [6, 0, 6.125, 0.125], "texture": "#main"}
			}
		},
		{
			"name": "Black",
			"from": [9.5, 9, 6.75],
			"to": [14.5, 10, 8.25],
			"faces": {
				"north": {"uv": [8, 0, 8.125, 0.125], "texture": "#main"},
				"east": {"uv": [8, 0, 8.125, 0.125], "texture": "#main"},
				"south": {"uv": [8, 0, 8.125, 0.125], "texture": "#main"},
				"west": {"uv": [8, 0, 8.125, 0.125], "texture": "#main"},
				"up": {"uv": [8, 0, 8.125, 0.125], "texture": "#main"},
				"down": {"uv": [8, 0, 8.125, 0.125], "texture": "#main"}
			}
		},
		{
			"name": "Gray",
			"from": [3.5, 10, 6.5],
			"to": [11, 11.5, 8.5],
			"faces": {
				"north": {"uv": [10, 0, 10.125, 0.125], "texture": "#main"},
				"south": {"uv": [10, 0, 10.125, 0.125], "texture": "#main"},
				"west": {"uv": [10, 0, 10.125, 0.125], "texture": "#main"},
				"up": {"uv": [10, 0, 10.125, 0.125], "texture": "#main"},
				"down": {"uv": [10, 0, 10.125, 0.125], "texture": "#main"}
			}
		},
		{
			"name": "Black*",
			"from": [14.9375, 10.6875, 7.25],
			"to": [16.4375, 11.1875, 7.75],
			"rotation": {"angle": 22.5, "axis": "z", "origin": [14.9375, 11.1875, 7.25]},
			"faces": {
				"north": {"uv": [8, 0, 8.125, 0.125], "texture": "#main", "cullface": "east"},
				"east": {"uv": [8, 0, 8.125, 0.125], "texture": "#main", "cullface": "east"},
				"south": {"uv": [8, 0, 8.125, 0.125], "texture": "#main", "cullface": "east"},
				"west": {"uv": [8, 0, 8.125, 0.125], "texture": "#main", "cullface": "east"},
				"up": {"uv": [8, 0, 8.125, 0.125], "texture": "#main", "cullface": "east"},
				"down": {"uv": [8, 0, 8.125, 0.125], "texture": "#main", "cullface": "east"}
			}
		},
		{
			"name": "Black*",
			"from": [14.5, 9.5, 6.75],
			"to": [16, 10, 8.25],
			"faces": {
				"north": {"uv": [8, 0, 8.125, 0.125], "texture": "#main"},
				"east": {"uv": [8, 0, 8.125, 0.125], "texture": "#main", "cullface": "east"},
				"south": {"uv": [8, 0, 8.125, 0.125], "texture": "#main"},
				"up": {"uv": [8, 0, 8.125, 0.125], "texture": "#main"},
				"down": {"uv": [8, 0, 8.125, 0.125], "texture": "#main"}
			}
		},
		{
			"name": "Black*",
			"from": [3.5, 9.5, 7],
			"to": [9.5, 10, 8],
			"faces": {
				"north": {"uv": [8, 0, 8.125, 0.125], "texture": "#main"},
				"south": {"uv": [8, 0, 8.125, 0.125], "texture": "#main"},
				"west": {"uv": [8, 0, 8.125, 0.125], "texture": "#main"},
				"down": {"uv": [8, 0, 8.125, 0.125], "texture": "#main"}
			}
		},
		{
			"name": "Black*",
			"from": [12.5, 5, 6.75],
			"to": [14.5, 9, 8.25],
			"rotation": {"angle": 22.5, "axis": "z", "origin": [12.5, 9, 6.75]},
			"faces": {
				"north": {"uv": [8, 0, 8.125, 0.125], "texture": "#main"},
				"east": {"uv": [8, 0, 8.125, 0.125], "texture": "#main"},
				"south": {"uv": [8, 0, 8.125, 0.125], "texture": "#main"},
				"west": {"uv": [8, 0, 8.125, 0.125], "texture": "#main"},
				"down": {"uv": [8, 0, 8.125, 0.125], "texture": "#main"}
			}
		},
		{
			"name": "Black*",
			"from": [12.75, 0, 7],
			"to": [14.25, 4, 8],
			"rotation": {"angle": 22.5, "axis": "z", "origin": [12.5, 9, 6.75]},
			"faces": {
				"north": {"uv": [8, 0, 8.125, 0.125], "texture": "#main"},
				"east": {"uv": [8, 0, 8.125, 0.125], "texture": "#main"},
				"south": {"uv": [8, 0, 8.125, 0.125], "texture": "#main"},
				"west": {"uv": [8, 0, 8.125, 0.125], "texture": "#main"},
				"down": {"uv": [8, 0, 8.125, 0.125], "texture": "#main"}
			}
		},
		{
			"name": "Black*",
			"from": [10, 8, 7.25],
			"to": [10.5, 9, 7.75],
			"faces": {
				"north": {"uv": [8, 0, 8.125, 0.125], "texture": "#main"},
				"east": {"uv": [8, 0, 8.125, 0.125], "texture": "#main"},
				"south": {"uv": [8, 0, 8.125, 0.125], "texture": "#main"},
				"west": {"uv": [8, 0, 8.125, 0.125], "texture": "#main"}
			}
		},
		{
			"name": "Black*",
			"from": [9.5, 7.5, 7.25],
			"to": [12.5, 8, 7.75],
			"faces": {
				"north": {"uv": [8, 0, 8.125, 0.125], "texture": "#main"},
				"south": {"uv": [8, 0, 8.125, 0.125], "texture": "#main"},
				"west": {"uv": [8, 0, 8.125, 0.125], "texture": "#main"},
				"up": {"uv": [8, 0, 8.125, 0.125], "texture": "#main"},
				"down": {"uv": [8, 0, 8.125, 0.125], "texture": "#main"}
			}
		},
		{
			"name": "Black*",
			"from": [12.5, 7.5, 7.25],
			"to": [14, 9, 7.75],
			"rotation": {"angle": -22.5, "axis": "z", "origin": [12.5, 9, 7.25]},
			"faces": {
				"north": {"uv": [8, 0, 8.125, 0.125], "texture": "#main"},
				"east": {"uv": [8, 0, 8.125, 0.125], "texture": "#main"},
				"south": {"uv": [8, 0, 8.125, 0.125], "texture": "#main"},
				"west": {"uv": [8, 0, 8.125, 0.125], "texture": "#main"},
				"down": {"uv": [8, 0, 8.125, 0.125], "texture": "#main"}
			}
		},
		{
			"name": "Gray*",
			"from": [12.1875, 8.125, 7.25],
			"to": [12.6875, 9.625, 7.75],
			"rotation": {"angle": -45, "axis": "z", "origin": [12.1875, 9.625, 7.25]},
			"faces": {
				"north": {"uv": [10, 0, 10.125, 0.125], "texture": "#main"},
				"east": {"uv": [10, 0, 10.125, 0.125], "texture": "#main"},
				"south": {"uv": [10, 0, 10.125, 0.125], "texture": "#main"},
				"west": {"uv": [10, 0, 10.125, 0.125], "texture": "#main"},
				"up": {"uv": [10, 0, 10.125, 0.125], "texture": "#main"},
				"down": {"uv": [10, 0, 10.125, 0.125], "texture": "#main"}
			}
		},
		{
			"name": "Gray*",
			"from": [11, 11.5, 6.5],
			"to": [15.5, 12, 8.5],
			"faces": {
				"north": {"uv": [10, 0, 10.125, 0.125], "texture": "#main"},
				"east": {"uv": [10, 0, 10.125, 0.125], "texture": "#main"},
				"south": {"uv": [10, 0, 10.125, 0.125], "texture": "#main"},
				"west": {"uv": [10, 0, 10.125, 0.125], "texture": "#main"},
				"up": {"uv": [10, 0, 10.125, 0.125], "texture": "#main"},
				"down": {"uv": [10, 0, 10.125, 0.125], "texture": "#main"}
			}
		},
		{
			"name": "Gray*",
			"from": [3.5, 11.5, 7],
			"to": [11, 12, 8],
			"faces": {
				"north": {"uv": [10, 0, 10.125, 0.125], "texture": "#main"},
				"south": {"uv": [10, 0, 10.125, 0.125], "texture": "#main"},
				"up": {"uv": [10, 0, 10.125, 0.125], "texture": "#main"}
			}
		},
		{
			"name": "Gray*",
			"from": [2.5, 10.5, 6.5],
			"to": [3.5, 12, 8.5],
			"faces": {
				"north": {"uv": [10, 0, 10.125, 0.125], "texture": "#main"},
				"east": {"uv": [10, 0, 10.125, 0.125], "texture": "#main"},
				"south": {"uv": [10, 0, 10.125, 0.125], "texture": "#main"},
				"west": {"uv": [10, 0, 10.125, 0.125], "texture": "#main"},
				"up": {"uv": [10, 0, 10.125, 0.125], "texture": "#main"},
				"down": {"uv": [10, 0, 10.125, 0.125], "texture": "#main"}
			}
		},
		{
			"name": "Gray*",
			"from": [3, 10, 6.5],
			"to": [3.5, 10.5, 8.5],
			"faces": {
				"north": {"uv": [10, 0, 10.125, 0.125], "texture": "#main"},
				"south": {"uv": [10, 0, 10.125, 0.125], "texture": "#main"},
				"west": {"uv": [10, 0, 10.125, 0.125], "texture": "#main"},
				"down": {"uv": [10, 0, 10.125, 0.125], "texture": "#main"}
			}
		},
		{
			"name": "Black*",
			"from": [14.5, 12.5, 6.75],
			"to": [15, 12.8125, 8.25],
			"faces": {
				"north": {"uv": [8, 0, 8.125, 0.125], "texture": "#main"},
				"east": {"uv": [8, 0, 8.125, 0.125], "texture": "#main"},
				"south": {"uv": [8, 0, 8.125, 0.125], "texture": "#main"},
				"west": {"uv": [8, 0, 8.125, 0.125], "texture": "#main"},
				"up": {"uv": [8, 0, 8.125, 0.125], "texture": "#main"},
				"down": {"uv": [8, 0, 8.125, 0.125], "texture": "#main"}
			}
		},
		{
			"name": "Black*",
			"from": [14.5, 12, 6.75],
			"to": [15, 12.5, 7.25],
			"faces": {
				"north": {"uv": [8, 0, 8.125, 0.125], "texture": "#main"},
				"east": {"uv": [8, 0, 8.125, 0.125], "texture": "#main"},
				"south": {"uv": [8, 0, 8.125, 0.125], "texture": "#main"},
				"west": {"uv": [8, 0, 8.125, 0.125], "texture": "#main"}
			}
		},
		{
			"name": "Black*",
			"from": [14.5, 12, 7.75],
			"to": [15, 12.5, 8.25],
			"faces": {
				"north": {"uv": [8, 0, 8.125, 0.125], "texture": "#main"},
				"east": {"uv": [8, 0, 8.125, 0.125], "texture": "#main"},
				"south": {"uv": [8, 0, 8.125, 0.125], "texture": "#main"},
				"west": {"uv": [8, 0, 8.125, 0.125], "texture": "#main"}
			}
		},
		{
			"name": "Gray*",
			"from": [11, 10, 6.5],
			"to": [11.5, 11.5, 8.5],
			"faces": {
				"north": {"uv": [10, 0, 10.125, 0.125], "texture": "#main"},
				"east": {"uv": [10, 0, 10.125, 0.125], "texture": "#main"},
				"south": {"uv": [10, 0, 10.125, 0.125], "texture": "#main"},
				"down": {"uv": [10, 0, 10.125, 0.125], "texture": "#main"}
			}
		},
		{
			"name": "Gray*",
			"from": [15, 10, 6.5],
			"to": [15.5, 11.5, 8.5],
			"faces": {
				"north": {"uv": [10, 0, 10.125, 0.125], "texture": "#main"},
				"east": {"uv": [10, 0, 10.125, 0.125], "texture": "#main"},
				"south": {"uv": [10, 0, 10.125, 0.125], "texture": "#main"},
				"west": {"uv": [10, 0, 10.125, 0.125], "texture": "#main"},
				"down": {"uv": [10, 0, 10.125, 0.125], "texture": "#main"}
			}
		},
		{
			"name": "Gray*",
			"from": [14.5, 10, 6.75],
			"to": [15, 11.5, 8.25],
			"faces": {
				"north": {"uv": [10.1875, 0, 10.3125, 0.125], "texture": "#main"},
				"south": {"uv": [10.1875, 0, 10.3125, 0.125], "texture": "#main"}
			}
		},
		{
			"name": "Gray*",
			"from": [14, 10, 6.5],
			"to": [14.5, 11.5, 8.5],
			"faces": {
				"north": {"uv": [10, 0, 10.125, 0.125], "texture": "#main"},
				"east": {"uv": [10, 0, 10.125, 0.125], "texture": "#main"},
				"south": {"uv": [10, 0, 10.125, 0.125], "texture": "#main"},
				"west": {"uv": [10, 0, 10.125, 0.125], "texture": "#main"},
				"down": {"uv": [10, 0, 10.125, 0.125], "texture": "#main"}
			}
		},
		{
			"name": "Gray*",
			"from": [12, 10, 6.5],
			"to": [12.5, 11.5, 8.5],
			"faces": {
				"north": {"uv": [10, 0, 10.125, 0.125], "texture": "#main"},
				"east": {"uv": [10, 0, 10.125, 0.125], "texture": "#main"},
				"south": {"uv": [10, 0, 10.125, 0.125], "texture": "#main"},
				"west": {"uv": [10, 0, 10.125, 0.125], "texture": "#main"},
				"down": {"uv": [10, 0, 10.125, 0.125], "texture": "#main"}
			}
		},
		{
			"name": "Gray*",
			"from": [13, 10, 6.5],
			"to": [13.5, 11.5, 8.5],
			"faces": {
				"north": {"uv": [10, 0, 10.125, 0.125], "texture": "#main"},
				"east": {"uv": [10, 0, 10.125, 0.125], "texture": "#main"},
				"south": {"uv": [10, 0, 10.125, 0.125], "texture": "#main"},
				"west": {"uv": [10, 0, 10.125, 0.125], "texture": "#main"},
				"down": {"uv": [10, 0, 10.125, 0.125], "texture": "#main"}
			}
		},
		{
			"name": "Gray*",
			"from": [13.5, 10, 6.75],
			"to": [14, 11.5, 8.25],
			"faces": {
				"north": {"uv": [10.1875, 0, 10.3125, 0.125], "texture": "#main"},
				"south": {"uv": [10.1875, 0, 10.3125, 0.125], "texture": "#main"}
			}
		},
		{
			"name": "Gray*",
			"from": [12.5, 10, 6.75],
			"to": [13, 11.5, 8.25],
			"faces": {
				"north": {"uv": [10.1875, 0, 10.3125, 0.125], "texture": "#main"},
				"south": {"uv": [10.1875, 0, 10.3125, 0.125], "texture": "#main"}
			}
		},
		{
			"name": "Gray*",
			"from": [11.5, 10, 6.75],
			"to": [12, 11.5, 8.25],
			"faces": {
				"north": {"uv": [10.1875, 0, 10.3125, 0.125], "texture": "#main"},
				"south": {"uv": [10.1875, 0, 10.3125, 0.125], "texture": "#main"}
			}
		},
		{
			"name": "Gray*",
			"from": [3.5625, 11.6875, 7.25],
			"to": [4.5625, 12.6875, 7.75],
			"rotation": {"angle": -45, "axis": "z", "origin": [3.5625, 12.6875, 7.25]},
			"faces": {
				"north": {"uv": [10, 0, 10.125, 0.125], "texture": "#main"},
				"east": {"uv": [10, 0, 10.125, 0.125], "texture": "#main"},
				"south": {"uv": [10, 0, 10.125, 0.125], "texture": "#main"},
				"west": {"uv": [10, 0, 10.125, 0.125], "texture": "#main"},
				"up": {"uv": [10, 0, 10.125, 0.125], "texture": "#main"},
				"down": {"uv": [10, 0, 10.125, 0.125], "texture": "#main"}
			}
		},
		{
			"name": "Black",
			"from": [9.5, 9, 6.75],
			"to": [14.5, 10, 8.25],
			"faces": {
				"north": {"uv": [12, 0, 12.125, 0.125], "texture": "#main"},
				"east": {"uv": [12, 0, 12.125, 0.125], "texture": "#main"},
				"south": {"uv": [12, 0, 12.125, 0.125], "texture": "#main"},
				"west": {"uv": [12, 0, 12.125, 0.125], "texture": "#main"},
				"up": {"uv": [12, 0, 12.125, 0.125], "texture": "#main"},
				"down": {"uv": [12, 0, 12.125, 0.125], "texture": "#main"}
			}
		},
		{
			"name": "Gray",
			"from": [3.5, 10, 6.5],
			"to": [11, 11.5, 8.5],
			"faces": {
				"north": {"uv": [14, 0, 14.125, 0.125], "texture": "#main"},
				"south": {"uv": [14, 0, 14.125, 0.125], "texture": "#main"},
				"west": {"uv": [14, 0, 14.125, 0.125], "texture": "#main"},
				"up": {"uv": [14, 0, 14.125, 0.125], "texture": "#main"},
				"down": {"uv": [14, 0, 14.125, 0.125], "texture": "#main"}
			}
		},
		{
			"name": "Black*",
			"from": [14.9375, 10.6875, 7.25],
			"to": [16.4375, 11.1875, 7.75],
			"rotation": {"angle": 22.5, "axis": "z", "origin": [14.9375, 11.1875, 7.25]},
			"faces": {
				"north": {"uv": [12, 0, 12.125, 0.125], "texture": "#main", "cullface": "east"},
				"east": {"uv": [12, 0, 12.125, 0.125], "texture": "#main", "cullface": "east"},
				"south": {"uv": [12, 0, 12.125, 0.125], "texture": "#main", "cullface": "east"},
				"west": {"uv": [12, 0, 12.125, 0.125], "texture": "#main", "cullface": "east"},
				"up": {"uv": [12, 0, 12.125, 0.125], "texture": "#main", "cullface": "east"},
				"down": {"uv": [12, 0, 12.125, 0.125], "texture": "#main", "cullface": "east"}
			}
		},
		{
			"name": "Black*",
			"from": [14.5, 9.5, 6.75],
			"to": [16, 10, 8.25],
			"faces": {
				"north": {"uv": [12, 0, 12.125, 0.125], "texture": "#main"},
				"east": {"uv": [12, 0, 12.125, 0.125], "texture": "#main", "cullface": "east"},
				"south": {"uv": [12, 0, 12.125, 0.125], "texture": "#main"},
				"up": {"uv": [12, 0, 12.125, 0.125], "texture": "#main"},
				"down": {"uv": [12, 0, 12.125, 0.125], "texture": "#main"}
			}
		},
		{
			"name": "Black*",
			"from": [3.5, 9.5, 7],
			"to": [9.5, 10, 8],
			"faces": {
				"north": {"uv": [12, 0, 12.125, 0.125], "texture": "#main"},
				"south": {"uv": [12, 0, 12.125, 0.125], "texture": "#main"},
				"west": {"uv": [12, 0, 12.125, 0.125], "texture": "#main"},
				"down": {"uv": [12, 0, 12.125, 0.125], "texture": "#main"}
			}
		},
		{
			"name": "Black*",
			"from": [12.5, 5, 6.75],
			"to": [14.5, 9, 8.25],
			"rotation": {"angle": 22.5, "axis": "z", "origin": [12.5, 9, 6.75]},
			"faces": {
				"north": {"uv": [12, 0, 12.125, 0.125], "texture": "#main"},
				"east": {"uv": [12, 0, 12.125, 0.125], "texture": "#main"},
				"south": {"uv": [12, 0, 12.125, 0.125], "texture": "#main"},
				"west": {"uv": [12, 0, 12.125, 0.125], "texture": "#main"},
				"down": {"uv": [12, 0, 12.125, 0.125], "texture": "#main"}
			}
		},
		{
			"name": "Black*",
			"from": [12.75, -2, 7],
			"to": [14.25, 2, 8],
			"rotation": {"angle": 22.5, "axis": "z", "origin": [12.5, 9, 6.75]},
			"faces": {
				"north": {"uv": [12, 0, 12.125, 0.125], "texture": "#main"},
				"east": {"uv": [12, 0, 12.125, 0.125], "texture": "#main"},
				"south": {"uv": [12, 0, 12.125, 0.125], "texture": "#main"},
				"west": {"uv": [12, 0, 12.125, 0.125], "texture": "#main"},
				"down": {"uv": [12, 0, 12.125, 0.125], "texture": "#main"}
			}
		},
		{
			"name": "Black*",
			"from": [10, 8, 7.25],
			"to": [10.5, 9, 7.75],
			"faces": {
				"north": {"uv": [12, 0, 12.125, 0.125], "texture": "#main"},
				"east": {"uv": [12, 0, 12.125, 0.125], "texture": "#main"},
				"south": {"uv": [12, 0, 12.125, 0.125], "texture": "#main"},
				"west": {"uv": [12, 0, 12.125, 0.125], "texture": "#main"}
			}
		},
		{
			"name": "Black*",
			"from": [9.5, 7.5, 7.25],
			"to": [12.5, 8, 7.75],
			"faces": {
				"north": {"uv": [12, 0, 12.125, 0.125], "texture": "#main"},
				"south": {"uv": [12, 0, 12.125, 0.125], "texture": "#main"},
				"west": {"uv": [12, 0, 12.125, 0.125], "texture": "#main"},
				"up": {"uv": [12, 0, 12.125, 0.125], "texture": "#main"},
				"down": {"uv": [12, 0, 12.125, 0.125], "texture": "#main"}
			}
		},
		{
			"name": "Black*",
			"from": [12.5, 7.5, 7.25],
			"to": [14, 9, 7.75],
			"rotation": {"angle": -22.5, "axis": "z", "origin": [12.5, 9, 7.25]},
			"faces": {
				"north": {"uv": [12, 0, 12.125, 0.125], "texture": "#main"},
				"east": {"uv": [12, 0, 12.125, 0.125], "texture": "#main"},
				"south": {"uv": [12, 0, 12.125, 0.125], "texture": "#main"},
				"west": {"uv": [12, 0, 12.125, 0.125], "texture": "#main"},
				"down": {"uv": [12, 0, 12.125, 0.125], "texture": "#main"}
			}
		},
		{
			"name": "Gray*",
			"from": [12.1875, 8.125, 7.25],
			"to": [12.6875, 9.625, 7.75],
			"rotation": {"angle": -45, "axis": "z", "origin": [12.1875, 9.625, 7.25]},
			"faces": {
				"north": {"uv": [14, 0, 14.125, 0.125], "texture": "#main"},
				"east": {"uv": [14, 0, 14.125, 0.125], "texture": "#main"},
				"south": {"uv": [14, 0, 14.125, 0.125], "texture": "#main"},
				"west": {"uv": [14, 0, 14.125, 0.125], "texture": "#main"},
				"up": {"uv": [14, 0, 14.125, 0.125], "texture": "#main"},
				"down": {"uv": [14, 0, 14.125, 0.125], "texture": "#main"}
			}
		},
		{
			"name": "Gray*",
			"from": [11, 11.5, 6.5],
			"to": [15.5, 12, 8.5],
			"faces": {
				"north": {"uv": [14, 0, 14.125, 0.125], "texture": "#main"},
				"east": {"uv": [14, 0, 14.125, 0.125], "texture": "#main"},
				"south": {"uv": [14, 0, 14.125, 0.125], "texture": "#main"},
				"west": {"uv": [14, 0, 14.125, 0.125], "texture": "#main"},
				"up": {"uv": [14, 0, 14.125, 0.125], "texture": "#main"},
				"down": {"uv": [14, 0, 14.125, 0.125], "texture": "#main"}
			}
		},
		{
			"name": "Gray*",
			"from": [3.5, 11.5, 7],
			"to": [11, 12, 8],
			"faces": {
				"north": {"uv": [14, 0, 14.125, 0.125], "texture": "#main"},
				"south": {"uv": [14, 0, 14.125, 0.125], "texture": "#main"},
				"up": {"uv": [14, 0, 14.125, 0.125], "texture": "#main"}
			}
		},
		{
			"name": "Gray*",
			"from": [2.5, 10.5, 6.5],
			"to": [3.5, 12, 8.5],
			"faces": {
				"north": {"uv": [14, 0, 14.125, 0.125], "texture": "#main"},
				"east": {"uv": [14, 0, 14.125, 0.125], "texture": "#main"},
				"south": {"uv": [14, 0, 14.125, 0.125], "texture": "#main"},
				"west": {"uv": [14, 0, 14.125, 0.125], "texture": "#main"},
				"up": {"uv": [14, 0, 14.125, 0.125], "texture": "#main"},
				"down": {"uv": [14, 0, 14.125, 0.125], "texture": "#main"}
			}
		},
		{
			"name": "Gray*",
			"from": [3, 10, 6.5],
			"to": [3.5, 10.5, 8.5],
			"faces": {
				"north": {"uv": [14, 0, 14.125, 0.125], "texture": "#main"},
				"south": {"uv": [14, 0, 14.125, 0.125], "texture": "#main"},
				"west": {"uv": [14, 0, 14.125, 0.125], "texture": "#main"},
				"down": {"uv": [14, 0, 14.125, 0.125], "texture": "#main"}
			}
		},
		{
			"name": "Black*",
			"from": [14.5, 12.5, 6.75],
			"to": [15, 12.8125, 8.25],
			"faces": {
				"north": {"uv": [12, 0, 12.125, 0.125], "texture": "#main"},
				"east": {"uv": [12, 0, 12.125, 0.125], "texture": "#main"},
				"south": {"uv": [12, 0, 12.125, 0.125], "texture": "#main"},
				"west": {"uv": [12, 0, 12.125, 0.125], "texture": "#main"},
				"up": {"uv": [12, 0, 12.125, 0.125], "texture": "#main"},
				"down": {"uv": [12, 0, 12.125, 0.125], "texture": "#main"}
			}
		},
		{
			"name": "Black*",
			"from": [14.5, 12, 6.75],
			"to": [15, 12.5, 7.25],
			"faces": {
				"north": {"uv": [12, 0, 12.125, 0.125], "texture": "#main"},
				"east": {"uv": [12, 0, 12.125, 0.125], "texture": "#main"},
				"south": {"uv": [12, 0, 12.125, 0.125], "texture": "#main"},
				"west": {"uv": [12, 0, 12.125, 0.125], "texture": "#main"}
			}
		},
		{
			"name": "Black*",
			"from": [14.5, 12, 7.75],
			"to": [15, 12.5, 8.25],
			"faces": {
				"north": {"uv": [12, 0, 12.125, 0.125], "texture": "#main"},
				"east": {"uv": [12, 0, 12.125, 0.125], "texture": "#main"},
				"south": {"uv": [12, 0, 12.125, 0.125], "texture": "#main"},
				"west": {"uv": [12, 0, 12.125, 0.125], "texture": "#main"}
			}
		},
		{
			"name": "Gray*",
			"from": [11, 10, 6.5],
			"to": [11.5, 11.5, 8.5],
			"faces": {
				"north": {"uv": [14, 0, 14.125, 0.125], "texture": "#main"},
				"east": {"uv": [14, 0, 14.125, 0.125], "texture": "#main"},
				"south": {"uv": [14, 0, 14.125, 0.125], "texture": "#main"},
				"down": {"uv": [14, 0, 14.125, 0.125], "texture": "#main"}
			}
		},
		{
			"name": "Gray*",
			"from": [15, 10, 6.5],
			"to": [15.5, 11.5, 8.5],
			"faces": {
				"north": {"uv": [14, 0, 14.125, 0.125], "texture": "#main"},
				"east": {"uv": [14, 0, 14.125, 0.125], "texture": "#main"},
				"south": {"uv": [14, 0, 14.125, 0.125], "texture": "#main"},
				"west": {"uv": [14, 0, 14.125, 0.125], "texture": "#main"},
				"down": {"uv": [14, 0, 14.125, 0.125], "texture": "#main"}
			}
		},
		{
			"name": "Gray*",
			"from": [14.5, 10, 6.75],
			"to": [15, 11.5, 8.25],
			"faces": {
				"north": {"uv": [14.1875, 0, 14.3125, 0.125], "texture": "#main"},
				"south": {"uv": [14.1875, 0, 14.3125, 0.125], "texture": "#main"}
			}
		},
		{
			"name": "Gray*",
			"from": [14, 10, 6.5],
			"to": [14.5, 11.5, 8.5],
			"faces": {
				"north": {"uv": [14, 0, 14.125, 0.125], "texture": "#main"},
				"east": {"uv": [14, 0, 14.125, 0.125], "texture": "#main"},
				"south": {"uv": [14, 0, 14.125, 0.125], "texture": "#main"},
				"west": {"uv": [14, 0, 14.125, 0.125], "texture": "#main"},
				"down": {"uv": [14, 0, 14.125, 0.125], "texture": "#main"}
			}
		},
		{
			"name": "Gray*",
			"from": [12, 10, 6.5],
			"to": [12.5, 11.5, 8.5],
			"faces": {
				"north": {"uv": [14, 0, 14.125, 0.125], "texture": "#main"},
				"east": {"uv": [14, 0, 14.125, 0.125], "texture": "#main"},
				"south": {"uv": [14, 0, 14.125, 0.125], "texture": "#main"},
				"west": {"uv": [14, 0, 14.125, 0.125], "texture": "#main"},
				"down": {"uv": [14, 0, 14.125, 0.125], "texture": "#main"}
			}
		},
		{
			"name": "Gray*",
			"from": [13, 10, 6.5],
			"to": [13.5, 11.5, 8.5],
			"faces": {
				"north": {"uv": [14, 0, 14.125, 0.125], "texture": "#main"},
				"east": {"uv": [14, 0, 14.125, 0.125], "texture": "#main"},
				"south": {"uv": [14, 0, 14.125, 0.125], "texture": "#main"},
				"west": {"uv": [14, 0, 14.125, 0.125], "texture": "#main"},
				"down": {"uv": [14, 0, 14.125, 0.125], "texture": "#main"}
			}
		},
		{
			"name": "Gray*",
			"from": [13.5, 10, 6.75],
			"to": [14, 11.5, 8.25],
			"faces": {
				"north": {"uv": [14.1875, 0, 14.3125, 0.125], "texture": "#main"},
				"south": {"uv": [14.1875, 0, 14.3125, 0.125], "texture": "#main"}
			}
		},
		{
			"name": "Gray*",
			"from": [12.5, 10, 6.75],
			"to": [13, 11.5, 8.25],
			"faces": {
				"north": {"uv": [14.1875, 0, 14.3125, 0.125], "texture": "#main"},
				"south": {"uv": [14.1875, 0, 14.3125, 0.125], "texture": "#main"}
			}
		},
		{
			"name": "Gray*",
			"from": [11.5, 10, 6.75],
			"to": [12, 11.5, 8.25],
			"faces": {
				"north": {"uv": [14.1875, 0, 14.3125, 0.125], "texture": "#main"},
				"south": {"uv": [14.1875, 0, 14.3125, 0.125], "texture": "#main"}
			}
		},
		{
			"name": "Gray*",
			"from": [3.5625, 11.6875, 7.25],
			"to": [4.5625, 12.6875, 7.75],
			"rotation": {"angle": -45, "axis": "z", "origin": [3.5625, 12.6875, 7.25]},
			"faces": {
				"north": {"uv": [14, 0, 14.125, 0.125], "texture": "#main"},
				"east": {"uv": [14, 0, 14.125, 0.125], "texture": "#main"},
				"south": {"uv": [14, 0, 14.125, 0.125], "texture": "#main"},
				"west": {"uv": [14, 0, 14.125, 0.125], "texture": "#main"},
				"up": {"uv": [14, 0, 14.125, 0.125], "texture": "#main"},
				"down": {"uv": [14, 0, 14.125, 0.125], "texture": "#main"}
			}
		},
		{
			"name": "Black",
			"from": [9.5, 9, 6.75],
			"to": [14.5, 10, 8.25],
			"faces": {
				"north": {"uv": [0, 4, 0.125, 4.125], "texture": "#main"},
				"east": {"uv": [0, 4, 0.125, 4.125], "texture": "#main"},
				"south": {"uv": [0, 4, 0.125, 4.125], "texture": "#main"},
				"west": {"uv": [0, 4, 0.125, 4.125], "texture": "#main"},
				"up": {"uv": [0, 4, 0.125, 4.125], "texture": "#main"},
				"down": {"uv": [0, 4, 0.125, 4.125], "texture": "#main"}
			}
		},
		{
			"name": "Gray",
			"from": [3.5, 10, 6.5],
			"to": [11, 11.5, 8.5],
			"faces": {
				"north": {"uv": [2, 4, 2.125, 4.125], "texture": "#main"},
				"south": {"uv": [2, 4, 2.125, 4.125], "texture": "#main"},
				"west": {"uv": [2, 4, 2.125, 4.125], "texture": "#main"},
				"up": {"uv": [2, 4, 2.125, 4.125], "texture": "#main"},
				"down": {"uv": [2, 4, 2.125, 4.125], "texture": "#main"}
			}
		},
		{
			"name": "Black*",
			"from": [14.9375, 10.6875, 7.25],
			"to": [16.4375, 11.1875, 7.75],
			"rotation": {"angle": 22.5, "axis": "z", "origin": [14.9375, 11.1875, 7.25]},
			"faces": {
				"north": {"uv": [0, 4, 0.125, 4.125], "texture": "#main", "cullface": "east"},
				"east": {"uv": [0, 4, 0.125, 4.125], "texture": "#main", "cullface": "east"},
				"south": {"uv": [0, 4, 0.125, 4.125], "texture": "#main", "cullface": "east"},
				"west": {"uv": [0, 4, 0.125, 4.125], "texture": "#main", "cullface": "east"},
				"up": {"uv": [0, 4, 0.125, 4.125], "texture": "#main", "cullface": "east"},
				"down": {"uv": [0, 4, 0.125, 4.125], "texture": "#main", "cullface": "east"}
			}
		},
		{
			"name": "Black*",
			"from": [14.5, 9.5, 6.75],
			"to": [16, 10, 8.25],
			"faces": {
				"north": {"uv": [0, 4, 0.125, 4.125], "texture": "#main"},
				"east": {"uv": [0, 4, 0.125, 4.125], "texture": "#main", "cullface": "east"},
				"south": {"uv": [0, 4, 0.125, 4.125], "texture": "#main"},
				"up": {"uv": [0, 4, 0.125, 4.125], "texture": "#main"},
				"down": {"uv": [0, 4, 0.125, 4.125], "texture": "#main"}
			}
		},
		{
			"name": "Black*",
			"from": [3.5, 9.5, 7],
			"to": [9.5, 10, 8],
			"faces": {
				"north": {"uv": [0, 4, 0.125, 4.125], "texture": "#main"},
				"south": {"uv": [0, 4, 0.125, 4.125], "texture": "#main"},
				"west": {"uv": [0, 4, 0.125, 4.125], "texture": "#main"},
				"down": {"uv": [0, 4, 0.125, 4.125], "texture": "#main"}
			}
		},
		{
			"name": "Black*",
			"from": [12.5, 5, 6.75],
			"to": [14.5, 9, 8.25],
			"rotation": {"angle": 22.5, "axis": "z", "origin": [12.5, 9, 6.75]},
			"faces": {
				"north": {"uv": [0, 4, 0.125, 4.125], "texture": "#main"},
				"east": {"uv": [0, 4, 0.125, 4.125], "texture": "#main"},
				"south": {"uv": [0, 4, 0.125, 4.125], "texture": "#main"},
				"west": {"uv": [0, 4, 0.125, 4.125], "texture": "#main"},
				"down": {"uv": [0, 4, 0.125, 4.125], "texture": "#main"}
			}
		},
		{
			"name": "Black*",
			"from": [12.75, -3, 7],
			"to": [14.25, 1, 8],
			"rotation": {"angle": 22.5, "axis": "z", "origin": [12.5, 9, 6.75]},
			"faces": {
				"north": {"uv": [0, 4, 0.125, 4.125], "texture": "#main"},
				"east": {"uv": [0, 4, 0.125, 4.125], "texture": "#main"},
				"south": {"uv": [0, 4, 0.125, 4.125], "texture": "#main"},
				"west": {"uv": [0, 4, 0.125, 4.125], "texture": "#main"},
				"down": {"uv": [0, 4, 0.125, 4.125], "texture": "#main"}
			}
		},
		{
			"name": "Black*",
			"from": [10, 8, 7.25],
			"to": [10.5, 9, 7.75],
			"faces": {
				"north": {"uv": [0, 4, 0.125, 4.125], "texture": "#main"},
				"east": {"uv": [0, 4, 0.125, 4.125], "texture": "#main"},
				"south": {"uv": [0, 4, 0.125, 4.125], "texture": "#main"},
				"west": {"uv": [0, 4, 0.125, 4.125], "texture": "#main"}
			}
		},
		{
			"name": "Black*",
			"from": [9.5, 7.5, 7.25],
			"to": [12.5, 8, 7.75],
			"faces": {
				"north": {"uv": [0, 4, 0.125, 4.125], "texture": "#main"},
				"south": {"uv": [0, 4, 0.125, 4.125], "texture": "#main"},
				"west": {"uv": [0, 4, 0.125, 4.125], "texture": "#main"},
				"up": {"uv": [0, 4, 0.125, 4.125], "texture": "#main"},
				"down": {"uv": [0, 4, 0.125, 4.125], "texture": "#main"}
			}
		},
		{
			"name": "Black*",
			"from": [12.5, 7.5, 7.25],
			"to": [14, 9, 7.75],
			"rotation": {"angle": -22.5, "axis": "z", "origin": [12.5, 9, 7.25]},
			"faces": {
				"north": {"uv": [0, 4, 0.125, 4.125], "texture": "#main"},
				"east": {"uv": [0, 4, 0.125, 4.125], "texture": "#main"},
				"south": {"uv": [0, 4, 0.125, 4.125], "texture": "#main"},
				"west": {"uv": [0, 4, 0.125, 4.125], "texture": "#main"},
				"down": {"uv": [0, 4, 0.125, 4.125], "texture": "#main"}
			}
		},
		{
			"name": "Gray*",
			"from": [12.1875, 8.125, 7.25],
			"to": [12.6875, 9.625, 7.75],
			"rotation": {"angle": -45, "axis": "z", "origin": [12.1875, 9.625, 7.25]},
			"faces": {
				"north": {"uv": [2, 4, 2.125, 4.125], "texture": "#main"},
				"east": {"uv": [2, 4, 2.125, 4.125], "texture": "#main"},
				"south": {"uv": [2, 4, 2.125, 4.125], "texture": "#main"},
				"west": {"uv": [2, 4, 2.125, 4.125], "texture": "#main"},
				"up": {"uv": [2, 4, 2.125, 4.125], "texture": "#main"},
				"down": {"uv": [2, 4, 2.125, 4.125], "texture": "#main"}
			}
		},
		{
			"name": "Gray*",
			"from": [11, 11.5, 6.5],
			"to": [15.5, 12, 8.5],
			"faces": {
				"north": {"uv": [2, 4, 2.125, 4.125], "texture": "#main"},
				"east": {"uv": [2, 4, 2.125, 4.125], "texture": "#main"},
				"south": {"uv": [2, 4, 2.125, 4.125], "texture": "#main"},
				"west": {"uv": [2, 4, 2.125, 4.125], "texture": "#main"},
				"up": {"uv": [2, 4, 2.125, 4.125], "texture": "#main"},
				"down": {"uv": [2, 4, 2.125, 4.125], "texture": "#main"}
			}
		},
		{
			"name": "Gray*",
			"from": [3.5, 11.5, 7],
			"to": [11, 12, 8],
			"faces": {
				"north": {"uv": [2, 4, 2.125, 4.125], "texture": "#main"},
				"south": {"uv": [2, 4, 2.125, 4.125], "texture": "#main"},
				"up": {"uv": [2, 4, 2.125, 4.125], "texture": "#main"}
			}
		},
		{
			"name": "Gray*",
			"from": [2.5, 10.5, 6.5],
			"to": [3.5, 12, 8.5],
			"faces": {
				"north": {"uv": [2, 4, 2.125, 4.125], "texture": "#main"},
				"east": {"uv": [2, 4, 2.125, 4.125], "texture": "#main"},
				"south": {"uv": [2, 4, 2.125, 4.125], "texture": "#main"},
				"west": {"uv": [2, 4, 2.125, 4.125], "texture": "#main"},
				"up": {"uv": [2, 4, 2.125, 4.125], "texture": "#main"},
				"down": {"uv": [2, 4, 2.125, 4.125], "texture": "#main"}
			}
		},
		{
			"name": "Gray*",
			"from": [3, 10, 6.5],
			"to": [3.5, 10.5, 8.5],
			"faces": {
				"north": {"uv": [2, 4, 2.125, 4.125], "texture": "#main"},
				"south": {"uv": [2, 4, 2.125, 4.125], "texture": "#main"},
				"west": {"uv": [2, 4, 2.125, 4.125], "texture": "#main"},
				"down": {"uv": [2, 4, 2.125, 4.125], "texture": "#main"}
			}
		},
		{
			"name": "Black*",
			"from": [14.5, 12.5, 6.75],
			"to": [15, 12.8125, 8.25],
			"faces": {
				"north": {"uv": [0, 4, 0.125, 4.125], "texture": "#main"},
				"east": {"uv": [0, 4, 0.125, 4.125], "texture": "#main"},
				"south": {"uv": [0, 4, 0.125, 4.125], "texture": "#main"},
				"west": {"uv": [0, 4, 0.125, 4.125], "texture": "#main"},
				"up": {"uv": [0, 4, 0.125, 4.125], "texture": "#main"},
				"down": {"uv": [0, 4, 0.125, 4.125], "texture": "#main"}
			}
		},
		{
			"name": "Black*",
			"from": [14.5, 12, 6.75],
			"to": [15, 12.5, 7.25],
			"faces": {
				"north": {"uv": [0, 4, 0.125, 4.125], "texture": "#main"},
				"east": {"uv": [0, 4, 0.125, 4.125], "texture": "#main"},
				"south": {"uv": [0, 4, 0.125, 4.125], "texture": "#main"},
				"west": {"uv": [0, 4, 0.125, 4.125], "texture": "#main"}
			}
		},
		{
			"name": "Black*",
			"from": [14.5, 12, 7.75],
			"to": [15, 12.5, 8.25],
			"faces": {
				"north": {"uv": [0, 4, 0.125, 4.125], "texture": "#main"},
				"east": {"uv": [0, 4, 0.125, 4.125], "texture": "#main"},
				"south": {"uv": [0, 4, 0.125, 4.125], "texture": "#main"},
				"west": {"uv": [0, 4, 0.125, 4.125], "texture": "#main"}
			}
		},
		{
			"name": "Gray*",
			"from": [11, 10, 6.5],
			"to": [11.5, 11.5, 8.5],
			"faces": {
				"north": {"uv": [2, 4, 2.125, 4.125], "texture": "#main"},
				"east": {"uv": [2, 4, 2.125, 4.125], "texture": "#main"},
				"south": {"uv": [2, 4, 2.125, 4.125], "texture": "#main"},
				"down": {"uv": [2, 4, 2.125, 4.125], "texture": "#main"}
			}
		},
		{
			"name": "Gray*",
			"from": [15, 10, 6.5],
			"to": [15.5, 11.5, 8.5],
			"faces": {
				"north": {"uv": [2, 4, 2.125, 4.125], "texture": "#main"},
				"east": {"uv": [2, 4, 2.125, 4.125], "texture": "#main"},
				"south": {"uv": [2, 4, 2.125, 4.125], "texture": "#main"},
				"west": {"uv": [2, 4, 2.125, 4.125], "texture": "#main"},
				"down": {"uv": [2, 4, 2.125, 4.125], "texture": "#main"}
			}
		},
		{
			"name": "Gray*",
			"from": [14.5, 10, 6.75],
			"to": [15, 11.5, 8.25],
			"faces": {
				"north": {"uv": [2.1875, 4, 2.3125, 4.125], "texture": "#main"},
				"south": {"uv": [2.1875, 4, 2.3125, 4.125], "texture": "#main"}
			}
		},
		{
			"name": "Gray*",
			"from": [14, 10, 6.5],
			"to": [14.5, 11.5, 8.5],
			"faces": {
				"north": {"uv": [2, 4, 2.125, 4.125], "texture": "#main"},
				"east": {"uv": [2, 4, 2.125, 4.125], "texture": "#main"},
				"south": {"uv": [2, 4, 2.125, 4.125], "texture": "#main"},
				"west": {"uv": [2, 4, 2.125, 4.125], "texture": "#main"},
				"down": {"uv": [2, 4, 2.125, 4.125], "texture": "#main"}
			}
		},
		{
			"name": "Gray*",
			"from": [12, 10, 6.5],
			"to": [12.5, 11.5, 8.5],
			"faces": {
				"north": {"uv": [2, 4, 2.125, 4.125], "texture": "#main"},
				"east": {"uv": [2, 4, 2.125, 4.125], "texture": "#main"},
				"south": {"uv": [2, 4, 2.125, 4.125], "texture": "#main"},
				"west": {"uv": [2, 4, 2.125, 4.125], "texture": "#main"},
				"down": {"uv": [2, 4, 2.125, 4.125], "texture": "#main"}
			}
		},
		{
			"name": "Gray*",
			"from": [13, 10, 6.5],
			"to": [13.5, 11.5, 8.5],
			"faces": {
				"north": {"uv": [2, 4, 2.125, 4.125], "texture": "#main"},
				"east": {"uv": [2, 4, 2.125, 4.125], "texture": "#main"},
				"south": {"uv": [2, 4, 2.125, 4.125], "texture": "#main"},
				"west": {"uv": [2, 4, 2.125, 4.125], "texture": "#main"},
				"down": {"uv": [2, 4, 2.125, 4.125], "texture": "#main"}
			}
		},
		{
			"name": "Gray*",
			"from": [13.5, 10, 6.75],
			"to": [14, 11.5, 8.25],
			"faces": {
				"north": {"uv": [2.1875, 4, 2.3125, 4.125], "texture": "#main"},
				"south": {"uv": [2.1875, 4, 2.3125, 4.125], "texture": "#main"}
			}
		},
		{
			"name": "Gray*",
			"from": [12.5, 10, 6.75],
			"to": [13, 11.5, 8.25],
			"faces": {
				"north": {"uv": [2.1875, 4, 2.3125, 4.125], "texture": "#main"},
				"south": {"uv": [2.1875, 4, 2.3125, 4.125], "texture": "#main"}
			}
		},
		{
			"name": "Gray*",
			"from": [11.5, 10, 6.75],
			"to": [12, 11.5, 8.25],
			"faces": {
				"north": {"uv": [2.1875, 4, 2.3125, 4.125], "texture": "#main"},
				"south": {"uv": [2.1875, 4, 2.3125, 4.125], "texture": "#main"}
			}
		},
		{
			"name": "Gray*",
			"from": [3.5625, 11.6875, 7.25],
			"to": [4.5625, 12.6875, 7.75],
			"rotation": {"angle": -45, "axis": "z", "origin": [3.5625, 12.6875, 7.25]},
			"faces": {
				"north": {"uv": [2, 4, 2.125, 4.125], "texture": "#main"},
				"east": {"uv": [2, 4, 2.125, 4.125], "texture": "#main"},
				"south": {"uv": [2, 4, 2.125, 4.125], "texture": "#main"},
				"west": {"uv": [2, 4, 2.125, 4.125], "texture": "#main"},
				"up": {"uv": [2, 4, 2.125, 4.125], "texture": "#main"},
				"down": {"uv": [2, 4, 2.125, 4.125], "texture": "#main"}
			}
		}
	],
	"display": {
		"thirdperson_righthand": {
			"rotation": [0, -50, 0],
			"translation": [-1.89, -0.19, 0],
			"scale": [0.55, 0.55, 0.55]
		},
		"thirdperson_lefthand": {
			"rotation": [0, 150, 0],
			"translation": [-1.89, -0.19, 0],
			"scale": [0.55, 0.55, 0.55]
		},
		"firstperson_righthand": {
			"rotation": [-102.63, -17.87, -97.97],
			"translation": [1.24, 1.58, -3.75],
			"scale": [0.7, 0.7, 0.7]
		},
		"firstperson_lefthand": {
			"rotation": [85.45, 15.62, -90.56],
			"translation": [0.49, 2.08, -3.5],
			"scale": [0.7, 0.7, 0.7]
		},
		"ground": {
			"translation": [0, 3.97, 0],
			"scale": [0.5, 0.5, 0.5]
		},
		"gui": {
			"rotation": [30, 45, 0],
			"translation": [-0.76, -1.51, 0],
			"scale": [0.8, 0.8, 0.8]
		},
		"head": {
			"rotation": [0, 0, 40],
			"translation": [0.19, -22.3, 3.97],
			"scale": [0.8, 0.8, 0.8]
		},
		"fixed": {
			"translation": [-1.7, -1.89, 0]
		}
	}
}