{
  "parent": "item/handheld",
  "textures": {
    "layer0": "item/stone_hoe"
  },
  "overrides": [
    {
	  "predicate": {
		"custom_model_data": 1
	  },
      "model": "item/nubx/weapons/ak-47"
    },
    {
      "predicate": {
        "custom_model_data": 2
      },
      "model": "item/nubx/weapons/ak-47_reload"
    },
    {
      "predicate": {
        "custom_model_data": 3
      },
      "model": "item/nubx/weapons/rpg"
    },
    {
      "predicate": {
        "custom_model_data": 4
      },
      "model": "item/nubx/weapons/carbine"
    },
    {
      "predicate": {
        "custom_model_data": 5
      },
      "model": "item/nubx/weapons/desert_eagle"
    },
    {
      "predicate": {
        "custom_model_data": 6
      },
      "model": "item/nubx/weapons/gauss"
    },
    {
      "predicate": {
        "custom_model_data": 8
      },
      "model": "item/nubx/weapons/python"
    },
    {
      "predicate": {
        "custom_model_data": 9
      },
      "model": "item/nubx/weapons/type95"
    },
    {
      "predicate": {
        "custom_model_data": 11
      },
      "model": "item/nubx/weapons/hunting"
    },
    {
      "predicate": {
        "custom_model_data": 12
      },
      "model": "item/nubx/weapons/tactical_knife"
    },
    {
      "predicate": {
        "custom_model_data": 13
      },
      "model": "item/nubx/weapons/p90"
    },
    {
      "predicate": {
        "custom_model_data": 14
      },
      "model": "item/nubx/weapons/spas12"
    },
    {
      "predicate": {
        "custom_model_data": 15
      },
      "model": "item/nubx/weapons/awp"
    },
    {
      "predicate": {
        "custom_model_data": 16
      },
      "model": "item/nubx/weapons/m4a1"
    },
    {
      "predicate": {
        "custom_model_data": 17
      },
      "model": "item/nubx/weapons/gauss_reload"
    },
    {
      "predicate": {
        "custom_model_data": 18
      },
      "model": "item/nubx/weapons/olympia_reload"
    },
    {
      "predicate": {
        "custom_model_data": 19
      },
      "model": "item/nubx/weapons/olympia"
    },
	{
      "predicate": {
        "custom_model_data": 20
      },
      "model": "item/nubx/weapons/desert_eagle_reload"
    },
	{
      "predicate": {
        "custom_model_data": 21
      },
      "model": "item/nubx/weapons/desert_eagle_reload"
    },
	{
      "predicate": {
        "custom_model_data": 22
      },
      "model": "item/nubx/weapons/m4a1_reload"
    },
	{
      "predicate": {
        "custom_model_data": 23
      },
      "model": "item/nubx/weapons/python_reload"
    },
	{
      "predicate": {
        "custom_model_data": 24
      },
      "model": "item/nubx/weapons/hunting_reload"
    },
	{
      "predicate": {
        "custom_model_data": 25
      },
      "model": "item/nubx/weapons/milkor_mgl"
    },


    {
      "predicate": {
        "damaged": 1,
        "damage": 0
      },
      "model": "item/stone_hoe"
    }
  ]
}