{
  "parent": "item/handheld",
  "textures": {
    "layer0": "item/stone_sword"
  },
  "overrides": [
    {
	  "predicate": {
		"custom_model_data": 1
	  },
      "model": "item/nubx/weapons/grenade"
    },
    {
      "predicate": {
        "custom_model_data": 2
      },
      "model": "item/nubx/weapons/cocopops"
    },
    {
      "predicate": {
        "custom_model_data": 3
      },
      "model": "item/nubx/weapons/monkey_bomb"
    },
    {
      "predicate": {
        "custom_model_data": 4
      },
      "model": "item/nubx/weapons/putty"
    },
    {
      "predicate": {
        "custom_model_data": 5
      },
      "model": "item/nubx/weapons/flashbang"
    },



    {
      "predicate": {
        "damaged": 1,
        "damage": 0
      },
      "model": "item/stone_sword"
    }
  ]
}