{
	"credit": "Made with Blockbench",
	"textures": {
		"0": "block/diamond_block",
		"1": "block/anvil",
		"2": "block/stripped_dark_oak_log",
		"3": "block/smooth_stone",
		"4": "nubx/nulls_yellow",
		"5": "nubx/nulls_orange",
		"particle": "block/diamond_block"
	},
	"elements": [
		{
			"from": [7, -3, 12],
			"to": [9, 1.5, 13.5],
			"rotation": {"angle": -22.5, "axis": "x", "origin": [0, 0, 0]},
			"faces": {
				"north": {"uv": [0, 0, 2, 4.5], "texture": "#2"},
				"east": {"uv": [0, 0, 1.5, 4.5], "texture": "#2"},
				"south": {"uv": [0, 0, 2, 4.5], "texture": "#2"},
				"west": {"uv": [0, 0, 1.5, 4.5], "texture": "#2"},
				"up": {"uv": [0, 0, 2, 1.5], "texture": "#2"},
				"down": {"uv": [0, 0, 2, 1.5], "texture": "#2"}
			}
		},
		{
			"from": [7.25, 4.5, 12],
			"to": [8.75, 6, 15],
			"faces": {
				"north": {"uv": [0, 0, 1.5, 1.5], "rotation": 180, "texture": "#3"},
				"east": {"uv": [0, 0, 1.5, 3], "rotation": 270, "texture": "#3"},
				"south": {"uv": [0, 0, 1.5, 1.5], "texture": "#3"},
				"west": {"uv": [0, 0, 1.5, 3], "rotation": 90, "texture": "#3"},
				"up": {"uv": [0, 0, 1.5, 3], "rotation": 180, "texture": "#3"},
				"down": {"uv": [0, 0, 1.5, 3], "texture": "#3"}
			}
		},
		{
			"from": [7.125, 5.5, -0.5],
			"to": [8.875, 7, 12.5],
			"faces": {
				"north": {"uv": [0, 0, 1.75, 1.5], "rotation": 180, "texture": "#3"},
				"east": {"uv": [0, 0, 1.5, 13], "rotation": 270, "texture": "#3"},
				"south": {"uv": [0, 0, 1.75, 1.5], "texture": "#3"},
				"west": {"uv": [0, 0, 1.5, 13], "rotation": 90, "texture": "#3"},
				"up": {"uv": [0, 0, 1.75, 13], "rotation": 180, "texture": "#3"},
				"down": {"uv": [0, 0, 1.75, 13], "texture": "#3"}
			}
		},
		{
			"from": [7.5, 5, 1],
			"to": [8.5, 6.5, 4.5],
			"faces": {
				"north": {"uv": [0, 0, 1, 1.5], "rotation": 180, "texture": "#3"},
				"east": {"uv": [0, 0, 1.5, 3.5], "rotation": 270, "texture": "#3"},
				"south": {"uv": [0, 0, 1, 1.5], "texture": "#3"},
				"west": {"uv": [0, 0, 1.5, 3.5], "rotation": 90, "texture": "#3"},
				"up": {"uv": [0, 0, 1, 3.5], "rotation": 180, "texture": "#3"},
				"down": {"uv": [0, 0, 1, 3.5], "texture": "#3"}
			}
		},
		{
			"from": [9.27, 5.6, 13.5],
			"to": [9.82, 7.65, 14],
			"faces": {
				"north": {"uv": [0, 0, 0.75, 0.75], "rotation": 180, "texture": "#1"},
				"east": {"uv": [0, 0, 0.75, 16], "rotation": 270, "texture": "#1"},
				"south": {"uv": [0, 0, 0.75, 0.75], "texture": "#1"},
				"west": {"uv": [0, 0, 0.75, 16], "rotation": 90, "texture": "#1"},
				"up": {"uv": [0, 0, 0.75, 16], "rotation": 180, "texture": "#1"},
				"down": {"uv": [0, 0, 0.75, 16], "texture": "#1"}
			}
		},
		{
			"from": [8.27, 7.1, 13.5],
			"to": [9.32, 7.65, 14],
			"faces": {
				"north": {"uv": [0, 0, 0.75, 0.75], "rotation": 180, "texture": "#1"},
				"east": {"uv": [0, 0, 0.75, 16], "rotation": 270, "texture": "#1"},
				"south": {"uv": [0, 0, 0.75, 0.75], "texture": "#1"},
				"west": {"uv": [0, 0, 0.75, 16], "rotation": 90, "texture": "#1"},
				"up": {"uv": [0, 0, 0.75, 16], "rotation": 180, "texture": "#1"},
				"down": {"uv": [0, 0, 0.75, 16], "texture": "#1"}
			}
		},
		{
			"from": [7.77, 7.1, 9.5],
			"to": [8.32, 7.65, 14],
			"faces": {
				"north": {"uv": [0, 0, 0.75, 0.75], "rotation": 180, "texture": "#1"},
				"east": {"uv": [0, 0, 0.75, 16], "rotation": 270, "texture": "#1"},
				"south": {"uv": [0, 0, 0.75, 0.75], "texture": "#1"},
				"west": {"uv": [0, 0, 0.75, 16], "rotation": 90, "texture": "#1"},
				"up": {"uv": [0, 0, 0.75, 16], "rotation": 180, "texture": "#1"},
				"down": {"uv": [0, 0, 0.75, 16], "texture": "#1"}
			}
		},
		{
			"from": [7.67, 7, 9.25],
			"to": [8.42, 7.75, 10.75],
			"faces": {
				"north": {"uv": [0, 0, 0.75, 0.75], "rotation": 180, "texture": "#1"},
				"east": {"uv": [0, 0, 0.75, 16], "rotation": 270, "texture": "#1"},
				"south": {"uv": [0, 0, 0.75, 0.75], "texture": "#1"},
				"west": {"uv": [0, 0, 0.75, 16], "rotation": 90, "texture": "#1"},
				"up": {"uv": [0, 0, 0.75, 16], "rotation": 180, "texture": "#1"},
				"down": {"uv": [0, 0, 0.75, 16], "texture": "#1"}
			}
		},
		{
			"from": [7.67, 7, -9.5],
			"to": [8.42, 7.75, 7],
			"faces": {
				"north": {"uv": [0, 0, 0.75, 0.75], "rotation": 180, "texture": "#1"},
				"east": {"uv": [0, 0, 0.75, 16], "rotation": 270, "texture": "#1"},
				"south": {"uv": [0, 0, 0.75, 0.75], "texture": "#1"},
				"west": {"uv": [0, 0, 0.75, 16], "rotation": 90, "texture": "#1"},
				"up": {"uv": [0, 0, 0.75, 16], "rotation": 180, "texture": "#1"},
				"down": {"uv": [0, 0, 0.75, 16], "texture": "#1"}
			}
		},
		{
			"from": [7.67, 7, 7],
			"to": [7.92, 7.75, 9.25],
			"faces": {
				"north": {"uv": [0, 0, 0.75, 0.75], "rotation": 180, "texture": "#1"},
				"east": {"uv": [0, 0, 0.75, 16], "rotation": 270, "texture": "#1"},
				"south": {"uv": [0, 0, 0.75, 0.75], "texture": "#1"},
				"west": {"uv": [0, 0, 0.75, 16], "rotation": 90, "texture": "#1"},
				"up": {"uv": [0, 0, 0.75, 16], "rotation": 180, "texture": "#1"},
				"down": {"uv": [0, 0, 0.75, 16], "texture": "#1"}
			}
		},
		{
			"from": [7.67, 8.5, 4.5],
			"to": [8.42, 9.25, 11.5],
			"faces": {
				"north": {"uv": [0, 0, 0.75, 0.75], "rotation": 180, "texture": "#1"},
				"east": {"uv": [0, 0, 0.75, 7], "rotation": 270, "texture": "#1"},
				"south": {"uv": [0, 0, 0.75, 0.75], "texture": "#1"},
				"west": {"uv": [0, 0, 0.75, 7], "rotation": 90, "texture": "#1"},
				"up": {"uv": [0, 0, 0.75, 7], "rotation": 180, "texture": "#1"},
				"down": {"uv": [0, 0, 0.75, 7], "texture": "#1"}
			}
		},
		{
			"from": [7.67, 8.5, 12.5],
			"to": [8.42, 9.25, 12.6],
			"faces": {
				"north": {"uv": [0, 0, 0.75, 0.75], "rotation": 180, "texture": "#0"},
				"east": {"uv": [0, 0, 0.75, 0.1], "rotation": 270, "texture": "#0"},
				"south": {"uv": [0, 0, 0.75, 0.75], "texture": "#0"},
				"west": {"uv": [0, 0, 0.75, 0.1], "rotation": 90, "texture": "#0"},
				"up": {"uv": [0, 0, 0.75, 0.1], "rotation": 180, "texture": "#0"},
				"down": {"uv": [0, 0, 0.75, 0.1], "texture": "#0"}
			}
		},
		{
			"from": [7.67, 8.5, 3.4],
			"to": [8.42, 9.25, 3.5],
			"faces": {
				"north": {"uv": [0, 0, 0.75, 0.75], "rotation": 180, "texture": "#0"},
				"east": {"uv": [0, 0, 0.75, 0.1], "rotation": 270, "texture": "#0"},
				"south": {"uv": [0, 0, 0.75, 0.75], "texture": "#0"},
				"west": {"uv": [0, 0, 0.75, 0.1], "rotation": 90, "texture": "#0"},
				"up": {"uv": [0, 0, 0.75, 0.1], "rotation": 180, "texture": "#0"},
				"down": {"uv": [0, 0, 0.75, 0.1], "texture": "#0"}
			}
		},
		{
			"from": [7.37, 8.25, 11.5],
			"to": [8.62, 9.5, 12.5],
			"faces": {
				"north": {"uv": [0, 0, 1.25, 1.25], "rotation": 180, "texture": "#1"},
				"east": {"uv": [0, 0, 1.25, 1], "rotation": 270, "texture": "#1"},
				"south": {"uv": [0, 0, 1.25, 1.25], "texture": "#1"},
				"west": {"uv": [0, 0, 1.25, 1], "rotation": 90, "texture": "#1"},
				"up": {"uv": [0, 0, 1.25, 1], "rotation": 180, "texture": "#1"},
				"down": {"uv": [0, 0, 1.25, 1], "texture": "#1"}
			}
		},
		{
			"from": [7.25, 8.12, 3.5],
			"to": [8.75, 9.62, 4.5],
			"faces": {
				"north": {"uv": [0, 0, 1.5, 1.5], "rotation": 180, "texture": "#1"},
				"east": {"uv": [0, 0, 1.5, 1], "rotation": 270, "texture": "#1"},
				"south": {"uv": [0, 0, 1.5, 1.5], "texture": "#1"},
				"west": {"uv": [0, 0, 1.5, 1], "rotation": 90, "texture": "#1"},
				"up": {"uv": [0, 0, 1.5, 1], "rotation": 180, "texture": "#1"},
				"down": {"uv": [0, 0, 1.5, 1], "texture": "#1"}
			}
		},
		{
			"from": [7.67, 7, 9.5],
			"to": [8.42, 8.5, 10.5],
			"faces": {
				"north": {"uv": [0, 0, 0.75, 1.5], "rotation": 180, "texture": "#1"},
				"east": {"uv": [0, 0, 1.5, 1], "rotation": 270, "texture": "#1"},
				"south": {"uv": [0, 0, 0.75, 1.5], "texture": "#1"},
				"west": {"uv": [0, 0, 1.5, 1], "rotation": 90, "texture": "#1"},
				"up": {"uv": [0, 0, 0.75, 1], "rotation": 180, "texture": "#1"},
				"down": {"uv": [0, 0, 0.75, 1], "texture": "#1"}
			}
		},
		{
			"from": [7.67, 7, 5.5],
			"to": [8.42, 8.5, 6.5],
			"faces": {
				"north": {"uv": [0, 0, 0.75, 1.5], "rotation": 180, "texture": "#1"},
				"east": {"uv": [0, 0, 1.5, 1], "rotation": 270, "texture": "#1"},
				"south": {"uv": [0, 0, 0.75, 1.5], "texture": "#1"},
				"west": {"uv": [0, 0, 1.5, 1], "rotation": 90, "texture": "#1"},
				"up": {"uv": [0, 0, 0.75, 1], "rotation": 180, "texture": "#1"},
				"down": {"uv": [0, 0, 0.75, 1], "texture": "#1"}
			}
		},
		{
			"from": [7.67, 7, 5.5],
			"to": [8.42, 8.5, 6.5],
			"faces": {
				"north": {"uv": [0, 0, 0.75, 1.5], "rotation": 180, "texture": "#1"},
				"east": {"uv": [0, 0, 1.5, 1], "rotation": 270, "texture": "#1"},
				"south": {"uv": [0, 0, 0.75, 1.5], "texture": "#1"},
				"west": {"uv": [0, 0, 1.5, 1], "rotation": 90, "texture": "#1"},
				"up": {"uv": [0, 0, 0.75, 1], "rotation": 180, "texture": "#1"},
				"down": {"uv": [0, 0, 0.75, 1], "texture": "#1"}
			}
		},
		{
			"from": [7.67, 8, 5.5],
			"to": [8.42, 8.25, 10.5],
			"faces": {
				"north": {"uv": [0, 0, 0.75, 0.25], "rotation": 180, "texture": "#1"},
				"east": {"uv": [0, 0, 0.25, 5], "rotation": 270, "texture": "#1"},
				"south": {"uv": [0, 0, 0.75, 0.25], "texture": "#1"},
				"west": {"uv": [0, 0, 0.25, 5], "rotation": 90, "texture": "#1"},
				"up": {"uv": [0, 0, 0.75, 5], "rotation": 180, "texture": "#1"},
				"down": {"uv": [0, 0, 0.75, 5], "texture": "#1"}
			}
		},
		{
			"from": [7.5, 3, 0.5],
			"to": [8.5, 6, 1],
			"faces": {
				"north": {"uv": [0, 0, 1, 3], "rotation": 180, "texture": "#2"},
				"east": {"uv": [0, 0, 3, 0.5], "rotation": 270, "texture": "#2"},
				"south": {"uv": [0, 0, 1, 3], "texture": "#2"},
				"west": {"uv": [0, 0, 3, 0.5], "rotation": 90, "texture": "#2"},
				"up": {"uv": [0, 0, 1, 0.5], "rotation": 180, "texture": "#2"},
				"down": {"uv": [0, 0, 1, 0.5], "texture": "#2"}
			}
		},
		{
			"from": [8.75, -2.25, 0.5],
			"to": [9.75, 0.25, 1],
			"rotation": {"angle": 22.5, "axis": "z", "origin": [-0.08551, -1.09743, 0]},
			"faces": {
				"north": {"uv": [0, 0, 1, 2.5], "rotation": 180, "texture": "#2"},
				"east": {"uv": [0, 0, 2.5, 0.5], "rotation": 270, "texture": "#2"},
				"south": {"uv": [0, 0, 1, 2.5], "texture": "#2"},
				"west": {"uv": [0, 0, 2.5, 0.5], "rotation": 90, "texture": "#2"},
				"up": {"uv": [0, 0, 1, 0.5], "rotation": 180, "texture": "#2"},
				"down": {"uv": [0, 0, 1, 0.5], "texture": "#2"}
			}
		},
		{
			"from": [5, 3.90257, 0.5],
			"to": [6, 6.40257, 1],
			"rotation": {"angle": -22.5, "axis": "z", "origin": [-0.08551, -1.09743, 0]},
			"faces": {
				"north": {"uv": [0, 0, 1, 2.5], "rotation": 180, "texture": "#2"},
				"east": {"uv": [0, 0, 2.5, 0.5], "rotation": 270, "texture": "#2"},
				"south": {"uv": [0, 0, 1, 2.5], "texture": "#2"},
				"west": {"uv": [0, 0, 2.5, 0.5], "rotation": 90, "texture": "#2"},
				"up": {"uv": [0, 0, 1, 0.5], "rotation": 180, "texture": "#2"},
				"down": {"uv": [0, 0, 1, 0.5], "texture": "#2"}
			}
		},
		{
			"from": [7.25, 5.25, 0],
			"to": [8.75, 6.75, 5],
			"faces": {
				"north": {"uv": [0, 0, 1.5, 1.5], "rotation": 180, "texture": "#3"},
				"east": {"uv": [0, 0, 1.5, 5], "rotation": 270, "texture": "#3"},
				"south": {"uv": [0, 0, 1.5, 1.5], "texture": "#3"},
				"west": {"uv": [0, 0, 1.5, 5], "rotation": 90, "texture": "#3"},
				"up": {"uv": [0, 0, 1.5, 5], "rotation": 180, "texture": "#3"},
				"down": {"uv": [0, 0, 1.5, 5], "texture": "#3"}
			}
		},
		{
			"from": [7.125, 4.5, 9],
			"to": [8.875, 6, 9.5],
			"faces": {
				"north": {"uv": [0, 0, 1.75, 1.5], "rotation": 180, "texture": "#3"},
				"east": {"uv": [0, 0, 1.5, 0.5], "rotation": 270, "texture": "#3"},
				"south": {"uv": [0, 0, 1.75, 1.5], "texture": "#3"},
				"west": {"uv": [0, 0, 1.5, 0.5], "rotation": 90, "texture": "#3"},
				"up": {"uv": [0, 0, 1.75, 0.5], "rotation": 180, "texture": "#3"},
				"down": {"uv": [0, 0, 1.75, 0.5], "texture": "#3"}
			}
		},
		{
			"from": [7.75, 8.5, 7.5],
			"to": [8.25, 10, 8],
			"rotation": {"angle": 22.5, "axis": "x", "origin": [0, 0, 0]},
			"faces": {
				"north": {"uv": [0, 0, 0.5, 1.5], "rotation": 180, "texture": "#3"},
				"east": {"uv": [0, 0, 1.5, 0.5], "rotation": 270, "texture": "#3"},
				"south": {"uv": [0, 0, 0.5, 1.5], "texture": "#3"},
				"west": {"uv": [0, 0, 1.5, 0.5], "rotation": 90, "texture": "#3"},
				"up": {"uv": [0, 0, 0.5, 0.5], "rotation": 180, "texture": "#3"},
				"down": {"uv": [0, 0, 0.5, 0.5], "texture": "#3"}
			}
		},
		{
			"from": [7.125, 4, 9],
			"to": [8.875, 4.5, 11.5],
			"faces": {
				"north": {"uv": [0, 0, 1.75, 0.5], "rotation": 180, "texture": "#3"},
				"east": {"uv": [0, 0, 2.5, 0.5], "rotation": 180, "texture": "#3"},
				"south": {"uv": [0, 0, 1.75, 0.5], "rotation": 180, "texture": "#3"},
				"west": {"uv": [0, 0, 2.5, 0.5], "rotation": 180, "texture": "#3"},
				"up": {"uv": [0, 0, 1.75, 2.5], "texture": "#3"},
				"down": {"uv": [0, 0, 1.75, 2.5], "texture": "#3"}
			}
		},
		{
			"from": [7, 4, 15],
			"to": [9, 6.5, 17],
			"faces": {
				"north": {"uv": [0, 0, 2, 2.5], "rotation": 180, "texture": "#3"},
				"east": {"uv": [0, 0, 2.5, 2], "rotation": 270, "texture": "#3"},
				"south": {"uv": [0, 0, 2, 2.5], "texture": "#3"},
				"west": {"uv": [0, 0, 2.5, 2], "rotation": 90, "texture": "#3"},
				"up": {"uv": [0, 0, 2, 2], "rotation": 180, "texture": "#3"},
				"down": {"uv": [0, 0, 2, 2], "texture": "#3"}
			}
		},
		{
			"from": [6.75, 3.75, 17],
			"to": [9.25, 6.75, 17.5],
			"faces": {
				"north": {"uv": [0, 0, 2.5, 3], "rotation": 180, "texture": "#3"},
				"east": {"uv": [0, 0, 3, 0.5], "rotation": 270, "texture": "#3"},
				"south": {"uv": [0, 0, 2.5, 3], "texture": "#3"},
				"west": {"uv": [0, 0, 3, 0.5], "rotation": 90, "texture": "#3"},
				"up": {"uv": [0, 0, 2.5, 0.5], "rotation": 180, "texture": "#3"},
				"down": {"uv": [0, 0, 2.5, 0.5], "texture": "#3"}
			}
		},
		{
			"from": [10, 5.75, 10.25],
			"to": [10.25, 6, 12],
			"faces": {
				"north": {"uv": [0, 0, 0.25, 0.25], "texture": "#4"},
				"east": {"uv": [0, 0, 1.75, 0.25], "texture": "#4"},
				"south": {"uv": [0, 0, 0.25, 0.25], "texture": "#4"},
				"west": {"uv": [0, 0, 1.75, 0.25], "texture": "#4"},
				"up": {"uv": [0, 0, 0.25, 1.75], "texture": "#4"},
				"down": {"uv": [0, 0, 0.25, 1.75], "texture": "#4"}
			}
		},
		{
			"from": [10.025, 5.775, 9.5],
			"to": [10.225, 5.975, 10.25],
			"faces": {
				"north": {"uv": [0, 0, 0.2, 0.2], "texture": "#5"},
				"east": {"uv": [0, 0, 0.75, 0.2], "texture": "#5"},
				"south": {"uv": [0, 0, 0.2, 0.2], "texture": "#5"},
				"west": {"uv": [0, 0, 0.75, 0.2], "texture": "#5"},
				"up": {"uv": [0, 0, 0.2, 0.75], "texture": "#5"},
				"down": {"uv": [0, 0, 0.2, 0.75], "texture": "#5"}
			}
		}
	],
	"display": {
		"thirdperson_righthand": {
			"translation": [0, 2.75, 1.5],
			"scale": [0.98828, 0.98828, 0.98828]
		},
		"thirdperson_lefthand": {
			"translation": [0, 3, -2],
			"scale": [0.83008, 0.83008, 0.83008]
		},
		"firstperson_righthand": {
			"rotation": [0, 0, 27.25],
			"translation": [-9.75, 4, -2.75]
		},
		"firstperson_lefthand": {
			"translation": [3.25, 2.75, -3]
		},
		"ground": {
			"translation": [0, 4, 0],
			"scale": [0.68164, 0.68164, 0.68164]
		},
		"gui": {
			"rotation": [65.64, 48.34, -50.04],
			"translation": [1.5, -1, 0],
			"scale": [0.50977, 0.50977, 0.50977]
		},
		"fixed": {
			"rotation": [180, -90, 180],
			"translation": [-3.75, 0, -1],
			"scale": [0.91211, 0.91211, 0.91211]
		}
	}
}